logit,xgb,rf,extra_trees,catboost,hgb,ensemble_probability,prediction_variance,prediction_std,ensemble_prediction,actual_label,correct,error,error_type,probability_bin,uncertainty_quartile
0.2105690132704076,0.1438407280305667,0.1614663997467361,0.1699444925534228,0.1301886488077616,0.1572812159334315,0.1622150830570544,0.0005408656175852,0.0577248785562586,0,1,0,1,false_negative,"(0.1, 0.2]",Q3
0.1938819253070263,0.1655210548749047,0.1751980034878323,0.2197288402774463,0.1667055600010546,0.188489082415989,0.1849207443940422,0.0003010445607515,0.0631775190395866,0,1,0,1,false_negative,"(0.1, 0.2]",Q2
0.1755950452637176,0.1758866376423182,0.2033707681007743,0.2423776219822315,0.2021733432100956,0.1751168125707661,0.1957533714616506,0.0004999963280031,0.0678770669431764,0,1,0,1,false_negative,"(0.1, 0.2]",Q2
0.1785126348736204,0.1648616467977537,0.1878214849289212,0.2457387206047663,0.1867832558812916,0.1708278181102812,0.1890909268661057,0.0006069155398856,0.0664584959665802,0,1,0,1,false_negative,"(0.1, 0.2]",Q3
0.221415608239186,0.1657601071573853,0.208189020683307,0.2048584507898125,0.1486697189034427,0.2050674702489393,0.1923267293370122,0.0005755522368753,0.0672693423276015,0,1,0,1,false_negative,"(0.1, 0.2]",Q3
0.1907014520129675,0.1213509838181013,0.1833753548866199,0.2331884705460658,0.1247161414620406,0.1251408003774794,0.1630788671838791,0.0015346461396163,0.0647852137943263,0,1,0,1,false_negative,"(0.1, 0.2]",Q4_high
0.1173210417113631,0.1366031009388202,0.1360541806724159,0.1600531900535081,0.1381776038463944,0.1361747044062699,0.1373973036047953,0.0001315548338205,0.0466469906574815,0,1,0,1,false_negative,"(0.1, 0.2]",Q1_low
0.1950569014286889,0.1789107964762255,0.182710354217062,0.2010755374403129,0.1845944821627742,0.1817344410035584,0.1873470854547703,5.423721531287486e-05,0.0623231950537202,0,1,0,1,false_negative,"(0.1, 0.2]",Q1_low
0.1962701503440932,0.1430433430279525,0.1538799632393723,0.1575302455661281,0.1263343817450667,0.1292721030803206,0.1510550311671556,0.0004634441793765,0.0537205815635363,0,1,0,1,false_negative,"(0.1, 0.2]",Q2
0.1510203449999366,0.142359865496817,0.1511501356403622,0.1587409902835435,0.1684938584374927,0.155055845311268,0.15447017336157,5.497573638520104e-05,0.0515368518090674,0,1,0,1,false_negative,"(0.1, 0.2]",Q1_low
0.1928392090098103,0.1718179886403646,0.1965039593764303,0.2159194443509333,0.177246605733321,0.1649146449442181,0.1865403086758462,0.0002532675781657,0.0633816584450629,0,1,0,1,false_negative,"(0.1, 0.2]",Q1_low
0.1223267946067054,0.1364761632567631,0.1287252999562757,0.1397949908113123,0.1165190400637606,0.0929984923138876,0.1228067968347841,0.0002055400425603,0.0427067982645566,0,1,0,1,false_negative,"(0.1, 0.2]",Q1_low
0.1670616920637314,0.1461251760909143,0.1617648074534181,0.2107422201899198,0.1487279398500484,0.1358808849060165,0.1617171200923414,0.0005016236761332,0.0572854666146514,0,1,0,1,false_negative,"(0.1, 0.2]",Q2
0.2025793589788867,0.1911033269653113,0.1865734829293981,0.1788892873446905,0.2076272074021527,0.2030823524574417,0.1949758360129802,8.970846858669675e-05,0.0650586145820638,0,1,0,1,false_negative,"(0.1, 0.2]",Q1_low
0.1002868812666896,0.1486041105972222,0.1557240351535703,0.1706886672126698,0.133964638984207,0.121695650596171,0.138493997301755,0.0004568669457745,0.04983790827237,0,1,0,1,false_negative,"(0.1, 0.2]",Q2
0.1761287871124305,0.1759433759799924,0.202444327206499,0.2346482175238763,0.2014698472990053,0.1823767640896627,0.1955018865352444,0.0003637672033744,0.0669565113879454,0,1,0,1,false_negative,"(0.1, 0.2]",Q2
0.1443948353372205,0.1488148900686614,0.1380879284229991,0.1294491992568964,0.1551916232033439,0.146627273205816,0.1437609582491562,5.740422894080635e-05,0.0480510173030596,0,1,0,1,false_negative,"(0.1, 0.2]",Q1_low
0.2107473004690575,0.1676049052000736,0.2036795272225244,0.2124753985097448,0.1655684209078555,0.1744551858194294,0.1890884563547809,0.0003511173692851,0.064833326520207,0,1,0,1,false_negative,"(0.1, 0.2]",Q2
0.2026682850567561,0.1426915594049699,0.1728113552577878,0.1728453906856517,0.1321821366523051,0.1338238907534308,0.1595037696351502,0.0005581206142848,0.0570225818479234,0,1,0,1,false_negative,"(0.1, 0.2]",Q3
0.1917587544515167,0.2007042868343311,0.2226891289349635,0.1983714849516916,0.1956933830488901,0.1899023985504752,0.199853239461978,0.0001008917219841,0.0667266976442654,0,1,0,1,false_negative,"(0.1, 0.2]",Q1_low
0.2329832199941737,0.1305121343396994,0.1463782752431882,0.2037303121796715,0.1144877765712569,0.1491222759467911,0.1628689990457968,0.0014906109484938,0.0644417253864197,0,1,0,1,false_negative,"(0.1, 0.2]",Q4_high
0.1506683332806472,0.1226843000931708,0.1399453782924256,0.1648201598431125,0.1089773199105467,0.1033492257843594,0.1317407862007104,0.0004180126244947,0.0474553084145287,0,1,0,1,false_negative,"(0.1, 0.2]",Q2
0.1164172200122558,0.1150922080023646,0.1185222419289576,0.1129818473981965,0.0930719156298042,0.1001364463186588,0.1093703132150396,7.572885934472857e-05,0.0370510541579313,0,1,0,1,false_negative,"(0.1, 0.2]",Q1_low
0.1580110406862386,0.1170878879314193,0.1088126060506314,0.116385510222214,0.1087052577313695,0.1034178548510499,0.1187366929121538,0.0002835007146213,0.0422222821822372,0,1,0,1,false_negative,"(0.1, 0.2]",Q2
0.1340213121933064,0.120452140081556,0.1284784294458409,0.1543497463878177,0.1136575379701009,0.1224740454116079,0.1289055352483716,0.0001455838351414,0.0440536906767408,0,1,0,1,false_negative,"(0.1, 0.2]",Q1_low
0.1310384211830808,0.0999186916609365,0.1120818021096606,0.1242072424310267,0.0783511121323625,0.0677518409806011,0.1022248517496114,0.0004534670061593,0.0391104317152727,0,1,0,1,false_negative,"(0.1, 0.2]",Q2
0.1905188876878418,0.1800602591408951,0.1933595722646965,0.1897278921293493,0.1953485485212948,0.2008578497604392,0.1916455015840861,3.438318302846805e-05,0.0636063581621762,0,1,0,1,false_negative,"(0.1, 0.2]",Q1_low
0.2052179652267164,0.1445736859122179,0.1414442086302917,0.1463075616359228,0.1318110838310714,0.1469796619722173,0.1527223612014063,0.0004943994065042,0.0544718725051411,0,1,0,1,false_negative,"(0.1, 0.2]",Q2
0.1485730898901006,0.1471744709339348,0.1844835292972561,0.1475950303621471,0.1259816246550699,0.1517380921263808,0.1509243062108149,0.0002542420893343,0.052013795429572,0,1,0,1,false_negative,"(0.1, 0.2]",Q1_low
0.1809797845514675,0.1536063859873745,0.1584827321416552,0.1771722456915032,0.1867018393179668,0.1723047835785289,0.171541295211416,0.000120486390678,0.0576144097854519,0,1,0,1,false_negative,"(0.1, 0.2]",Q1_low
0.1422889719424102,0.1601697292705741,0.1455907929965419,0.197786314880328,0.1627027528586028,0.1486830256335883,0.1595369312636742,0.000297604621069,0.0550803391685439,0,1,0,1,false_negative,"(0.1, 0.2]",Q2
0.2472484458670455,0.2037350372823461,0.1907181134386227,0.1878727980583207,0.1748807950057751,0.1806261486368682,0.1975135563814964,0.0004926878214855,0.068386662229855,0,1,0,1,false_negative,"(0.1, 0.2]",Q2
0.148985955459559,0.1094241470563068,0.118189052495366,0.1411774235022626,0.0763955020851979,0.0946902064983062,0.1148103811828331,0.0005405917287348,0.0436026501277341,0,1,0,1,false_negative,"(0.1, 0.2]",Q3
0.1875921874996989,0.1571377933937739,0.158191947253673,0.1841225612830196,0.1422745739427335,0.1547664224456439,0.1640142476364238,0.000228512001953,0.0559822854920764,0,1,0,1,false_negative,"(0.1, 0.2]",Q1_low
0.1530452065410499,0.1259029903755401,0.1220592163846657,0.1555634263262028,0.1105530442091737,0.1147895520636712,0.1303189059833839,0.0002676204931628,0.0456515514558262,0,1,0,1,false_negative,"(0.1, 0.2]",Q1_low
0.2157823796045658,0.1766407070025817,0.187309510320569,0.1713007818460027,0.1698746025821485,0.1899047316651015,0.1851354521701615,0.0002090227207857,0.0626360721906546,0,1,0,1,false_negative,"(0.1, 0.2]",Q1_low
0.1685157349609931,0.1540358350217522,0.1589769369361847,0.1481991650757475,0.1604997382658741,0.1428607597302634,0.1555146949984692,6.024155691046176e-05,0.0519218368154662,0,1,0,1,false_negative,"(0.1, 0.2]",Q1_low
0.2431336137778273,0.1613105984431964,0.1921934596159046,0.1934174061156357,0.167611915018577,0.1846601035188541,0.1903878494149992,0.0005987986978538,0.0668103558454618,0,1,0,1,false_negative,"(0.1, 0.2]",Q3
0.1218686709772328,0.1220278182491446,0.1384284127228574,0.2015770816722374,0.109887165185353,0.1117501835069191,0.134256555385624,0.0008504090427276,0.0518717326632455,0,1,0,1,false_negative,"(0.1, 0.2]",Q3
0.1237835804699286,0.1596103047443837,0.131255572785195,0.1323387051906859,0.1565580050087046,0.1484399349349813,0.1419976838556465,0.0001577360495522,0.0483579127332029,0,1,0,1,false_negative,"(0.1, 0.2]",Q1_low
0.2095956371987579,0.1233655693698643,0.1710840881216067,0.1489335449414439,0.110514142350112,0.1200327183399429,0.1472542833869546,0.0010169494475077,0.0568230083687026,0,1,0,1,false_negative,"(0.1, 0.2]",Q3
0.2036853223658392,0.151340281363567,0.1705118373538956,0.2506508452521991,0.1319910362362929,0.1629397481675968,0.1785198451232318,0.0012923869680909,0.0675741113613903,0,1,0,1,false_negative,"(0.1, 0.2]",Q4_high
0.1543058165993429,0.1357528960510947,0.136537568922927,0.1379057801265598,0.1306978316092899,0.1314090279115795,0.137768153536799,5.278811039285197e-05,0.0460493599479983,0,1,0,1,false_negative,"(0.1, 0.2]",Q1_low
0.1918263993188068,0.1580182710090643,0.170043290206982,0.2064150667901903,0.1598530810239721,0.1645998095006044,0.17512598630827,0.0002743543012218,0.0598664520747428,0,1,0,1,false_negative,"(0.1, 0.2]",Q2
0.1870318804390213,0.1375867565987731,0.1558006330739952,0.1887202940750674,0.1417098937899244,0.1484487878749966,0.1598830409752963,0.0003633489177745,0.055687922904435,0,1,0,1,false_negative,"(0.1, 0.2]",Q2
0.1891508530887163,0.2307764271589569,0.1584278818771461,0.1949338174967865,0.1998311350400446,0.1871903261307427,0.1933850734653988,0.0003886246299159,0.0664379861361619,0,1,0,1,false_negative,"(0.1, 0.2]",Q2
0.1475393859674785,0.1964728980482334,0.1742084713651952,0.1879431897386693,0.2241025719247341,0.1819681987630056,0.1853724526345527,0.0004567735819302,0.0643399150878247,0,1,0,1,false_negative,"(0.1, 0.2]",Q2
0.2525713884233816,0.1657993311527202,0.1503535768843974,0.1630505564036763,0.1559403058242735,0.1854827706606351,0.1788663215581807,0.0010336682503245,0.06605591737495,0,1,0,1,false_negative,"(0.1, 0.2]",Q3
0.2499703947378733,0.188736284937985,0.1845345553331713,0.1563862307137403,0.2110356633235742,0.2027851516215081,0.1989080467779754,0.0006982344629809,0.0700570122530292,0,1,0,1,false_negative,"(0.1, 0.2]",Q3
0.186304437528127,0.1427927896789148,0.1371275708044698,0.1856299123728886,0.1173308503545147,0.1082776712908109,0.1462438720049543,0.0007897887457607,0.054818792700361,0,1,0,1,false_negative,"(0.1, 0.2]",Q3
0.1780327108365637,0.1851616583752278,0.188963588807953,0.1654059942649504,0.2067095762650178,0.1996471430674666,0.1873201119361965,0.0001573930477096,0.0630008921146974,0,1,0,1,false_negative,"(0.1, 0.2]",Q1_low
0.1805395130647994,0.1576640341134386,0.2091506589155193,0.1707050950139267,0.1695940955331961,0.1604186840142914,0.1746786801091952,0.0002510221045092,0.0595598822865896,0,1,0,1,false_negative,"(0.1, 0.2]",Q1_low
0.1332259006352334,0.1229435187044079,0.1412799675754071,0.1515035676143462,0.1104448160359385,0.1028591488184599,0.1270428198972988,0.0002452004270854,0.0444189356510785,0,1,0,1,false_negative,"(0.1, 0.2]",Q1_low
0.1180059767115871,0.1014666756279681,0.1014967145377583,0.1398852394964774,0.0827220323422841,0.0847684521648888,0.104724181813494,0.0003308656674039,0.0384898989522052,0,1,0,1,false_negative,"(0.1, 0.2]",Q2
0.1768348861149383,0.1549957141679032,0.1736813769258523,0.1944402087241778,0.1576295536760719,0.1493768874322711,0.1678264378402024,0.0002046735827923,0.0570281059552188,0,1,0,1,false_negative,"(0.1, 0.2]",Q1_low
0.1795386814737428,0.1785386592893987,0.1582105482300944,0.1347062834729499,0.1900807278949072,0.1559241742697793,0.1661665124384787,0.0002945319267879,0.0571577293182288,0,1,0,1,false_negative,"(0.1, 0.2]",Q2
0.1852415767624999,0.1822190890636551,0.209850878206293,0.1628804357409229,0.1790089217465063,0.1908640702824705,0.1850108286337246,0.0001692732472807,0.0623302828225722,0,1,0,1,false_negative,"(0.1, 0.2]",Q1_low
0.1734285856540051,0.1659824215992179,0.1667462069592921,0.1421202493457559,0.1741640616702134,0.1496852387657264,0.1620211273323685,0.0001234026115441,0.0545416496723678,0,1,0,1,false_negative,"(0.1, 0.2]",Q1_low
0.1287892302595371,0.1562336986589022,0.1280328234134669,0.1578117428881134,0.1811723919329009,0.1573476056232224,0.1515645821293572,0.0002919076785518,0.052519458335607,0,1,0,1,false_negative,"(0.1, 0.2]",Q2
0.1912663953824938,0.1819790975456249,0.1415149979397885,0.1580375738562205,0.1756401759271103,0.1432794163364691,0.1652862761646178,0.0003089627648026,0.0569847173022754,0,1,0,1,false_negative,"(0.1, 0.2]",Q2
0.2085992632488523,0.1655361627274567,0.1917044384515516,0.1762780433555752,0.1735188988028359,0.1524715885406571,0.1780180658544882,0.0002791738600303,0.0608239688894344,0,1,0,1,false_negative,"(0.1, 0.2]",Q2
0.1399830845492943,0.1926228772470865,0.1613733314282476,0.1614230593653813,0.1960613418768625,0.1896907488074131,0.1735257405457142,0.0003647324514361,0.0599893428491174,0,1,0,1,false_negative,"(0.1, 0.2]",Q2
0.1908294019872667,0.1580769794719567,0.1807934206371443,0.1985408463282619,0.1573934872765356,0.1591369626705762,0.1741285163952902,0.0002402517287361,0.0593077246405408,0,1,0,1,false_negative,"(0.1, 0.2]",Q1_low
0.1858375997902654,0.1622140834547587,0.2099049041785473,0.1865507742403716,0.1668151438714529,0.1494776184590991,0.1768000206657491,0.0003330927621947,0.0608067162189101,0,1,0,1,false_negative,"(0.1, 0.2]",Q2
0.2522351703837504,0.1367242228683767,0.1196597583022821,0.1642277376444463,0.1300586999424097,0.1441196345872291,0.1578375372880824,0.0016878439010743,0.0643717651704434,0,1,0,1,false_negative,"(0.1, 0.2]",Q4_high
0.1443226125216133,0.1328674794686276,0.1478405721931763,0.1562806217481867,0.1372834570261387,0.1355968702817202,0.1423652688732438,5.561303156497323e-05,0.0475786514606469,0,1,0,1,false_negative,"(0.1, 0.2]",Q1_low
0.2416176297706941,0.204095295601524,0.155830342275718,0.1830718797417216,0.2266578452993682,0.1565996066031821,0.194645433215368,0.0009155035747214,0.0700432009162908,0,1,0,1,false_negative,"(0.1, 0.2]",Q3
0.212054371871518,0.176539461444925,0.1745101436312868,0.1755469435719941,0.1736525790360143,0.1690303461017911,0.1802223076095882,0.0001785361218813,0.060841538594376,0,1,0,1,false_negative,"(0.1, 0.2]",Q1_low
0.1499235173094065,0.1599035819879581,0.1827623097906942,0.1850365223334733,0.1778812103010897,0.1467683829556423,0.1670459207797107,0.0002062054815779,0.05678852508068,0,1,0,1,false_negative,"(0.1, 0.2]",Q1_low
0.1295827410996256,0.1445791517891193,0.1407411399413619,0.1582842834520821,0.1293028093111883,0.1492342912640427,0.1419540694762366,9.159198893545772e-05,0.0477630690577574,0,1,0,1,false_negative,"(0.1, 0.2]",Q1_low
0.2386323438386622,0.1615177534968747,0.1656504601271841,0.1610296995351928,0.1982357726762434,0.1677391048795967,0.1821341890922923,0.0006858101642667,0.0648158411275018,0,1,0,1,false_negative,"(0.1, 0.2]",Q3
0.0894943018339364,0.1007186363683003,0.0898730235329281,0.1257137593031554,0.0809305536944199,0.0773473818958942,0.094012942771439,0.0002194792808392,0.0339741023340613,0,1,0,1,false_negative,"(-0.001, 0.1]",Q1_low
0.193935806027047,0.1794620521685076,0.2306887149809137,0.2125303772258032,0.1706905173355958,0.1892823095790744,0.1960982962194903,0.0003485663197057,0.0670523828801957,0,1,0,1,false_negative,"(0.1, 0.2]",Q2
0.1747792244223146,0.1421148368824327,0.1544807826504315,0.2507461404230935,0.160787671858554,0.1134387200512011,0.1660578960480046,0.001536001840909,0.0656087216483713,0,1,0,1,false_negative,"(0.1, 0.2]",Q4_high
0.1456511459670757,0.1855380473762726,0.2264624189422774,0.2092652154840075,0.1956061674914118,0.2258296476768744,0.1980587738229866,0.0006589880216325,0.0695600075083967,0,1,0,1,false_negative,"(0.1, 0.2]",Q3
0.2976130090731172,0.1546342576908866,0.1625683696044979,0.154493435196672,0.1223741644112523,0.2060857929717945,0.1829615048247034,0.002768467118535,0.0772901265628411,0,1,0,1,false_negative,"(0.1, 0.2]",Q4_high
0.1791034723217474,0.1683712162091514,0.187538850041017,0.202629528828876,0.1398387095434172,0.1597682299859123,0.1728750011550202,0.0003460889038693,0.0596532372280938,0,1,0,1,false_negative,"(0.1, 0.2]",Q2
0.2214182765040311,0.1619451524780946,0.1890547332736877,0.1889681515668872,0.175847949956807,0.1795857999988424,0.1861366772963917,0.0002850464737928,0.0634611597859686,0,1,0,1,false_negative,"(0.1, 0.2]",Q2
0.2169566867146473,0.1417729361162101,0.1661812009185489,0.1743776194301377,0.1368381406580268,0.1875843184789797,0.1706184837194251,0.0006345809113909,0.0609556987613302,0,1,0,1,false_negative,"(0.1, 0.2]",Q3
0.1333094158064563,0.1313110234328064,0.1223730359581844,0.1364765154704099,0.1182927199331752,0.1202370411553454,0.1269999586260629,4.159444729264062e-05,0.0424187224091984,0,1,0,1,false_negative,"(0.1, 0.2]",Q1_low
0.1727959616129423,0.1931582573078165,0.1526589394468658,0.2504419682557634,0.2191900540532911,0.1868482123052343,0.1958488988303189,0.0008586107388646,0.0700703539895726,0,1,0,1,false_negative,"(0.1, 0.2]",Q3
0.1722810474855646,0.1430235581169614,0.1483079750427758,0.1541861863549836,0.1042288123281301,0.1419686242476265,0.1439993672626737,0.0003584231401336,0.0506983637627962,0,1,0,1,false_negative,"(0.1, 0.2]",Q2
0.2105427947279143,0.1932400141046105,0.1569091920124636,0.1546411686110636,0.1776465229182609,0.1479778185046649,0.1734929184798296,0.0004373317612635,0.0604834986913155,0,1,0,1,false_negative,"(0.1, 0.2]",Q2
0.1479790419730863,0.1605670892139112,0.2005913065327618,0.2869942042088028,0.1586445152401145,0.1630117263611667,0.1862979805883072,0.0019687731753137,0.0737491625753393,0,1,0,1,false_negative,"(0.1, 0.2]",Q4_high
0.2233416991289661,0.1654061949200687,0.2068800169654298,0.2328717747801532,0.1639713340271892,0.1749713528433574,0.1945737287775274,0.0006596122732528,0.0684832414901169,0,1,0,1,false_negative,"(0.1, 0.2]",Q3
0.1543819116375805,0.1384699687758544,0.1206401061831336,0.1500883231386016,0.1338694692876794,0.1273274264054013,0.1374628675713751,0.0001207593446871,0.0465702604518733,0,1,0,1,false_negative,"(0.1, 0.2]",Q1_low
0.1387370846278318,0.2186366221488793,0.1691651125129361,0.1492022162297988,0.1821588753729043,0.1873280290185571,0.1742046566518179,0.0005883085361617,0.0617383253584449,0,1,0,1,false_negative,"(0.1, 0.2]",Q3
0.2054532104180492,0.1823684006324732,0.1722391885011527,0.1841856385613216,0.2235036670111784,0.1995726390236248,0.1945537906913,0.0002480007583256,0.0659274248791542,0,1,0,1,false_negative,"(0.1, 0.2]",Q1_low
0.1825785999110995,0.1567190839044052,0.1520922336574683,0.1667852813536463,0.1565495151768866,0.1442182563558805,0.1598238283932311,0.0001271304936144,0.0538575312286236,0,1,0,1,false_negative,"(0.1, 0.2]",Q1_low
0.2001649394588935,0.1505028820120058,0.1689528635777234,0.1259748906104353,0.1563581088365041,0.1986192402502075,0.1667621541242949,0.0005959468807676,0.0595099104575866,0,1,0,1,false_negative,"(0.1, 0.2]",Q3
0.1379998396660738,0.1138287848098496,0.1281569339683479,0.1210689903888004,0.1183702082538219,0.1326752932162833,0.1253500083838628,6.019145402187048e-05,0.0420664446533353,0,1,0,1,false_negative,"(0.1, 0.2]",Q1_low
0.1208572921924327,0.1693122311619999,0.1991754112614005,0.218739043438201,0.1583281493733462,0.1592455995106323,0.1709429544896688,0.0008412474260137,0.0624564837354973,0,1,0,1,false_negative,"(0.1, 0.2]",Q3
0.1682283501447327,0.1690016716743265,0.1949694578592524,0.2534555587405908,0.1792439610037491,0.1435031639751539,0.1847336938996342,0.0010110688902774,0.0676500506325845,0,1,0,1,false_negative,"(0.1, 0.2]",Q3
0.1847850585204319,0.1946783808095076,0.1778600795852008,0.179747890501162,0.187396822037207,0.2081450642685073,0.1887688826203361,8.978461018386858e-05,0.0630261047542714,0,1,0,1,false_negative,"(0.1, 0.2]",Q1_low
0.1852491650461728,0.1555918682066664,0.1660570699672303,0.1488710721586006,0.132686235180302,0.165729797948506,0.1590308680845797,0.0002272471608661,0.0543794496940653,0,1,0,1,false_negative,"(0.1, 0.2]",Q1_low
0.2726739754242414,0.165613428588018,0.2141346400792768,0.1873233823680407,0.1550662777220156,0.1695950739907133,0.194067796362051,0.0013652543379378,0.0724993675449142,0,1,0,1,false_negative,"(0.1, 0.2]",Q4_high
0.220784158303839,0.1733456262616359,0.1928440707116743,0.2161310994625518,0.1772133266143222,0.1869124866026459,0.1945384613261115,0.0002807716617752,0.0661290834059954,0,1,0,1,false_negative,"(0.1, 0.2]",Q2
0.2702781932980241,0.1670366323509222,0.1656069064030437,0.1356908916643215,0.212874365340352,0.2091316618496919,0.1934364418177259,0.0016192584452975,0.0737643307893442,0,1,0,1,false_negative,"(0.1, 0.2]",Q4_high
0.2692527784046032,0.1721588090104295,0.1541055692374342,0.1449404906423817,0.1976016932596733,0.2078163640425945,0.1909792840995194,0.0014696478725886,0.0722082055180764,0,1,0,1,false_negative,"(0.1, 0.2]",Q4_high
0.2011406258180847,0.1686729628227799,0.1407728140831065,0.1793173067781274,0.175459141668293,0.1782565943911018,0.1739365742602489,0.0002739334404978,0.0594836193816348,0,1,0,1,false_negative,"(0.1, 0.2]",Q2
0.1598392637932515,0.136670189293619,0.1786645143635074,0.1900844077178903,0.1232266213318323,0.1353364659678252,0.1539702437446543,0.0005057378735029,0.0549404226827945,0,1,0,1,false_negative,"(0.1, 0.2]",Q2
0.2134979715834314,0.1709793736746906,0.2209404003386648,0.1956484481685713,0.187224783201551,0.1860024872311504,0.1957155773663433,0.0002472610318577,0.0662973482476042,0,1,0,1,false_negative,"(0.1, 0.2]",Q1_low
0.1870357390199946,0.1711063691066977,0.1948732891080085,0.2160673208960906,0.1678723734241857,0.1618119171429831,0.1831278347829934,0.000295692891619,0.0625689552976832,0,1,0,1,false_negative,"(0.1, 0.2]",Q2
0.1338414683510286,0.1637571004441358,0.1625775236089778,0.1985577773486294,0.1633213760686107,0.139491659848698,0.1602578176116801,0.0003747078770034,0.055890783922923,0,1,0,1,false_negative,"(0.1, 0.2]",Q2
0.2451876715763218,0.1597829373152357,0.1720846550207825,0.221606302614786,0.1757671910225209,0.1990475619009458,0.1955793865750988,0.0007680459746324,0.069447685297693,0,1,0,1,false_negative,"(0.1, 0.2]",Q3
0.1878958054593648,0.1324805520009836,0.1708031149008739,0.1755898333288607,0.1265282423406512,0.1475583674850429,0.1568093192526295,0.0004441880419762,0.0553433755860211,0,1,0,1,false_negative,"(0.1, 0.2]",Q2
0.2287745657629654,0.1447864779609046,0.1575694014119938,0.1978160060670217,0.1375551928240694,0.1454194156351248,0.1686535099436799,0.0009520590966556,0.0625227140883231,0,1,0,1,false_negative,"(0.1, 0.2]",Q3
0.0862279771239816,0.0976622121717678,0.1155371524734411,0.1251186100591063,0.0802904229418542,0.0738603310903746,0.0964494509767543,0.0002947989818041,0.0356258251402073,0,1,0,1,false_negative,"(-0.001, 0.1]",Q2
0.1917844686133155,0.1614626014667954,0.1627290375913759,0.1696358572173571,0.1449331059604419,0.1648562305584815,0.1659002169012945,0.0001649154218446,0.0561126927929814,0,1,0,1,false_negative,"(0.1, 0.2]",Q1_low
0.1763218776575817,0.1786222287620004,0.2073919394118351,0.1992472192679491,0.1824870210559911,0.1829897500075559,0.1878433393604856,0.000111745239534,0.0628688855665432,0,1,0,1,false_negative,"(0.1, 0.2]",Q1_low
0.110785078517791,0.1175314235031954,0.1502421058014531,0.1677819103504128,0.0997580248610788,0.0956110705237373,0.1236182689262781,0.0006021015408958,0.0467119712235063,0,1,0,1,false_negative,"(0.1, 0.2]",Q3
0.1026345933768709,0.1626690448179752,0.1371846216176555,0.1534116179202551,0.1541347746168432,0.1248999529960925,0.1391557675576154,0.0003601977083191,0.0492158103303722,0,1,0,1,false_negative,"(0.1, 0.2]",Q2
0.1954013055229492,0.1589835543817549,0.1908009700662656,0.2247858189524222,0.1610698324443474,0.1755014248109832,0.1844238176964537,0.0004374984537421,0.0639160427202316,0,1,0,1,false_negative,"(0.1, 0.2]",Q2
0.2392212370756818,0.1661164891591009,0.1775446517105825,0.1618318755526011,0.1793189038759766,0.1934718293556966,0.1862508311216066,0.000569076145008,0.065337138060837,0,1,0,1,false_negative,"(0.1, 0.2]",Q3
0.1323082477533734,0.1160650968886985,0.13011544716708,0.1432362234125933,0.0996231758973816,0.1052074664131707,0.1210926095887163,0.00020515600161,0.0421650720260531,0,1,0,1,false_negative,"(0.1, 0.2]",Q1_low
0.1223183492109948,0.1256382273421923,0.1507700227863329,0.1530804614187348,0.1044571542904324,0.1202898713307337,0.1294256810632368,0.0002552684110969,0.0452579412152061,0,1,0,1,false_negative,"(0.1, 0.2]",Q1_low
0.1361067957813957,0.1894977458155584,0.1994619632818358,0.2148666986145508,0.1955496780246726,0.1861456270282755,0.1869380847577148,0.0005145734766892,0.065203071438754,0,1,0,1,false_negative,"(0.1, 0.2]",Q2
0.1276752606416171,0.2173162949887672,0.1606508886673903,0.1370077198766621,0.1841491142667362,0.1872699003840129,0.1690115298041976,0.0008140994596434,0.0616976243922746,0,1,0,1,false_negative,"(0.1, 0.2]",Q3
0.0881640434386682,0.2484784826405934,0.1851141832167257,0.1915385490504362,0.2014957659513324,0.1668527480516361,0.180273962058232,0.0019881294775469,0.0722231911156685,0,1,0,1,false_negative,"(0.1, 0.2]",Q4_high
0.2024233087465672,0.1749075480725372,0.1739397767218683,0.1979906314596787,0.1949477614747177,0.1899850660981096,0.1890323487622465,0.0001032520201982,0.0632012581833652,0,1,0,1,false_negative,"(0.1, 0.2]",Q1_low
0.1530321663628318,0.1671063064080489,0.186477612742409,0.18172002407688,0.1784177822498371,0.1537664190447126,0.1700867184807866,0.0001484992307231,0.0573461182009183,0,1,0,1,false_negative,"(0.1, 0.2]",Q1_low
0.2772927350969429,0.1813226131652122,0.1420712089568616,0.1525140267020668,0.1437801181830277,0.2166977365374401,0.1856130731069252,0.0020187516705631,0.0738450888682353,0,1,0,1,false_negative,"(0.1, 0.2]",Q4_high
0.1614194061912254,0.14113168041886,0.1416060409193109,0.1410666186010677,0.1506355551688749,0.1282456398826778,0.1440174901970028,8.831819363565375e-05,0.0484050398845868,0,1,0,1,false_negative,"(0.1, 0.2]",Q1_low
0.1533010829598861,0.1387030259325943,0.2150321097004287,0.2290786263406976,0.1288966054220974,0.1309362564436942,0.1659912844665664,0.0014136536736507,0.0648032095108803,0,1,0,1,false_negative,"(0.1, 0.2]",Q4_high
0.2143418068747078,0.154865916842348,0.1512398354370786,0.185954213003955,0.1514806552595612,0.156272810953108,0.1690258730617931,0.0004753464722762,0.0593564921868671,0,1,0,1,false_negative,"(0.1, 0.2]",Q2
0.1526575500156072,0.1688950375545973,0.1746359135368033,0.2022304788339403,0.1495282545391834,0.1865635200736318,0.1724184590922939,0.0002886608381154,0.0591034155981639,0,1,0,1,false_negative,"(0.1, 0.2]",Q2
0.1287104826275182,0.1533039526784574,0.1436613517255852,0.1572045019115588,0.2143509634097538,0.1529175850091065,0.1583581395603299,0.0006123786822263,0.0570744143818177,0,1,0,1,false_negative,"(0.1, 0.2]",Q3
0.1055277683513707,0.1249640638182366,0.1172775414247604,0.1438846595042449,0.122194020110893,0.1084375462903812,0.1203809332499811,0.0001356585082855,0.0412328295983488,0,1,0,1,false_negative,"(0.1, 0.2]",Q1_low
0.2390645619960896,0.1839718666405086,0.1822200755412809,0.1782464637476827,0.16587992276407,0.1972093417796209,0.1910987054115421,0.00046697889828,0.0662068260710414,0,1,0,1,false_negative,"(0.1, 0.2]",Q2
0.114153071076066,0.1466092867161784,0.1519950203141946,0.1677624008180128,0.1445065991056579,0.1419118601628969,0.1444897063655011,0.0002184853832149,0.0496762137946311,0,1,0,1,false_negative,"(0.1, 0.2]",Q1_low
0.2164631265519125,0.1643647304889547,0.1752546853787729,0.1353394641257324,0.1521378337858925,0.1616676970601286,0.1675379228985656,0.0005388080241691,0.0593446211672886,0,1,0,1,false_negative,"(0.1, 0.2]",Q3
0.1571881050828595,0.1750017644974043,0.1472056970980819,0.1577661506769226,0.1843228712071784,0.1650160097545617,0.1644167663861681,0.0001287656323376,0.0553602838448886,0,1,0,1,false_negative,"(0.1, 0.2]",Q1_low
0.132985259341807,0.1272259034171805,0.1134601402458827,0.1438097328575841,0.1076770519117681,0.098653936937794,0.1206353374520027,0.0002050844743564,0.0420209864587361,0,1,0,1,false_negative,"(0.1, 0.2]",Q1_low
0.1939396441251113,0.1240904200153994,0.1242148568280116,0.1207025954096273,0.114385799755351,0.1391643884559175,0.136082950764903,0.0006212694807256,0.0505037375774968,0,1,0,1,false_negative,"(0.1, 0.2]",Q3
0.1139082231219019,0.1675148485816533,0.155780940386356,0.1648682917337979,0.1464563874031518,0.1467594545092177,0.1492146909560131,0.000269032816205,0.0515932864543665,0,1,0,1,false_negative,"(0.1, 0.2]",Q2
0.17633436130992,0.1313874954625943,0.1301992878942836,0.124741571165301,0.1270849166474473,0.1471384914689946,0.1394810206580901,0.0002770537222288,0.048599000008934,0,1,0,1,false_negative,"(0.1, 0.2]",Q2
0.1629433507688912,0.1400470970588294,0.145338150789572,0.1755547210956503,0.1471705340304117,0.1195485335299031,0.1484337312122096,0.0002659922449684,0.0513217969368406,0,1,0,1,false_negative,"(0.1, 0.2]",Q1_low
0.2204293938431113,0.1451658041089791,0.1637466510329703,0.1910699329791284,0.1335946228486483,0.1610611797646679,0.1691779307629175,0.000720586671962,0.0611092759782018,0,1,0,1,false_negative,"(0.1, 0.2]",Q3
0.2876815634688101,0.1251101483210586,0.1660435353395338,0.1790534205122939,0.115646782735777,0.1704143102342938,0.1739916267686279,0.0026886446534549,0.0745797687844549,0,1,0,1,false_negative,"(0.1, 0.2]",Q4_high
0.1255518165777826,0.2229038308793407,0.1851181812465469,0.1975700640577964,0.1806298840724833,0.1755057832514832,0.1812132600142389,0.0007360012930463,0.0648580612302754,0,1,0,1,false_negative,"(0.1, 0.2]",Q3
0.1925057503215973,0.1199968207619364,0.1148480693368875,0.1441222145573175,0.1219267037160496,0.1503137944251253,0.1406188921864856,0.0006053304991689,0.051709085599758,0,1,0,1,false_negative,"(0.1, 0.2]",Q3
0.1888236391406538,0.1428965085602206,0.1677371506581607,0.1563209686549558,0.1095120051156942,0.1512138894135522,0.1527506935905395,0.0005010927244073,0.0545322122857916,0,1,0,1,false_negative,"(0.1, 0.2]",Q2
0.2466646532958036,0.1564235106671099,0.2184627761996312,0.2123458934916471,0.1601105983755601,0.1727198065226541,0.1944545397587344,0.0009600937176134,0.0702502171624397,0,1,0,1,false_negative,"(0.1, 0.2]",Q3
0.1501135980611522,0.1307803326925224,0.1241533586145222,0.137436299840247,0.1395408901098463,0.1583253562502792,0.1400583059280949,0.0001115692569736,0.0473259148955407,0,1,0,1,false_negative,"(0.1, 0.2]",Q1_low
0.1236461853128484,0.1715043279824682,0.1297233399854003,0.145071973310444,0.1475706973409415,0.1270772473120132,0.1407656285406859,0.0002303000662364,0.048597205030741,0,1,0,1,false_negative,"(0.1, 0.2]",Q1_low
0.0966015175361098,0.1561922314325887,0.1170201481351282,0.1315610273212465,0.1480947479111643,0.1181496473267446,0.1279365532771637,0.0003449584093174,0.0456335568154449,0,1,0,1,false_negative,"(0.1, 0.2]",Q2
0.1156300878776195,0.1620101522844578,0.1474859995867555,0.1380042267698566,0.1525493329137379,0.1485236442952912,0.1440339072879531,0.0001815523630917,0.0492159515006212,0,1,0,1,false_negative,"(0.1, 0.2]",Q1_low
0.1345971598486315,0.1271783041999081,0.1291855548509821,0.1376021103679748,0.1082604953723843,0.1095788318652145,0.1244004094175159,0.0001127212757291,0.0422870394976118,0,1,0,1,false_negative,"(0.1, 0.2]",Q1_low
0.1204960662446473,0.0927362272700562,0.1074665361337923,0.1283996371887555,0.0662064438282367,0.0987546451248537,0.1023432592983903,0.0003493928346756,0.0379936755253759,0,1,0,1,false_negative,"(0.1, 0.2]",Q2
0.2614271558115724,0.1730827665253336,0.1670613795494065,0.1546260639125488,0.1632444751253309,0.1965675368436069,0.1860015629612998,0.0011183703853227,0.0686819328792233,0,1,0,1,false_negative,"(0.1, 0.2]",Q4_high
0.1776975626371931,0.1718415049818152,0.1658683815697955,0.2237012657552087,0.165894238352615,0.118011149917827,0.1705023505357424,0.0008116747858461,0.0621261652383906,0,1,0,1,false_negative,"(0.1, 0.2]",Q3
0.1775405103875195,0.1403484185188661,0.1423861264977393,0.1673356166744505,0.1092410540240422,0.1540210063976119,0.1484787887500383,0.0004105290114575,0.0525087926321189,0,1,0,1,false_negative,"(0.1, 0.2]",Q2
0.2201647716055017,0.1913623726889241,0.1640297494468925,0.2082216086907771,0.2039037716259201,0.1982803933780043,0.1976604445726699,0.0002611479651487,0.0670109205368258,0,1,0,1,false_negative,"(0.1, 0.2]",Q1_low
0.2060013745277852,0.1482548571053303,0.2112706026658338,0.239808174390762,0.1504031114983941,0.1843867422878666,0.190020810412662,0.0009330590512421,0.0687534716025747,0,1,0,1,false_negative,"(0.1, 0.2]",Q3
0.1813007478287495,0.1696209497182356,0.2149430677586756,0.2137887590962381,0.1620327295458266,0.1641744935024273,0.1843101245750255,0.0004191316108115,0.063760128026235,0,1,0,1,false_negative,"(0.1, 0.2]",Q2
0.0975187695726184,0.1350827758366947,0.1336056411147997,0.1349809701323565,0.1142571809244129,0.1204727912549764,0.1226530214726431,0.0001619158785171,0.042222584641668,0,1,0,1,false_negative,"(0.1, 0.2]",Q1_low
0.1566731543338544,0.1559500509295917,0.1896174363650223,0.1809344381240673,0.1586796144027066,0.1588874251687558,0.1667903532206663,0.0001527487265254,0.056309769260405,0,1,0,1,false_negative,"(0.1, 0.2]",Q1_low
0.1477882912787164,0.141755635623723,0.1754362286311911,0.1844327150478667,0.1351491101268236,0.0903267862995286,0.1458147945013083,0.0007974029264217,0.0547529780716744,0,1,0,1,false_negative,"(0.1, 0.2]",Q3
0.2062625928114969,0.1839109829050166,0.2132046541300704,0.2044450387461404,0.1856807067962306,0.1682041901767059,0.1936180275942768,0.0002091194356292,0.0653786720623926,0,1,0,1,false_negative,"(0.1, 0.2]",Q1_low
0.164393461333187,0.132497624137695,0.1324728800592554,0.1597398455151141,0.113013928633559,0.1437625190740216,0.140980043125472,0.0002620410464808,0.0489395659472365,0,1,0,1,false_negative,"(0.1, 0.2]",Q1_low
0.1468360551181725,0.1508422664820629,0.165034213802427,0.1565513311530949,0.1718976055393824,0.1363421663765027,0.1545839397452738,0.000117090572956,0.052078235097859,0,1,0,1,false_negative,"(0.1, 0.2]",Q1_low
0.2383494639976751,0.1775780580286204,0.1707882236577854,0.1885331197439677,0.1798425501785009,0.2045492943230996,0.1932734516549415,0.0004448260338378,0.0667540272553114,0,1,0,1,false_negative,"(0.1, 0.2]",Q2
0.1640983985071637,0.17533981655105,0.1548852520783304,0.1586792836647784,0.162778065650067,0.2021683834269159,0.1696581999797175,0.0002151738612271,0.057693466637542,0,1,0,1,false_negative,"(0.1, 0.2]",Q1_low
0.2552935350997157,0.1596963184894371,0.1827671677217212,0.1650865791192242,0.117840187267679,0.2541821423850535,0.1891443216804718,0.0021680777291485,0.0756361730844742,0,1,0,1,false_negative,"(0.1, 0.2]",Q4_high
0.1447397575963463,0.1392193988901671,0.1322131109575632,0.1580643119179154,0.1288317413454739,0.1258624572021762,0.138155129651607,0.0001020297834731,0.0466242085316375,0,1,0,1,false_negative,"(0.1, 0.2]",Q1_low
0.1103011104532588,0.1333930954137434,0.1089639693693251,0.1266262466237524,0.1125427670916612,0.1043116326391557,0.1160231369318161,9.228387621728708e-05,0.0393794909937981,0,1,0,1,false_negative,"(0.1, 0.2]",Q1_low
0.0927996218556452,0.1198548591392775,0.1172078187590796,0.1452890118569934,0.0932719242083168,0.1238019774313234,0.115370868875106,0.0002839262817051,0.04119596883039,0,1,0,1,false_negative,"(0.1, 0.2]",Q2
0.175341836854629,0.1633743928196609,0.1691645523828819,0.1624533794948163,0.1891793021459985,0.1598020347529242,0.1698859164084851,8.597848297897044e-05,0.0568219433135434,0,1,0,1,false_negative,"(0.1, 0.2]",Q1_low
0.1332901065695786,0.1705432690573596,0.1497879839978194,0.1711744767304397,0.1669530510245146,0.1535996734397563,0.1575580934699114,0.0001581806834464,0.0533680098012421,0,1,0,1,false_negative,"(0.1, 0.2]",Q1_low
0.1649192981352658,0.1271474854668694,0.1288048801287233,0.1533215343528371,0.1298074351758518,0.1311418203722217,0.1391904089386282,0.0001810536619595,0.0476648801285441,0,1,0,1,false_negative,"(0.1, 0.2]",Q1_low
0.1547165117196215,0.1548847902027118,0.1838803785106994,0.209704762495398,0.1593087161310909,0.1426856857269672,0.1675301407977482,0.0004364231059638,0.0586144536593798,0,1,0,1,false_negative,"(0.1, 0.2]",Q2
0.1961189151862541,0.1774885428653011,0.1933126777684066,0.2127912784568046,0.1654099664492304,0.2234312549148775,0.1947587726068124,0.0003301195636077,0.0665094217281701,0,1,0,1,false_negative,"(0.1, 0.2]",Q2
0.0918485241646647,0.107870535059566,0.0944920110317668,0.1250107955009254,0.0941319642986939,0.0820803714220681,0.0992390335796141,0.0001623346037837,0.0348667292548358,0,1,0,1,false_negative,"(-0.001, 0.1]",Q1_low
0.1883672669460304,0.1546703522230447,0.2035614123562965,0.2026465942209241,0.1341276228660614,0.1709539126633609,0.175721193545953,0.0005508383095249,0.0619525421705235,0,1,0,1,false_negative,"(0.1, 0.2]",Q3
0.2164545632194418,0.1773103474848167,0.1903098734925453,0.1968195863035864,0.1863722619771193,0.1716357584324848,0.1898170651516657,0.0001796684336544,0.0639577287064644,0,1,0,1,false_negative,"(0.1, 0.2]",Q1_low
0.1416669250016785,0.1285758889722589,0.1416068998736369,0.1377779198389476,0.119209075373695,0.1202332938649079,0.1315116671541875,7.592616720305687e-05,0.0442258661985824,0,1,0,1,false_negative,"(0.1, 0.2]",Q1_low
0.0843051092621645,0.0942400698254316,0.0981249380061768,0.122824854495498,0.065595115328511,0.0624758724309335,0.0879276598914526,0.0003601862994298,0.0339684756858981,0,1,0,1,false_negative,"(-0.001, 0.1]",Q2
0.1963863148037844,0.2098487935283203,0.1384345426714558,0.15108819890494,0.1824184627969093,0.1301576256884279,0.168055656398973,0.0007653069211992,0.0610787932185151,0,1,0,1,false_negative,"(0.1, 0.2]",Q3
0.1636127261374698,0.1570790124651002,0.1676448024612439,0.1489629230897179,0.1643263329039173,0.1468495025383796,0.1580792165993048,5.305147376680071e-05,0.0527044774813012,0,1,0,1,false_negative,"(0.1, 0.2]",Q1_low
0.1230403210176025,0.1560362297294074,0.1372779735596377,0.1684327819763443,0.1618390319820873,0.1089411540068903,0.1425945820453282,0.0003945468557679,0.050565640195812,0,1,0,1,false_negative,"(0.1, 0.2]",Q2
0.2198892843283877,0.1580101309552782,0.1678385829822613,0.1813367593654144,0.1672071675095808,0.1537938369546431,0.1746792936825942,0.0004149937692438,0.0607011087532185,0,1,0,1,false_negative,"(0.1, 0.2]",Q2
0.1973832758928789,0.142425747230805,0.1795911630118707,0.1871335979731248,0.1434666940851461,0.1745989951070204,0.1707665788834743,0.0003739107173554,0.0591838541281118,0,1,0,1,false_negative,"(0.1, 0.2]",Q2
0.2013956170737615,0.1777630363810904,0.1833554048167195,0.1889149026931182,0.2005947426341095,0.2250957372998494,0.1961865734831081,0.0002056069496784,0.0661879147632936,0,1,0,1,false_negative,"(0.1, 0.2]",Q1_low
0.1613055345723326,0.1329912319721547,0.1473825644260003,0.1681327631286845,0.1421642841528474,0.1203936335306022,0.1453950019637703,0.0002233515294759,0.0500048969913468,0,1,0,1,false_negative,"(0.1, 0.2]",Q1_low
0.2238258421175528,0.1445230277827065,0.1581314053635775,0.1509919554187243,0.1717599962629608,0.1589154326088061,0.1680246099257213,0.0005930027022705,0.0598750721566825,0,1,0,1,false_negative,"(0.1, 0.2]",Q3
0.1915265115820846,0.1431190649184131,0.1570142175998355,0.1803091899677764,0.1151238345414104,0.1559099697127167,0.1571671313870395,0.0005261018145714,0.0560714648120288,0,1,0,1,false_negative,"(0.1, 0.2]",Q2
0.2089377860264125,0.1324672312867857,0.1745063880159974,0.177244546509613,0.1282932771198085,0.1582895526537354,0.1632897969353921,0.0006577250363491,0.0588930356805323,0,1,0,1,false_negative,"(0.1, 0.2]",Q3
0.1960364999223676,0.1761705179043743,0.2175829517144416,0.23264621340116,0.1792376969912876,0.1680482450120905,0.1949536874909536,0.0004653836062338,0.0674121400862796,0,1,0,1,false_negative,"(0.1, 0.2]",Q2
0.2314340904273987,0.164064500068674,0.2007285971712989,0.2127074824081271,0.1636477406243236,0.1601260401816997,0.188784741813587,0.000656885785069,0.0666767195434756,0,1,0,1,false_negative,"(0.1, 0.2]",Q3
0.0902509093851525,0.0962745821643785,0.0876181816015788,0.1014011433566879,0.066704021784603,0.0638572210364523,0.0843510098881422,0.0001728247746894,0.0304343441191366,0,1,0,1,false_negative,"(-0.001, 0.1]",Q1_low
0.1265085117757437,0.1110950661184908,0.1127743574036843,0.149124743959497,0.0840583366622413,0.0918341526798209,0.1125658614332463,0.0003965198308536,0.0415103223036907,0,1,0,1,false_negative,"(0.1, 0.2]",Q2
0.1624104454997413,0.1110237062657119,0.1171757556457643,0.1484122890372013,0.0826808308218855,0.0886510078268924,0.1183923391828661,0.000722060931399,0.0463275486422478,0,1,0,1,false_negative,"(0.1, 0.2]",Q3
0.0765733311149138,0.1035379603722579,0.0971944590449049,0.1213631501616962,0.0842883158587607,0.0773473747653842,0.0933840985529863,0.0002175655371947,0.0337601119578883,0,1,0,1,false_negative,"(-0.001, 0.1]",Q1_low
0.2191695052851644,0.1784462070570557,0.1976402099993988,0.1586234153443785,0.2106634849567929,0.1744275681447623,0.1898283984645921,0.0003852166579085,0.0652870066004427,0,1,0,1,false_negative,"(0.1, 0.2]",Q2
0.1394091806391445,0.2459939421098442,0.1877510606315524,0.1724160711114899,0.2337861451730276,0.2113847205122289,0.1984568533628813,0.0011363467725334,0.0724766229023813,0,1,0,1,false_negative,"(0.1, 0.2]",Q4_high
0.1351153663550183,0.1518366372952649,0.1474517721310079,0.1632281084757773,0.1141481223568192,0.1255183257130037,0.1395497220544819,0.0002336945037176,0.0482424833743341,0,1,0,1,false_negative,"(0.1, 0.2]",Q1_low
0.1634858392434953,0.2048391656784631,0.1677590788538156,0.1413921412247337,0.2207709083377892,0.1764352151437727,0.1791137247470116,0.0006000529030895,0.0633286171266855,0,1,0,1,false_negative,"(0.1, 0.2]",Q3
0.097257052862747,0.1397034484496545,0.129033086124754,0.1100772455913033,0.1214242213920779,0.1496877495957495,0.1245304673360477,0.0002636807574606,0.0438145527592878,0,1,0,1,false_negative,"(0.1, 0.2]",Q1_low
0.2003208964678065,0.2113645705688013,0.1564493249956464,0.1674946953056752,0.2058934875933545,0.2180532023180313,0.1932626962082192,0.0004529737572877,0.0668014378013948,0,1,0,1,false_negative,"(0.1, 0.2]",Q2
0.1964165250418668,0.1473156766616974,0.1951698115222766,0.1703115029372206,0.146112912369344,0.1618268980066048,0.1695255544231684,0.0003545813895411,0.0586552806438699,0,1,0,1,false_negative,"(0.1, 0.2]",Q2
0.1794059095444547,0.129978382878625,0.1163399165148073,0.1388046321474428,0.1177173630789147,0.1611464392607828,0.1405654405708379,0.0004508937764163,0.050416182769517,0,1,0,1,false_negative,"(0.1, 0.2]",Q2
0.1786752306472069,0.15503123320044,0.169357286887286,0.1745069547069348,0.1611478449945408,0.1531264690022763,0.1653075032397808,7.871555266589705e-05,0.0552709147225574,0,1,0,1,false_negative,"(0.1, 0.2]",Q1_low
0.211072746628981,0.1711485176521185,0.2306514322245454,0.1767450980759893,0.1669802453400336,0.1987872445965336,0.1925642140863669,0.000456477716149,0.066602884312235,0,1,0,1,false_negative,"(0.1, 0.2]",Q2
0.2564523738071799,0.1368201615375542,0.1647756868444195,0.1817857819666056,0.1362482434892666,0.1442857647458038,0.1700613353984716,0.0015059275874119,0.0665216627558668,0,1,0,1,false_negative,"(0.1, 0.2]",Q4_high
0.1821489780503294,0.1897920815504423,0.2210423330083063,0.1723116344675015,0.1788506397979351,0.1772726357996252,0.18690305044569,0.0002238477060997,0.0633047372696658,0,1,0,1,false_negative,"(0.1, 0.2]",Q1_low
0.1852890881993457,0.1449953374208669,0.1550544824798104,0.162940826830321,0.1561071509124432,0.1607495790014456,0.1608560774740388,0.0001298719168435,0.0542135850440378,0,1,0,1,false_negative,"(0.1, 0.2]",Q1_low
0.1744253263075846,0.1579077957847686,0.1721466882195225,0.1989617058171595,0.1759693675642357,0.1473559961190965,0.1711278133020612,0.0002214208676674,0.058210626904312,0,1,0,1,false_negative,"(0.1, 0.2]",Q1_low
0.1772233014962503,0.1729452431852325,0.1557699977707751,0.1787149733482371,0.1805780591291112,0.1565180001354214,0.1702915958441713,9.034910747136597e-05,0.0569866761776225,0,1,0,1,false_negative,"(0.1, 0.2]",Q1_low
0.1403741576269834,0.1750026300714326,0.1183042703879915,0.1410343200479002,0.1618717271778977,0.1445084142221635,0.1468492532557282,0.000273474747826,0.0508837212725377,0,1,0,1,false_negative,"(0.1, 0.2]",Q2
0.2234926303376256,0.1680567999986304,0.1861223315096769,0.2160325103355423,0.175778724164688,0.1691907947203715,0.1897789651777558,0.0004187089704173,0.0654848323039074,0,1,0,1,false_negative,"(0.1, 0.2]",Q2
0.1289855311989909,0.1106820752955748,0.1100671043468021,0.1183134363119454,0.0830359316419653,0.0949457004312312,0.107671629871085,0.0001930283458717,0.0378465519956757,0,1,0,1,false_negative,"(0.1, 0.2]",Q1_low
0.2141555248528713,0.2167411281067016,0.1635110786541383,0.1789503890840866,0.2207876964139799,0.2034849281231063,0.199605124205814,0.0003855013199581,0.0683976517457305,0,1,0,1,false_negative,"(0.1, 0.2]",Q2
0.2168479469522764,0.1582083910297838,0.1588374438863121,0.1515600493974777,0.1882075959223561,0.1543005203720684,0.1713269912600458,0.0004808330554283,0.0601099928668438,0,1,0,1,false_negative,"(0.1, 0.2]",Q2
0.0727584139446084,0.1074917427972831,0.0916838151686493,0.0927818268697121,0.0836813143397285,0.0761287919616368,0.0874209841802697,0.0001151764879104,0.0305690845976099,0,1,0,1,false_negative,"(-0.001, 0.1]",Q1_low
0.1434149854789459,0.1412603191564645,0.1276705095415572,0.1574708628268274,0.1385955523490974,0.1317789442959828,0.1400318622748125,7.715000742022254e-05,0.0470092495580112,0,1,0,1,false_negative,"(0.1, 0.2]",Q1_low
0.1843530818325648,0.1760188451111897,0.1825536198521112,0.1756441266919452,0.1749464712971396,0.1536724825790534,0.1745314378940007,8.564840273892488e-05,0.0583384045960488,0,1,0,1,false_negative,"(0.1, 0.2]",Q1_low
0.1918640245887048,0.1650762146585928,0.1951392835791492,0.2261856335635689,0.1588855162737304,0.1655317857251328,0.1837804097314798,0.000470740966317,0.063930936460922,0,1,0,1,false_negative,"(0.1, 0.2]",Q2
0.1839152363905626,0.18503437161616,0.2273020703216519,0.2071587656532707,0.199505716597212,0.1730384251379211,0.1959924309527964,0.000272878257134,0.0665469976726082,0,1,0,1,false_negative,"(0.1, 0.2]",Q2
0.1525574500054985,0.1402828213926569,0.2013632089185627,0.2677169370025019,0.1468213923536041,0.1228815601044739,0.1719372282962163,0.002064926002185,0.0704485683106264,0,1,0,1,false_negative,"(0.1, 0.2]",Q4_high
0.1840425575605275,0.1307979790084499,0.1615469757614025,0.171585127820527,0.1344272649091612,0.1162082952568709,0.1497680333861565,0.0005015614663258,0.0536264276601922,0,1,0,1,false_negative,"(0.1, 0.2]",Q2
0.1174203642492321,0.1367452261621676,0.1171509272954027,0.117134513714344,0.147569486776002,0.1038870319500648,0.1233179250245355,0.0001795768469168,0.0426097247135869,0,1,0,1,false_negative,"(0.1, 0.2]",Q1_low
0.190944058183018,0.1617797535659262,0.1532485883141384,0.1772093964370863,0.1609948650170248,0.1452049767639331,0.1648969397135211,0.0001969213575258,0.0560287688863252,0,1,0,1,false_negative,"(0.1, 0.2]",Q1_low
0.1325374197571769,0.2726395457734468,0.1763435192089239,0.208198258649543,0.211840002750864,0.1651881048283955,0.194457808494725,0.0016603288945696,0.0742856075264907,0,1,0,1,false_negative,"(0.1, 0.2]",Q4_high
0.1580110562657736,0.2006354180252345,0.2094518825488023,0.1811701132975334,0.1986079788510301,0.1963072928708584,0.1906972903098721,0.0002433870331821,0.0646551548084487,0,1,0,1,false_negative,"(0.1, 0.2]",Q1_low
0.1629318357219153,0.1870389570468011,0.1936033472948435,0.2438689324376208,0.1786958598485898,0.159304004781987,0.1875738228552929,0.0006701441400306,0.0663865300323134,0,1,0,1,false_negative,"(0.1, 0.2]",Q3
0.1647287801429019,0.1675121796361301,0.1930875410237536,0.2324291048269647,0.1704147809353051,0.1466296621986765,0.1791336747939553,0.0006443147613837,0.0636262018736371,0,1,0,1,false_negative,"(0.1, 0.2]",Q3
0.22220350532323,0.1462301156926327,0.1666648226569181,0.1775749232289104,0.173482706391255,0.1955120658132639,0.1802780231843684,0.000483983488607,0.0629216219212494,0,1,0,1,false_negative,"(0.1, 0.2]",Q2
0.0771699595244318,0.1013982140961972,0.1034991215481925,0.1127723021370129,0.0695310736592146,0.0622142776578917,0.0877641581038234,0.0003080518040126,0.0332581979387641,0,1,0,1,false_negative,"(-0.001, 0.1]",Q2
0.1567812064416382,0.1370067832654192,0.1509535734025332,0.1234313193870444,0.1370334788756534,0.1167190885892965,0.1369875749935975,0.0001687747201106,0.0468520065412312,0,1,0,1,false_negative,"(0.1, 0.2]",Q1_low
0.1012442733446682,0.1477674441620437,0.1557340636735114,0.1671257176594457,0.1595111801928708,0.1503824484763523,0.1469608545848153,0.0003919236093132,0.0518900404118908,0,1,0,1,false_negative,"(0.1, 0.2]",Q2
0.2151935320084738,0.153014956633222,0.2006029417682292,0.2338775821801594,0.1452142504650998,0.1962709783675502,0.1906957069037891,0.0008689223660763,0.0685678392856948,0,1,0,1,false_negative,"(0.1, 0.2]",Q3
0.2159086279431928,0.166391846076261,0.220467920696843,0.2018460165533146,0.1848850506932419,0.1737400899967386,0.193873258659932,0.0003568226881715,0.0663939882769061,0,1,0,1,false_negative,"(0.1, 0.2]",Q2
0.1883618868341202,0.1623018981942981,0.1737946170644909,0.203769267626597,0.1645214172529647,0.1582759609348257,0.1751708413178828,0.0002226035107903,0.0595181167254595,0,1,0,1,false_negative,"(0.1, 0.2]",Q1_low
0.136738270903964,0.1658389134683346,0.1597797790939687,0.1804197928849508,0.1640167703140301,0.1495497091407419,0.1593905393009984,0.0001593331083538,0.0539682622657124,0,1,0,1,false_negative,"(0.1, 0.2]",Q1_low
0.2180637787738739,0.1585473774086568,0.2302685223285036,0.2319019799016015,0.1634262608397038,0.1686697692663638,0.1951462814197839,0.0008794871483625,0.0699808446786249,0,1,0,1,false_negative,"(0.1, 0.2]",Q3
0.252469637207773,0.1740594316031126,0.1432214257386406,0.1682156399442683,0.226535662691882,0.2175281197760388,0.1970049861602859,0.001231083383822,0.0725896661628235,0,1,0,1,false_negative,"(0.1, 0.2]",Q4_high
0.181212211742034,0.1757786940515589,0.2126176878632356,0.231299655640863,0.1800894711583333,0.1651613962423659,0.1910265194497318,0.0004579349273064,0.0661271329733165,0,1,0,1,false_negative,"(0.1, 0.2]",Q2
0.1629885641768257,0.172282793676822,0.1598485284652734,0.178307991218291,0.193649547587911,0.1642262447101483,0.1718839449725452,0.0001139697615684,0.0576786324895987,0,1,0,1,false_negative,"(0.1, 0.2]",Q1_low
0.1726658017944258,0.2118436931517848,0.1836672449124853,0.1659494917860217,0.2057577962189515,0.1960683099676214,0.1893253896385484,0.0002397934318558,0.064189900275692,0,1,0,1,false_negative,"(0.1, 0.2]",Q1_low
0.1558767117185164,0.1343462202790253,0.1732449568634594,0.1659931681384735,0.1229323400553599,0.1219903766659173,0.1457306289534587,0.0003547882923232,0.0512053295727149,0,1,0,1,false_negative,"(0.1, 0.2]",Q2
0.1333269694151245,0.1819104331659743,0.1730924401087687,0.175691884898191,0.1941598661496121,0.1737058794506452,0.171981245531386,0.0003003730002481,0.0590472721064002,0,1,0,1,false_negative,"(0.1, 0.2]",Q2
0.1650643058725668,0.174505260065292,0.1869031468691859,0.1837483018894435,0.1911635374997566,0.1652541866105582,0.1777731231344672,8.961143262135941e-05,0.0594267212284507,0,1,0,1,false_negative,"(0.1, 0.2]",Q1_low
0.1622752867672156,0.1608585716844234,0.209105416651605,0.2770598894038668,0.1549269246107329,0.1490919473376725,0.1855530060759194,0.0017638941023824,0.0723735031681966,0,1,0,1,false_negative,"(0.1, 0.2]",Q4_high
0.091989641958358,0.1059643015699359,0.1165682644909595,0.1521273032497597,0.0765086697681089,0.0877076072760081,0.1051442980521883,0.000519380651679,0.0406413293876809,0,1,0,1,false_negative,"(0.1, 0.2]",Q2
0.1426277121918445,0.1865248507444514,0.2030594398631408,0.1994770803714882,0.1913332994544287,0.1809396047262428,0.1839936645585994,0.0003405694848254,0.0631430798936851,0,1,0,1,false_negative,"(0.1, 0.2]",Q2
0.2135112166496993,0.1764244350698716,0.1873298976496079,0.2842984823909229,0.1760925703983921,0.1415997899926664,0.1965427320251934,0.0017022227674386,0.0751107768681651,0,1,0,1,false_negative,"(0.1, 0.2]",Q4_high
0.1747968236079702,0.1521027319055166,0.1633132061045389,0.2011704305010161,0.1475677034348073,0.1488453043464365,0.1646326999833809,0.0003053588989663,0.0567511596160746,0,1,0,1,false_negative,"(0.1, 0.2]",Q2
0.203665334427482,0.2018435497423524,0.2030722668358821,0.2290253350079796,0.1772014166468706,0.1798710907971492,0.199113165576286,0.0002555673978271,0.0674446746358932,0,1,0,1,false_negative,"(0.1, 0.2]",Q1_low
0.2289821169936284,0.1986392769783385,0.2219135157342919,0.1676573630014081,0.181743016051151,0.1978321841045572,0.1994612454772291,0.0003863340517834,0.0683568816731826,0,1,0,1,false_negative,"(0.1, 0.2]",Q2
0.1817084402188838,0.1735710029211232,0.1476399747718969,0.1513497572964541,0.172002346748303,0.1887985894813058,0.1691783519063278,0.000192998234396,0.0573776210479169,0,1,0,1,false_negative,"(0.1, 0.2]",Q1_low
0.1866052370612274,0.1781338737142668,0.1719437919466451,0.21786978034098,0.1805178993920337,0.160398591948582,0.1825781957339558,0.0002701050275921,0.0622218260922363,0,1,0,1,false_negative,"(0.1, 0.2]",Q2
0.1932184834708636,0.1587364949109493,0.1694496122682593,0.2229700662630904,0.1543608747406604,0.1507936485161931,0.174921530028336,0.0005628903996324,0.0617869839741276,0,1,0,1,false_negative,"(0.1, 0.2]",Q3
0.1593005135983283,0.1889022215764474,0.1412415380350849,0.1637264328682919,0.1857579114282279,0.1524545654546543,0.1652305304935058,0.0002511209683789,0.056539562089307,0,1,0,1,false_negative,"(0.1, 0.2]",Q1_low
0.2720062244168947,0.1621304313009088,0.163097902412214,0.1550190922411332,0.1638263814652517,0.1789576282317669,0.1825062766780282,0.0014170253444224,0.0694742126088454,0,1,0,1,false_negative,"(0.1, 0.2]",Q4_high
0.1652617491597184,0.1323899882253334,0.1334158098398918,0.1240121720125272,0.13398549906113,0.135293505426366,0.1373931206208278,0.0001446544065386,0.0467641417637135,0,1,0,1,false_negative,"(0.1, 0.2]",Q1_low
0.1939486647382455,0.1707095024663821,0.1606174169324485,0.173008883856683,0.1835935890902322,0.1910611823945252,0.1788232065797527,0.0001189133436703,0.0599746975545464,0,1,0,1,false_negative,"(0.1, 0.2]",Q1_low
0.1858878807098119,0.2078284307654341,0.188302442751694,0.1759919358691723,0.2362503875619266,0.1773378210109224,0.1952664831114935,0.0003809834414453,0.0669885226401285,0,1,0,1,false_negative,"(0.1, 0.2]",Q2
0.2032274265566957,0.150768540722374,0.1611688978304691,0.1910118165487623,0.1480817350524988,0.1634168340605794,0.1696125417952299,0.0003594633386667,0.0587175680342059,0,1,0,1,false_negative,"(0.1, 0.2]",Q2
0.2002950727750164,0.1346554749400658,0.1660684932203932,0.206096703359773,0.1258999003333837,0.1628815229008976,0.1659828612549216,0.0007691603871128,0.0604852707224278,0,1,0,1,false_negative,"(0.1, 0.2]",Q3
0.2205941908366551,0.1308903023276277,0.1458481692415635,0.1574399946576909,0.1322365271411656,0.1311587627898156,0.1530279911657531,0.0008624046212546,0.0573333480196732,0,1,0,1,false_negative,"(0.1, 0.2]",Q3
0.1744763262214742,0.1560802144908047,0.1654229871565049,0.2036709155735172,0.1964776356756427,0.2329348386811358,0.1881771529665133,0.0005782690425965,0.06599437181636,0,1,0,1,false_negative,"(0.1, 0.2]",Q3
0.0957077734092272,0.1481759273828972,0.1248473543527631,0.1249772397724826,0.1478286838325588,0.1291771565902598,0.1284523558900315,0.0002660381204259,0.0450555662465748,0,1,0,1,false_negative,"(0.1, 0.2]",Q1_low
0.1967533926608017,0.1689307201824474,0.1415206217558514,0.1513207002099655,0.1813199511399838,0.1804077747811098,0.1700421934550266,0.0003019044274272,0.0584418792436842,0,1,0,1,false_negative,"(0.1, 0.2]",Q2
0.1588124602986983,0.1934019279870816,0.1696622253454483,0.1821812397281823,0.178008609938316,0.1599827135844708,0.1736748628136996,0.0001292520187416,0.0583717432486728,0,1,0,1,false_negative,"(0.1, 0.2]",Q1_low
0.0939110101637968,0.117823588193098,0.1088541886947531,0.152203702928477,0.1055006190618067,0.0959011816086426,0.112365715108429,0.0003268530016572,0.0407301935086378,0,1,0,1,false_negative,"(0.1, 0.2]",Q2
0.2086707481066542,0.1493219548080282,0.1928294631587291,0.179432194695959,0.1473788916917324,0.1640397007530517,0.1736121588690257,0.0004288732221464,0.0604622885349231,0,1,0,1,false_negative,"(0.1, 0.2]",Q2
0.0923496280199804,0.1153320829328673,0.1149642555867996,0.1368757115029375,0.1028620555264596,0.0911378521965587,0.1089202642942672,0.0002123786196652,0.0384494460209101,0,1,0,1,false_negative,"(0.1, 0.2]",Q1_low
0.2130228116227583,0.169420275542969,0.2057851374412637,0.1786561215456765,0.148409213489049,0.2246521445608481,0.1899909507004274,0.0006088561728709,0.0667498817618668,0,1,0,1,false_negative,"(0.1, 0.2]",Q3
0.1703321393652015,0.1191873314721209,0.1190466566184014,0.1357500645359301,0.1093889394287653,0.1202375460812659,0.1289904462502809,0.000344377195945,0.0459506869771236,0,1,0,1,false_negative,"(0.1, 0.2]",Q2
0.2556094524565732,0.1627230000481561,0.1232006293397302,0.1465535025709786,0.1861234093510975,0.2068660985709437,0.1801793487229132,0.0015884587320727,0.0698454354841503,0,1,0,1,false_negative,"(0.1, 0.2]",Q4_high
0.2382359839648339,0.1627654791215327,0.1596176057492226,0.1878758885751578,0.1832841559629202,0.146819811294007,0.1797664874446124,0.000753901941254,0.0645340328201917,0,1,0,1,false_negative,"(0.1, 0.2]",Q3
0.1581637803419508,0.1366089028636914,0.1514975850244863,0.2037130729466879,0.1173559711306223,0.1176684049261847,0.1475012862056039,0.0007438298564787,0.0548319490752867,0,1,0,1,false_negative,"(0.1, 0.2]",Q3
0.1805751990444044,0.158672693218528,0.2070275272045269,0.2624287577082015,0.1729198922866729,0.1550027776324736,0.1894378078491345,0.0011601039917058,0.0699447639128,0,1,0,1,false_negative,"(0.1, 0.2]",Q4_high
0.1040516579037212,0.1479725528845332,0.166625772858233,0.2002201018038341,0.1373834682546679,0.1417960604954307,0.14967493570007,0.0007342404467721,0.0553964095092402,0,1,0,1,false_negative,"(0.1, 0.2]",Q3
0.164616697262638,0.1423842854226976,0.1716153874544228,0.1896566030257737,0.1454900115762803,0.1461113634789036,0.159979058036786,0.0002499271399293,0.0548563018593092,0,1,0,1,false_negative,"(0.1, 0.2]",Q1_low
0.1781410030924302,0.1585304792075266,0.1864204597348603,0.1518160748322094,0.1597049694667768,0.1854299495549774,0.1700071559814634,0.0001631690229532,0.0574274439819389,0,1,0,1,false_negative,"(0.1, 0.2]",Q1_low
0.1528890840483218,0.1151750123171851,0.1360635317303867,0.1555030665353522,0.0913858699018468,0.1162641733324226,0.1278801229775859,0.0004405177077223,0.0464951211438871,0,1,0,1,false_negative,"(0.1, 0.2]",Q2
0.1636670826043141,0.1385927096982088,0.1617489432750606,0.1898888416855549,0.1391603360172408,0.1231591357360294,0.1527028415027348,0.0004057387106572,0.0537764790052351,0,1,0,1,false_negative,"(0.1, 0.2]",Q2
0.1863621241988684,0.1473809561651817,0.1868411804288294,0.2067268834279841,0.1393312184940565,0.1390202414235338,0.1676104340230756,0.0006111270034338,0.0598754556359983,0,1,0,1,false_negative,"(0.1, 0.2]",Q3
0.0774750122815729,0.1202146629311059,0.1132780895643584,0.1194433189181103,0.1058785671168778,0.1010865961960406,0.1062293745013443,0.0001818950835338,0.0372719314452057,0,1,0,1,false_negative,"(0.1, 0.2]",Q1_low
0.142820807287739,0.1277165956309591,0.1302719418921385,0.1360740006358334,0.1062084996760593,0.1247111333513388,0.1279671630790114,0.0001108239305065,0.0434160188488165,0,1,0,1,false_negative,"(0.1, 0.2]",Q1_low
0.1265673427264,0.110364701001104,0.094781688650965,0.1085464147805023,0.100812307516277,0.1001400708366831,0.1068687542519886,9.016049411645216e-05,0.0364135672399558,0,1,0,1,false_negative,"(0.1, 0.2]",Q1_low
0.1200644928510781,0.2094882567299991,0.1293859175429209,0.135832269822739,0.1800686563590767,0.1290476959057385,0.1506478815352587,0.0009144652700223,0.0570294231551879,0,1,0,1,false_negative,"(0.1, 0.2]",Q3
0.2215560742409042,0.1926387401316657,0.1599604207518824,0.1723013573000729,0.2082664321092771,0.2220719448273685,0.1961324948935285,0.0004792848958716,0.0678694984240804,0,1,0,1,false_negative,"(0.1, 0.2]",Q2
0.1943355085759411,0.1488572664267579,0.1438273966684933,0.1585520694814335,0.1470514766715343,0.1452504942891329,0.1563123686855488,0.0002671939555417,0.0538245903093396,0,1,0,1,false_negative,"(0.1, 0.2]",Q1_low
0.1700276523692911,0.1225107326386744,0.1088293709457869,0.1463452934255445,0.1228101458054103,0.1159137434455429,0.1310728231050417,0.0003738395945848,0.0468559273417288,0,1,0,1,false_negative,"(0.1, 0.2]",Q2
0.2110170405812843,0.1361161268770831,0.1418221439344009,0.150672737148231,0.1337655957966894,0.1416746930307727,0.1525113895614102,0.0006111707471549,0.0553033251107316,0,1,0,1,false_negative,"(0.1, 0.2]",Q3
0.1184934354008676,0.1222259375728935,0.114473328381633,0.1487260575555564,0.1053962703799893,0.0947931885773907,0.1173513696447218,0.0002385022601697,0.0413378028637844,0,1,0,1,false_negative,"(0.1, 0.2]",Q1_low
0.2183836956279855,0.1869998894605908,0.207387023216592,0.1895365605766678,0.1758368990224721,0.1861066319833599,0.1940417833146114,0.0001764134089747,0.0653076400635785,0,1,0,1,false_negative,"(0.1, 0.2]",Q1_low
0.1382382971790267,0.1433124271899019,0.1291693196731242,0.1260727055651499,0.1212675933989416,0.1193636078499694,0.129570658476019,6.421224109000232e-05,0.0434811961541717,0,1,0,1,false_negative,"(0.1, 0.2]",Q1_low
0.2045284806040257,0.184586722396362,0.1571195256749981,0.1923912227263163,0.196364022325798,0.1710460425748116,0.1843393360503853,0.0002192454921679,0.0624473780714073,0,1,0,1,false_negative,"(0.1, 0.2]",Q1_low
0.1418412075945672,0.1665954899387622,0.1815787634035431,0.2030929678754374,0.1630915685714928,0.1450108813904092,0.166868479795702,0.0003781520748851,0.0579883771713222,0,1,0,1,false_negative,"(0.1, 0.2]",Q2
0.1778461616835363,0.1831504767380403,0.1444266840914717,0.1391702084058694,0.2131475235613312,0.1955444186772668,0.175547578859586,0.0005955057365302,0.0622000196538455,0,1,0,1,false_negative,"(0.1, 0.2]",Q3
0.1907564879567015,0.1796885315033228,0.1742664958246496,0.1367387343140066,0.1893766227002689,0.1855431518160178,0.1760616706858279,0.0002922563118953,0.0602897382789488,0,1,0,1,false_negative,"(0.1, 0.2]",Q2
0.1391819687690291,0.1424540168693555,0.1820102919453787,0.1932807362174385,0.1375648949243361,0.1530675580335684,0.1579265777931844,0.0004084157880768,0.0554181665361433,0,1,0,1,false_negative,"(0.1, 0.2]",Q2
0.175295557281735,0.1873723444116531,0.1903010785766616,0.1835809437692727,0.1884681155943696,0.1859185805101147,0.1851561033573011,2.037782678885752e-05,0.0613733218169421,0,1,0,1,false_negative,"(0.1, 0.2]",Q1_low
0.1796487376524335,0.2061398716702024,0.2034199899308535,0.1902418728311367,0.2100643856370758,0.1858829470397876,0.1958996341269149,0.000108356331573,0.0654799021877632,0,1,0,1,false_negative,"(0.1, 0.2]",Q1_low
0.1662085598984603,0.174414143085185,0.1626407465668403,0.18093892972614,0.1588716746663434,0.171721916733134,0.1691326617793505,4.713849147150107e-05,0.0562873702004326,0,1,0,1,false_negative,"(0.1, 0.2]",Q1_low
0.1660526050677417,0.1575608813142386,0.1827310846675994,0.180061473372024,0.1722192787227734,0.1450196031661187,0.1672741543850826,0.0001454273402555,0.0564119904807035,0,1,0,1,false_negative,"(0.1, 0.2]",Q1_low
0.1685665382526469,0.1604680214321342,0.1569828425279358,0.1730891185623604,0.1516494534042458,0.1558207800308641,0.1610961257016978,4.7717349188644434e-05,0.0536522804129604,0,1,0,1,false_negative,"(0.1, 0.2]",Q1_low
0.1647003781794395,0.1608490475617593,0.1732212636181406,0.1553599533890396,0.170752356057392,0.172509008196958,0.1662320011671215,3.6886813796944016e-05,0.0552566983802969,0,1,0,1,false_negative,"(0.1, 0.2]",Q1_low
0.1777267391888105,0.1291473821084157,0.1570656828658409,0.1653659706359284,0.1342539626151586,0.1152372880732931,0.1464661709145745,0.0004101566875308,0.0518855846949802,0,1,0,1,false_negative,"(0.1, 0.2]",Q2
0.1801131572826168,0.2053104949227799,0.1685195205655895,0.2159042595229148,0.1982574630962387,0.1579475027026351,0.1876753996821291,0.0003611040359739,0.0644481797028201,0,1,0,1,false_negative,"(0.1, 0.2]",Q2
0.1467750421033322,0.1365961751626109,0.1611514647508875,0.1957223029996408,0.1268893598617657,0.1452564394028663,0.1520651307135172,0.0004194230709917,0.0536863920869899,0,1,0,1,false_negative,"(0.1, 0.2]",Q2
0.1951142137405734,0.1690587609250281,0.1929661634729867,0.1633702120334353,0.1725066051924838,0.1866905172105998,0.1799510787625179,0.0001276744341534,0.0604029393844853,0,1,0,1,false_negative,"(0.1, 0.2]",Q1_low
0.1309949282524775,0.1645663831780745,0.1527486114030948,0.1850537011103755,0.1352410470786898,0.1172406667559663,0.1476408896297797,0.0004381853275276,0.0524730334640479,0,1,0,1,false_negative,"(0.1, 0.2]",Q2
0.2064735799979837,0.1572949866190148,0.1953718849571717,0.2009443446709532,0.1378985603931626,0.1527612854205967,0.1751241070098138,0.0006090230407954,0.0621608161361448,0,1,0,1,false_negative,"(0.1, 0.2]",Q3
0.2026952223732754,0.2040739211865647,0.184944710363954,0.1824598874887604,0.2067757401907322,0.215422255876409,0.1993952895799493,0.0001199629905292,0.0666957314485061,0,1,0,1,false_negative,"(0.1, 0.2]",Q1_low
0.1220572443937515,0.1220929622285838,0.1360719254758764,0.1629667122072094,0.1050008800207504,0.1028261826893557,0.1251693178359212,0.0003532343445176,0.044866904941853,0,1,0,1,false_negative,"(0.1, 0.2]",Q2
0.1485156535494614,0.1146433557578775,0.1100751112201915,0.1471571496557092,0.0913582425947635,0.1135180590239611,0.1208779286336607,0.000362227371938,0.0436522072363548,0,1,0,1,false_negative,"(0.1, 0.2]",Q2
0.1441815995538934,0.1650753883573872,0.1489349706001205,0.1337906228407872,0.1708354143592847,0.1377996016565784,0.1501029328946752,0.0001582714219379,0.0509667492951507,0,1,0,1,false_negative,"(0.1, 0.2]",Q1_low
0.158607093604031,0.1214208549448281,0.1516891224546943,0.1536280830549397,0.1124592884945657,0.1215903397394592,0.136565797048753,0.0002914875252222,0.0478144384354194,0,1,0,1,false_negative,"(0.1, 0.2]",Q2
0.2384157104647475,0.1604868783038507,0.2496178433082143,0.1887695628395398,0.1573185781982889,0.2004848584501714,0.1991822385941354,0.0010632904489271,0.0722735783800722,0,1,0,1,false_negative,"(0.1, 0.2]",Q4_high
0.1866704580331469,0.1702627384499911,0.1512255329085732,0.1511078860763551,0.1897696401621716,0.1742761953216542,0.1705520751586487,0.0001992373688978,0.057865403910096,0,1,0,1,false_negative,"(0.1, 0.2]",Q1_low
0.1612515974605531,0.1290695231395696,0.1353141298583407,0.1314622070295028,0.124650118770784,0.1106516354508611,0.1320665352849352,0.0001978947411374,0.0455534497211423,0,1,0,1,false_negative,"(0.1, 0.2]",Q1_low
0.1506934302307081,0.2096223078814284,0.1400939219274859,0.1466554414086549,0.1859325638361403,0.1708227931645845,0.1673034097415003,0.0005132724034946,0.0590915476173826,0,1,0,1,false_negative,"(0.1, 0.2]",Q2
0.147270601649732,0.1512101957335879,0.1350536270847411,0.1595138323950707,0.1337534531601154,0.169490580184758,0.1493820483680008,0.000137766153439,0.0505642992585874,0,1,0,1,false_negative,"(0.1, 0.2]",Q1_low
0.1802945049836978,0.179175660612928,0.1558564602302327,0.1641456512847368,0.1930889258288426,0.1882724377294522,0.176805606778315,0.000144795067346,0.0594994512227878,0,1,0,1,false_negative,"(0.1, 0.2]",Q1_low
0.1351172523009828,0.1432741468010027,0.1632143091651643,0.1886341715657429,0.1283056065531456,0.1465743730483383,0.1508533099057294,0.0003445661799826,0.0527176855470997,0,1,0,1,false_negative,"(0.1, 0.2]",Q2
0.1203881432409751,0.1369573617650785,0.1352434066805107,0.1566526972326518,0.1239957163401248,0.1200096599396129,0.1322078308664923,0.0001407519243512,0.0450649013135916,0,1,0,1,false_negative,"(0.1, 0.2]",Q1_low
0.1010695811570097,0.1368758704198288,0.137378485758176,0.1479632927747937,0.1219319474208753,0.1594884236518251,0.1341179335304181,0.0002991835729115,0.0471212672534215,0,1,0,1,false_negative,"(0.1, 0.2]",Q2
0.2186108864215474,0.1670817777206553,0.1804356571539473,0.1675904947819495,0.1676971860349791,0.1733152811713202,0.1791218805473998,0.000286183538381,0.0612247044478175,0,1,0,1,false_negative,"(0.1, 0.2]",Q2
0.1441978107631316,0.1254977218387101,0.1319227016767909,0.1912999508502825,0.1153260695329819,0.1239699863946693,0.1387023735094277,0.0005400752237625,0.0506004504061822,0,1,0,1,false_negative,"(0.1, 0.2]",Q3
0.1848745017554481,0.1398599917399134,0.1659417892162867,0.1669291442959349,0.1455281202823779,0.1233848470659044,0.1544197323926442,0.0003529924396561,0.053898559109181,0,1,0,1,false_negative,"(0.1, 0.2]",Q2
0.1531551470417136,0.1138626165638393,0.1073742145222488,0.1217743239884765,0.0892644545813803,0.1068504070479077,0.1153801939575944,0.0003270028335879,0.0416407282964279,0,1,0,1,false_negative,"(0.1, 0.2]",Q2
0.2021443240151547,0.1637039637413279,0.2044478127060771,0.2311546327620739,0.1446723891784033,0.1511974862815425,0.1828867681140965,0.0008568640264232,0.0661353474128619,0,1,0,1,false_negative,"(0.1, 0.2]",Q3
0.1605173620694837,0.1122104310960044,0.115040566645242,0.1397702329178543,0.0927455212249525,0.0976836376459405,0.1196612919332462,0.000479704343528,0.0444221930353391,0,1,0,1,false_negative,"(0.1, 0.2]",Q2
0.0991175397251505,0.1918891105540409,0.2604967385909767,0.2690113597283547,0.1891310574329903,0.179621518158808,0.1982112206983869,0.0027399569309642,0.0810960746628105,0,1,0,1,false_negative,"(0.1, 0.2]",Q4_high
0.2896351358464886,0.1868021004132471,0.157780159281812,0.19670449540554,0.1630570376117268,0.1951156438904547,0.1981824287415449,0.0016244050636386,0.0751469477370957,0,1,0,1,false_negative,"(0.1, 0.2]",Q4_high
0.1783206814750131,0.1608283616586793,0.1567853743819603,0.1620959469144764,0.1589398769238539,0.1714477694032382,0.1647363351262035,4.980548953699377e-05,0.0548635635463744,0,1,0,1,false_negative,"(0.1, 0.2]",Q1_low
0.1600928605363655,0.1573267361178181,0.2048855649467738,0.2139709368332748,0.1561513357441717,0.1634908662471143,0.175986383404253,0.0004897632233911,0.06162134704871,0,1,0,1,false_negative,"(0.1, 0.2]",Q2
0.1798350234829526,0.0959662206601699,0.1431598362934414,0.1582635304241038,0.0701061850499975,0.1218458165036256,0.1281961020690485,0.0011782959480412,0.0528735571010081,0,1,0,1,false_negative,"(0.1, 0.2]",Q4_high
0.1364983997902481,0.1127306463657712,0.1168633127387512,0.1390922136003189,0.0878126791309996,0.0997027142904296,0.1154499943194198,0.000289025749539,0.0412726798916098,0,1,0,1,false_negative,"(0.1, 0.2]",Q2
0.2042913789812233,0.1711264502366861,0.2300202378536013,0.2155352237736708,0.1874373327207005,0.1711881021872044,0.1965997876255144,0.0004161761525108,0.0676297283946215,0,1,0,1,false_negative,"(0.1, 0.2]",Q2
0.2083381056578284,0.198272162223532,0.1862527678768606,0.2106324310982693,0.1751005112159384,0.1868027318449486,0.1942331183195629,0.0001384507562881,0.0651275697894646,0,1,0,1,false_negative,"(0.1, 0.2]",Q1_low
0.1781432066236868,0.1555685423262145,0.177133593320914,0.211662476176614,0.1711263984749032,0.1764504595149784,0.1783474460728852,0.0002408609893402,0.0606658245217586,0,1,0,1,false_negative,"(0.1, 0.2]",Q1_low
0.1285145929635899,0.1650057155620422,0.1441524549712294,0.1711170752080579,0.1626929893288551,0.1416999422108515,0.1521971283741043,0.0001954225088724,0.0519427705807136,0,1,0,1,false_negative,"(0.1, 0.2]",Q1_low
0.2334768454628579,0.1855571314863719,0.1880000077948078,0.1832573186480028,0.2214668549242147,0.1874180548932419,0.1998627022015828,0.000338947274817,0.0681965391408224,0,1,0,1,false_negative,"(0.1, 0.2]",Q2
0.173685560521012,0.1112686285601859,0.1012227716945804,0.1254980143986383,0.1137872788631235,0.093469549298408,0.119821967222658,0.0005833516093102,0.0454478791954122,0,1,0,1,false_negative,"(0.1, 0.2]",Q3
0.1614897729949774,0.142783353538653,0.1621018473861158,0.1549968019096216,0.1220960991722557,0.1412925994225916,0.1474600790707025,0.0001673224179089,0.0501927765812027,0,1,0,1,false_negative,"(0.1, 0.2]",Q1_low
0.1656924061290964,0.1535980020653684,0.1884528317851707,0.212688544466071,0.1703733596333001,0.1786331158194342,0.1782397099830734,0.0003025304133234,0.0610549422470728,0,1,0,1,false_negative,"(0.1, 0.2]",Q2
0.1165115780511934,0.1160009825620708,0.1439328509810048,0.155473111461608,0.0946155992101985,0.1008452230714781,0.1212298908895923,0.0004087831020064,0.044207612876895,0,1,0,1,false_negative,"(0.1, 0.2]",Q2
0.2224968726939201,0.1425935651938795,0.1547406342120251,0.1566850473520391,0.1263987684794789,0.151048705262857,0.1589939321990333,0.0007786554730536,0.0584739823310005,0,1,0,1,false_negative,"(0.1, 0.2]",Q3
0.0911601862027444,0.1569126602541326,0.1719703415596526,0.1573635760138724,0.1878266404313189,0.1410635561418141,0.1510494934339225,0.0007929904079697,0.0562425800324785,0,1,0,1,false_negative,"(0.1, 0.2]",Q3
0.0729355087051469,0.0938479030843321,0.097313050730953,0.0891693565505311,0.0632997864697266,0.061368240154658,0.0796556409492246,0.0001786883414582,0.0291071965683479,0,1,0,1,false_negative,"(-0.001, 0.1]",Q1_low
0.1614533326952937,0.1330220058390565,0.1165476817639708,0.129382754619691,0.1665847022247437,0.1130556485019338,0.1366743542741149,0.0003625799956314,0.048472089005555,0,1,0,1,false_negative,"(0.1, 0.2]",Q2
0.1595378002679757,0.1347900904739063,0.1457196925061962,0.1462969601919379,0.134878359756686,0.1332174435742868,0.1424067244618315,7.41022458920758e-05,0.0477558493141831,0,1,0,1,false_negative,"(0.1, 0.2]",Q1_low
0.1665121714388637,0.2001092790779017,0.1503250240192339,0.1900801780428289,0.2241649232848369,0.1837570674824523,0.1858247738910196,0.0004756581246708,0.0646041936996376,0,1,0,1,false_negative,"(0.1, 0.2]",Q2
0.1630758709060037,0.1612737593888608,0.1545870475059696,0.1171035029013449,0.1538372864884435,0.1408239333289425,0.1484502334199275,0.0002122586979031,0.0508840543433041,0,1,0,1,false_negative,"(0.1, 0.2]",Q1_low
0.1700554325360765,0.2163144729183812,0.1732219419004476,0.144995692657763,0.232882054667532,0.2253816520226537,0.1938085411171423,0.000914404309851,0.0697835579504213,0,1,0,1,false_negative,"(0.1, 0.2]",Q3
0.1017495515773897,0.1151205605626274,0.1208855818702848,0.1231594460182452,0.0948854860754511,0.0911909102108286,0.1078319227191378,0.0001342834267298,0.0372305617195438,0,1,0,1,false_negative,"(0.1, 0.2]",Q1_low
0.1995623316128729,0.1693861975773278,0.2313942137315668,0.2061070438738919,0.1740203683733502,0.1789354856451583,0.193234273469028,0.0004006133978004,0.0664652274539197,0,1,0,1,false_negative,"(0.1, 0.2]",Q2
0.156470646932098,0.1524354239176072,0.1348724434542842,0.1418323730295101,0.1450664224476563,0.1516437377187152,0.1470535079166452,4.547211804578659e-05,0.0490258185704386,0,1,0,1,false_negative,"(0.1, 0.2]",Q1_low
0.2111504855403267,0.2056595720692499,0.1734258532457787,0.2042582717532913,0.2126937578419549,0.1916194197061786,0.1998012266927967,0.0001588301124396,0.0670697039330932,0,1,0,1,false_negative,"(0.1, 0.2]",Q1_low
0.2238248993536628,0.1861515169708173,0.1919298123274583,0.1741412798683182,0.2257200667092513,0.1960024506953843,0.1996283376541487,0.0003099830117022,0.0679445654257169,0,1,0,1,false_negative,"(0.1, 0.2]",Q2
0.234075239268172,0.169222243293891,0.1415773334695234,0.1681378559324092,0.2065368580482333,0.2030242746022887,0.1870956341024196,0.0007985053175513,0.0670427381341184,0,1,0,1,false_negative,"(0.1, 0.2]",Q3
0.1584621736706271,0.1582888657816172,0.2362950777339167,0.2319005640608104,0.1646171494442307,0.1915009458880168,0.1901774627632032,0.0009350678566718,0.0688127654608116,0,1,0,1,false_negative,"(0.1, 0.2]",Q3
0.1422868480738811,0.1184057096676961,0.1316271732536047,0.1587301698252982,0.1036539367635695,0.1234228390629796,0.1296877794411716,0.0002643219655533,0.0454242242444748,0,1,0,1,false_negative,"(0.1, 0.2]",Q1_low
0.1661563062065866,0.1598634311662651,0.1303654697266073,0.1603451063456979,0.1805510009231597,0.1610797212836976,0.1597268392753357,0.0001913292823393,0.0543247601887367,0,1,0,1,false_negative,"(0.1, 0.2]",Q1_low
0.1444821917023381,0.1536200868615353,0.1473735835764342,0.1764117546045656,0.1643407684131262,0.1599094422542981,0.1576896379020496,9.958593998556211e-05,0.0529473771749239,0,1,0,1,false_negative,"(0.1, 0.2]",Q1_low
0.182459538453819,0.1483673730174933,0.1838144595849501,0.1808655205004819,0.1677746821186929,0.1483584241734976,0.1686066663081558,0.0001991101498976,0.0572382497756968,0,1,0,1,false_negative,"(0.1, 0.2]",Q1_low
0.2076378955378867,0.175827051146338,0.1849902679353409,0.1664561039803048,0.1776131469344688,0.188916301699424,0.1835734612056272,0.0001425980598542,0.0616838793558363,0,1,0,1,false_negative,"(0.1, 0.2]",Q1_low
0.2634546672594606,0.1559517810051231,0.1445915185181246,0.2021107615895467,0.159746515512475,0.1620940206659371,0.1813248774251112,0.0014294200845405,0.0692125523451899,0,1,0,1,false_negative,"(0.1, 0.2]",Q4_high
0.1855515884677493,0.1761810376628247,0.1734594296454162,0.1823541215041311,0.1886224204325655,0.1690949257552718,0.1792105872446598,4.0464757125239535e-05,0.0595529643395797,0,1,0,1,false_negative,"(0.1, 0.2]",Q1_low
0.1880382312528669,0.1674766826756546,0.2100051812058783,0.235201807449146,0.1571159495661844,0.1901054541062719,0.1913238843760003,0.0005750592723023,0.0669537059278202,0,1,0,1,false_negative,"(0.1, 0.2]",Q3
0.2248291367225873,0.1342189815939421,0.185063398411699,0.1752723459698528,0.1437082259244901,0.1799769090474767,0.173844832945008,0.0007490455387976,0.062709849143832,0,1,0,1,false_negative,"(0.1, 0.2]",Q3
0.1512229338245378,0.1034269229936128,0.1206111015823862,0.1273218802046211,0.0725000138790909,0.0759120222114439,0.1084991457826155,0.0006728432047913,0.0431322095715508,0,1,0,1,false_negative,"(0.1, 0.2]",Q3
0.2244075794728468,0.2057436757513182,0.1447603912845252,0.1422968882820694,0.2322697592961147,0.199830843932457,0.1915515230032219,0.0010889840881777,0.0701466054114196,0,1,0,1,false_negative,"(0.1, 0.2]",Q4_high
0.2035748525818454,0.1819692119282001,0.2081416519981243,0.1349249597558943,0.1703054346903748,0.2058042169001046,0.1841200546424239,0.0005773366292708,0.0647285626420003,0,1,0,1,false_negative,"(0.1, 0.2]",Q3
0.1237818752126601,0.1994527512860633,0.1858987246608166,0.2700636561387097,0.2144608325755036,0.1947891130957166,0.1980744921615783,0.0015901839204941,0.0749263057988601,0,1,0,1,false_negative,"(0.1, 0.2]",Q4_high
0.1784853243064429,0.144479044165046,0.2092509076147327,0.2357863917593201,0.1430911319969759,0.1255732434772461,0.1727776738866273,0.0013204762919456,0.0661118449341376,0,1,0,1,false_negative,"(0.1, 0.2]",Q4_high
0.1547828366627379,0.1264302352437745,0.1142661465006707,0.1487476927694749,0.1293062267428625,0.1336373485462358,0.1345284144109594,0.0001595192495569,0.0459820069910945,0,1,0,1,false_negative,"(0.1, 0.2]",Q1_low
0.1952895159570856,0.1893292374866673,0.1969772138261513,0.2267968323147404,0.2208671792278291,0.164933323782047,0.1990322170990868,0.0003603932311904,0.0680619520340245,0,1,0,1,false_negative,"(0.1, 0.2]",Q2
0.1641420828704097,0.1317985383868682,0.1343771801957751,0.145604790515174,0.1235424234693498,0.1264919198972345,0.1376594892224686,0.0001619408609013,0.0470052721192939,0,1,0,1,false_negative,"(0.1, 0.2]",Q1_low
0.1711970934177182,0.114717444430367,0.1386741693160065,0.1676804114060819,0.1004029473288909,0.131012871177442,0.1372808228460844,0.0005692515392576,0.0504214212758791,0,1,0,1,false_negative,"(0.1, 0.2]",Q3
0.1263872787303238,0.1334358525083613,0.1822358492274302,0.2142966375159723,0.1157353458355224,0.1410231357726248,0.1521856832650391,0.0010330180725022,0.0583334848928682,0,1,0,1,false_negative,"(0.1, 0.2]",Q3
0.1838879292612179,0.1988677800547779,0.1526009423414348,0.1444049109479513,0.1881741993985955,0.1795110947869182,0.1745744761318159,0.0003256095074266,0.0600485227044398,0,1,0,1,false_negative,"(0.1, 0.2]",Q2
0.1572805515940121,0.2217645004984567,0.1856351660142979,0.1934476103252505,0.2233752718500686,0.1556049675409796,0.1895180113038443,0.0006294309626985,0.0667317864189094,0,1,0,1,false_negative,"(0.1, 0.2]",Q3
0.1962238346203934,0.1655639500476307,0.1881947085044228,0.1892236170606674,0.1759673732552908,0.1645585408245015,0.1799553373854844,0.0001255042112296,0.0603893122431989,0,1,0,1,false_negative,"(0.1, 0.2]",Q1_low
0.1788236892529672,0.1757314719008806,0.1870628206939864,0.1842198182754969,0.2046690572210249,0.1870715457157916,0.1862630671766913,7.292963168091769e-05,0.0620926010345813,0,1,0,1,false_negative,"(0.1, 0.2]",Q1_low
0.1584594921100031,0.1902952498693357,0.1704050298051541,0.1755326975193152,0.189107452613428,0.1617381144560776,0.1742563393955523,0.000128644318345,0.0585564979818677,0,1,0,1,false_negative,"(0.1, 0.2]",Q1_low
0.1936383902156629,0.1521065285225595,0.1722808732806841,0.1608535401368631,0.1474921041741323,0.1667709403089922,0.1655237294398157,0.0001949457338115,0.056215573929933,0,1,0,1,false_negative,"(0.1, 0.2]",Q1_low
0.1908312624964527,0.1857224821116882,0.165763087871903,0.1860675747861808,0.231389283427879,0.1781001490110081,0.189645639950852,0.0003536865491653,0.065027224119936,0,1,0,1,false_negative,"(0.1, 0.2]",Q2
0.2023652092018856,0.1573060412927495,0.1648479389939052,0.1894831423933307,0.1649070801242479,0.1513239478001792,0.1717055599677164,0.0002817227248975,0.0588269969406625,0,1,0,1,false_negative,"(0.1, 0.2]",Q2
0.1977638741649469,0.1436496941009279,0.1604179692595953,0.1750343032874871,0.1420836130243875,0.1621853551884439,0.1635224681709648,0.0003101390965782,0.0564352006648977,0,1,0,1,false_negative,"(0.1, 0.2]",Q2
0.141822808615768,0.1211996422570108,0.1816547776873656,0.1699646415693069,0.1342520751754697,0.1311980757682148,0.1466820035121893,0.0004046276879177,0.0519071655201679,0,1,0,1,false_negative,"(0.1, 0.2]",Q2
0.1459372134339747,0.155946368247814,0.1304142886588074,0.155663269268768,0.1389616563972336,0.1411523946274513,0.1446791984390082,7.111397319759251e-05,0.04847081421284,0,1,0,1,false_negative,"(0.1, 0.2]",Q1_low
0.1769896507526599,0.1518088938796953,0.1840111294967256,0.1905064893380515,0.1402032763434113,0.1693314665567475,0.1688084843945485,0.0002680532621819,0.0578051848299226,0,1,0,1,false_negative,"(0.1, 0.2]",Q2
0.2411715467208071,0.1758779476521099,0.1915664387893279,0.211571852280882,0.1728120237639493,0.1862316785649198,0.1965385812953327,0.0004769809427171,0.0679834528030952,0,1,0,1,false_negative,"(0.1, 0.2]",Q2
0.1722727673059776,0.1390722175271357,0.1449286406046661,0.1238263408541282,0.1392377704288436,0.120446704590773,0.1399640735519207,0.0002444536641858,0.0484671941989858,0,1,0,1,false_negative,"(0.1, 0.2]",Q1_low
0.2611003020605565,0.1634012683933819,0.1847906292075277,0.1794640690746955,0.1585560832009638,0.170889315880153,0.1863669446362131,0.0010250903520335,0.0682214088877582,0,1,0,1,false_negative,"(0.1, 0.2]",Q3
0.2057183994325536,0.169431437776774,0.1793780646119335,0.1903659325859875,0.1853984674789665,0.1990080390499105,0.1882167234893542,0.000123761667012,0.0630703215370525,0,1,0,1,false_negative,"(0.1, 0.2]",Q1_low
0.1991907442080377,0.1220724908293972,0.1437025600894856,0.140103989832873,0.1144112694117964,0.1252657373484701,0.1407911319533434,0.0006723979772084,0.0523042636887159,0,1,0,1,false_negative,"(0.1, 0.2]",Q3
0.1079389854253499,0.1042057660953268,0.0959069500524096,0.0997588746377603,0.0754707756402002,0.0774354979714799,0.0934528083037544,0.0001358817774557,0.0327313212410257,0,1,0,1,false_negative,"(-0.001, 0.1]",Q1_low
0.1713649292211406,0.1279162987910136,0.1716538093469921,0.2433565179158599,0.1091728130428923,0.1316049833104769,0.1591782252713959,0.0016611819821951,0.0645546671784041,0,1,0,1,false_negative,"(0.1, 0.2]",Q4_high
0.1559172921439122,0.2022393682864715,0.2026327342040707,0.2152769513165263,0.17127283366512,0.1730624089698,0.1867335980976501,0.000383359401814,0.0642933956969379,0,1,0,1,false_negative,"(0.1, 0.2]",Q2
0.2198008769653295,0.1928509345338908,0.167165128543287,0.2134020723679108,0.1455357471816946,0.2027995401708588,0.1902590499604952,0.0005865434010228,0.0666938022641948,0,1,0,1,false_negative,"(0.1, 0.2]",Q3
0.1476980734501367,0.1089093577774804,0.1066006349071973,0.1240670151678902,0.0992079180735942,0.0703212026450985,0.1094673670035662,0.0004744206636373,0.0414057275677801,0,1,0,1,false_negative,"(0.1, 0.2]",Q2
0.1869394966562955,0.1564818686361402,0.1572509670164766,0.1473778789041065,0.1625434275629413,0.1594177440379607,0.1616685638023201,0.0001278703237843,0.0544616418452314,0,1,0,1,false_negative,"(0.1, 0.2]",Q1_low
0.1571706981099246,0.1526695342693084,0.1505399689953724,0.1689670512820153,0.1467639924836327,0.1558416172210774,0.1553254770602218,4.185970376273305e-05,0.0517106064050608,0,1,0,1,false_negative,"(0.1, 0.2]",Q1_low
0.1900059814823131,0.1622694007070794,0.216059301024768,0.1873083613700815,0.1639470280875457,0.1890814543503827,0.1847785878370284,0.000281620066152,0.0630035516758091,0,1,0,1,false_negative,"(0.1, 0.2]",Q2
0.1504486079012309,0.1659974567759632,0.1767689924205379,0.2120407081302385,0.1707867986399498,0.1550568364880729,0.1718499000593322,0.0003449860128868,0.059321260617007,0,1,0,1,false_negative,"(0.1, 0.2]",Q2
0.2074676046580741,0.1452840204697221,0.1592897799300683,0.1956607809771243,0.1406252986694756,0.1680175420090082,0.1693908377855788,0.0005217803262256,0.0597961391206498,0,1,0,1,false_negative,"(0.1, 0.2]",Q2
0.1446455765831105,0.1195484130746771,0.1271276675548557,0.1370559012501251,0.1028987940688245,0.0921395481667712,0.1205693167830607,0.0002880038684495,0.0428298552940173,0,1,0,1,false_negative,"(0.1, 0.2]",Q2
0.1894841692373311,0.1903075078520659,0.193638025755141,0.1462985770839023,0.2075529963062623,0.1833751569216435,0.1851094055260577,0.0003045569968615,0.0632609941165786,0,1,0,1,false_negative,"(0.1, 0.2]",Q2
0.2197072546454849,0.1252606784365969,0.1801109291252132,0.1990531589052301,0.122139747127668,0.1618084338699838,0.1680133670183628,0.0011075371836479,0.0633720382091432,0,1,0,1,false_negative,"(0.1, 0.2]",Q4_high
0.1663977874454273,0.1364863541119382,0.1240271237473785,0.1321066202136801,0.1300432400403684,0.1323951091750704,0.1369093724556438,0.0001608980959026,0.0467559003710637,0,1,0,1,false_negative,"(0.1, 0.2]",Q1_low
0.208320542671052,0.1698656066738208,0.1883393024531445,0.1741540165913248,0.1835091115671313,0.200698691942168,0.1874812119831069,0.0001590595811974,0.0630642601353036,0,1,0,1,false_negative,"(0.1, 0.2]",Q1_low
0.1630183524075432,0.1375630275032589,0.1354640121830399,0.1382007485374145,0.1128465552116618,0.1158204195316817,0.1338188525624333,0.000236045435348,0.0464571558164006,0,1,0,1,false_negative,"(0.1, 0.2]",Q1_low
0.108765571712571,0.1109556240181195,0.1525692712149207,0.1774846367366039,0.0970304492727072,0.0994661608037499,0.1243786189597787,0.0007724941418341,0.0484460057999941,0,1,0,1,false_negative,"(0.1, 0.2]",Q3
0.2167355760729054,0.1905235250281875,0.1728220205704183,0.1698886420706563,0.2031566479782859,0.1940962156950585,0.1912037712359187,0.0002279709684807,0.0647191852652478,0,1,0,1,false_negative,"(0.1, 0.2]",Q1_low
0.1692403408420201,0.1353822591119382,0.1582768367403601,0.1831608010067172,0.1289559637883666,0.1202590795006107,0.1492125468316688,0.0004393810187849,0.0529651302028446,0,1,0,1,false_negative,"(0.1, 0.2]",Q2
0.2164532084205978,0.1414842488867639,0.1572959352605316,0.2218805644197678,0.1225104174417103,0.1480825678212214,0.1679511570417655,0.0012192117999435,0.0640888850232739,0,1,0,1,false_negative,"(0.1, 0.2]",Q4_high
0.2660032613073937,0.1626228493237154,0.1766609369237315,0.2076909759099814,0.1797976140645082,0.194217646629803,0.1978322140265222,0.0009672458719198,0.071310991289157,0,1,0,1,false_negative,"(0.1, 0.2]",Q3
0.2113153154552325,0.1674846882587581,0.152603464771267,0.1428016247817186,0.1686178742146945,0.1740890764809213,0.169485340660432,0.0003961021013626,0.0589385156131619,0,1,0,1,false_negative,"(0.1, 0.2]",Q2
0.1586158612958191,0.1956335888595906,0.1627514775574451,0.1643163803265876,0.2133750957255197,0.1494306751598402,0.1740205131541337,0.0004398618570704,0.0606660893653911,0,1,0,1,false_negative,"(0.1, 0.2]",Q2
0.2275634215180985,0.2025192760222335,0.1757017849086928,0.1372559205218058,0.2145831068838191,0.2394029498510617,0.1995044099509519,0.0010081567900028,0.0720527278578754,0,1,0,1,false_negative,"(0.1, 0.2]",Q3
0.2186801675835482,0.1723163030334479,0.1742355655603312,0.1536983269675389,0.1703590730435458,0.1721231515495094,0.1769020979563202,0.0003396587862484,0.0608842339646663,0,1,0,1,false_negative,"(0.1, 0.2]",Q2
0.2054074836693434,0.1605422373530803,0.1784204484971449,0.1808683695915946,0.1796588563931843,0.1687528142851221,0.1789417016315783,0.000163898485025,0.0603257868067676,0,1,0,1,false_negative,"(0.1, 0.2]",Q1_low
0.1955311617720796,0.1753436620149917,0.1732065422255562,0.1560231090517742,0.1813925262810131,0.1729575666827277,0.1757424280046904,0.0001181020454567,0.0589651700193144,0,1,0,1,false_negative,"(0.1, 0.2]",Q1_low
0.1607389034087401,0.1873055976195553,0.1935986384879722,0.2134527967137579,0.2023629969465178,0.2032272326242691,0.1934476943001354,0.0002404198930068,0.0655227620510616,0,1,0,1,false_negative,"(0.1, 0.2]",Q1_low
0.1272556943929493,0.1183526215659706,0.1450679721817514,0.161249982234955,0.1077412158341026,0.1121406064475322,0.1286346821095435,0.0003071463808513,0.0454965473125204,0,1,0,1,false_negative,"(0.1, 0.2]",Q2
0.2173370199686053,0.1487466141958017,0.1372211018972091,0.1288368230079191,0.1502018606209963,0.1527138224027233,0.1558428736822091,0.0007070851534132,0.0570178917599964,0,1,0,1,false_negative,"(0.1, 0.2]",Q3
0.1874066442686904,0.1718513060333773,0.1701081495988907,0.1724808664987071,0.2165819201992336,0.2224522460855737,0.1901468554474121,0.0003997605280002,0.0654807115899061,0,1,0,1,false_negative,"(0.1, 0.2]",Q2
0.2036264299160867,0.166737898693651,0.1764568433803923,0.2130040775303543,0.1585544204149702,0.1910513075218319,0.1849051629095477,0.0003247993081092,0.0633292655053721,0,1,0,1,false_negative,"(0.1, 0.2]",Q2
0.2293515593053203,0.1552257391026328,0.1684241626307726,0.1357722911272378,0.1709639444257686,0.1522439273050936,0.1686636039828043,0.0007457710393776,0.0611271687432313,0,1,0,1,false_negative,"(0.1, 0.2]",Q3
0.1957293604256341,0.1775207826517225,0.2488367434785493,0.189382082924073,0.1841083578819987,0.1801095661286183,0.195947815581766,0.0005101391012897,0.0680003432193587,0,1,0,1,false_negative,"(0.1, 0.2]",Q2
0.1383981838529922,0.1326580120514357,0.1312992321275503,0.1182630635043888,0.1103090790976894,0.1071766416018171,0.1230173687059789,0.000119019059763,0.0419063497886718,0,1,0,1,false_negative,"(0.1, 0.2]",Q1_low
0.1770619115021292,0.1634422505088052,0.1755761264908571,0.1737802408751381,0.1754543526308105,0.1586320399454253,0.1706578203255276,4.209174187269213e-05,0.0567512700058595,0,1,0,1,false_negative,"(0.1, 0.2]",Q1_low
0.1809481999552702,0.1777875288023022,0.1610950847726119,0.1513081150918675,0.1971810819401743,0.1876033917433231,0.1759872337175916,0.0002061145106437,0.0596651366067817,0,1,0,1,false_negative,"(0.1, 0.2]",Q1_low
0.1928463624462837,0.1921442437127875,0.1802442632164641,0.1574060229272595,0.224398628845248,0.2491210612926295,0.1993600970734454,0.000760448336191,0.070564448619753,0,1,0,1,false_negative,"(0.1, 0.2]",Q3
0.0945169086243012,0.1024573733625108,0.1003769807380348,0.1090929232223492,0.0914103151952946,0.0724252706242613,0.095046628627792,0.0001151227713663,0.0329608695144945,0,1,0,1,false_negative,"(-0.001, 0.1]",Q1_low
0.2043652148381596,0.1473512780642501,0.1327325399637069,0.1539879873583713,0.1471777638343039,0.1559062247451801,0.1569201681339953,0.0004331682396095,0.0552939148677534,0,1,0,1,false_negative,"(0.1, 0.2]",Q2
0.1608450914089611,0.133778260004929,0.1308785469171569,0.1225582637822315,0.1243094663329407,0.1236787371449984,0.1326747275985363,0.000150180246636,0.0453026943471978,0,1,0,1,false_negative,"(0.1, 0.2]",Q1_low
0.2225928572475539,0.1646772435924864,0.1993040483525603,0.1990370984775444,0.1841981879489974,0.1815139312117515,0.191887227805149,0.0002794393448708,0.0652690843143837,0,1,0,1,false_negative,"(0.1, 0.2]",Q2
0.2244494184220986,0.1623979897744631,0.1885491439131734,0.2608836044533317,0.1720582597890028,0.1715042505657097,0.1966404444862965,0.0010535213618391,0.0714555049208989,0,1,0,1,false_negative,"(0.1, 0.2]",Q4_high
0.1395268881518841,0.1158211066205231,0.1458107711416583,0.1635083430069854,0.1001478208027134,0.1037777946658966,0.1280987873982768,0.0004602373071088,0.0467397190372726,0,1,0,1,false_negative,"(0.1, 0.2]",Q2
0.186001015669045,0.1784616450884333,0.1850643879689319,0.2410217133849512,0.1389975252395162,0.1779044754425394,0.1845751271322362,0.0007639542406896,0.0660595456336768,0,1,0,1,false_negative,"(0.1, 0.2]",Q3
0.2165116447464208,0.1613934201387306,0.1873436247555145,0.1648204480458404,0.1650038700785369,0.1893854203818779,0.1807430713578202,0.0003247585337729,0.0620032573624179,0,1,0,1,false_negative,"(0.1, 0.2]",Q2
0.1994314921479947,0.1485788767996217,0.1300262978354461,0.1575599673199998,0.1704263576227851,0.1412266067859782,0.1578749330853043,0.0004319592826856,0.0555804245312984,0,1,0,1,false_negative,"(0.1, 0.2]",Q2
0.1387776134489432,0.1668030719404389,0.141902397405394,0.1852534729653382,0.1673738986897106,0.1645653058334347,0.1607792933805433,0.0002190721722048,0.0548755885624422,0,1,0,1,false_negative,"(0.1, 0.2]",Q1_low
0.1643382724065048,0.1636895164084901,0.1520442702906952,0.2070189245052644,0.1576737656266045,0.1404046720298223,0.1641949035445636,0.0003700444265386,0.0570899207311162,0,1,0,1,false_negative,"(0.1, 0.2]",Q2
0.1900094784870162,0.1724272484670367,0.1598526342991083,0.1719556007919971,0.1726459241552107,0.1655992574054935,0.1720816906009771,7.334728643392031e-05,0.0574477397331962,0,1,0,1,false_negative,"(0.1, 0.2]",Q1_low
0.2157307560392667,0.1986029657836765,0.1973429281502331,0.1283081063448864,0.193266396485526,0.2203537082318061,0.1922674768392325,0.0007852942007606,0.0685376788615377,0,1,0,1,false_negative,"(0.1, 0.2]",Q3
0.0803329637154515,0.1182121154664417,0.1106228238632351,0.1418096933824602,0.0880706769169458,0.0824334520345807,0.1035802875631858,0.0004219071308537,0.0391548128231385,0,1,0,1,false_negative,"(0.1, 0.2]",Q2
0.2173549876386233,0.1573478611842298,0.1620578090019553,0.1632760532046831,0.1664906992153379,0.176708091641529,0.1738725836477264,0.0003540276557199,0.0600242624948415,0,1,0,1,false_negative,"(0.1, 0.2]",Q2
0.1471246889969135,0.1561852923991614,0.1288942013116873,0.1479718537559815,0.1650900219463692,0.188122746939511,0.155564800891604,0.0002844777019518,0.0537230459594745,0,1,0,1,false_negative,"(0.1, 0.2]",Q2
0.2111397074948797,0.1269601341171822,0.1250003265864941,0.1576537656873499,0.153870173390731,0.1539386215406094,0.1547604548028744,0.0006924260649385,0.0565871233683776,0,1,0,1,false_negative,"(0.1, 0.2]",Q3
0.1666336172892482,0.1356731984711588,0.1769552786293589,0.2166396775588394,0.1173350723880101,0.1476644200295685,0.1601502107276973,0.0008719514142998,0.0594790176278228,0,1,0,1,false_negative,"(0.1, 0.2]",Q3
0.1059245168582432,0.1141471789395319,0.1093062790034163,0.1493441249508946,0.0873169580784648,0.0857644841862727,0.1086339236694706,0.0003818476718992,0.0401973750174614,0,1,0,1,false_negative,"(0.1, 0.2]",Q2
0.0838060501910156,0.1367605607349202,0.170869691162539,0.1914284633096275,0.1537407186709629,0.1416124126041219,0.1463696494455312,0.0009591501789133,0.0561418269733448,0,1,0,1,false_negative,"(0.1, 0.2]",Q3
0.1815341667916439,0.1581249617326061,0.1588963804734817,0.1814705916038369,0.1588777979924846,0.1774734436878959,0.1693962237136582,0.0001008981198556,0.0567721109991652,0,1,0,1,false_negative,"(0.1, 0.2]",Q1_low
0.2155375854575696,0.1813479899458484,0.1685698772205928,0.1655378192796777,0.2122256042044576,0.1937682374099041,0.1894978522530084,0.0003273340254551,0.0648109149023687,0,1,0,1,false_negative,"(0.1, 0.2]",Q2
0.2501583421154684,0.1326671213939373,0.1576437044534767,0.3235087955458605,0.1361341041445779,0.1404681683946586,0.1900967060079966,0.0044474992015878,0.087528508856031,0,1,0,1,false_negative,"(0.1, 0.2]",Q4_high
0.1423893218881765,0.1402436144487387,0.1225676693895932,0.1156996031112805,0.1284803852686452,0.1298255623388195,0.1298676927408756,7.434320706643286e-05,0.0436762619090306,0,1,0,1,false_negative,"(0.1, 0.2]",Q1_low
0.1962624372810827,0.1397524714275435,0.1502299377269774,0.1662125751961261,0.1412576528280443,0.1401058459907354,0.1556368200750849,0.0003559722693083,0.0543023133353096,0,1,0,1,false_negative,"(0.1, 0.2]",Q2
0.1510372928253354,0.1672615574545473,0.1629952487454938,0.1830138637887032,0.1843695448277077,0.1858564333643791,0.1724223235010278,0.0001440307017925,0.0580711296720879,0,1,0,1,false_negative,"(0.1, 0.2]",Q1_low
0.2031755078538572,0.185005987978173,0.1912271392144074,0.1751164347982727,0.2178255878590797,0.1818173264185406,0.1923613306870551,0.0001756178197155,0.0647570019761817,0,1,0,1,false_negative,"(0.1, 0.2]",Q1_low
0.1373681864528198,0.1315903467254593,0.1432379183538127,0.1214726551795619,0.1241606689052372,0.1339198949712138,0.1319582784313508,4.731881486728675e-05,0.0440974351757628,0,1,0,1,false_negative,"(0.1, 0.2]",Q1_low
0.0837625700103481,0.1359806751068778,0.1297774112604166,0.1390753443860808,0.1018465772717376,0.139214471760505,0.1216095082993277,0.0003873142033602,0.044115143689954,0,1,0,1,false_negative,"(0.1, 0.2]",Q2
0.1415488932744467,0.1392152263714602,0.1239111184430822,0.169543946284746,0.1412662689911336,0.1321608141965921,0.1412743779269102,0.0001697176926381,0.0482308684166809,0,1,0,1,false_negative,"(0.1, 0.2]",Q1_low
0.1795152605605132,0.1300005357797689,0.1318021368402881,0.1374942115816053,0.1318585604193414,0.1230350643892799,0.1389509615951328,0.0002974883181588,0.0486108342764367,0,1,0,1,false_negative,"(0.1, 0.2]",Q2
0.1693781311233207,0.1504999929028712,0.1463195575548477,0.1362896565805689,0.1599286322952368,0.1877983630540932,0.1583690555851564,0.0002406183675006,0.0542717190363574,0,1,0,1,false_negative,"(0.1, 0.2]",Q1_low
0.1603778681574653,0.1722093805198625,0.1415546100443394,0.1675686963893562,0.1683879958845239,0.1608006283400451,0.1618165298892654,8.541858976285292e-05,0.0541817121421524,0,1,0,1,false_negative,"(0.1, 0.2]",Q1_low
0.209504722775096,0.1712200560201824,0.1965135496123174,0.2328669811290718,0.1783861383843838,0.1910149414913677,0.1965843982354032,0.0003555587133162,0.067250881751539,0,1,0,1,false_negative,"(0.1, 0.2]",Q2
0.2594235381161172,0.1806105806003824,0.1943433751575296,0.183003585204534,0.1778974237610736,0.1933292854240624,0.1981012980439499,0.0006770534117205,0.0696811171557386,0,1,0,1,false_negative,"(0.1, 0.2]",Q3
0.1890692717384915,0.1775367864229029,0.1791909073259314,0.1711279525974492,0.1953935157719615,0.1657313486153934,0.179674963745355,8.680111654534274e-05,0.0600291881636135,0,1,0,1,false_negative,"(0.1, 0.2]",Q1_low
0.1598332743020653,0.1937314196665913,0.2081195261792929,0.1419027715296651,0.2061014757060538,0.1633348996296224,0.1788372278355484,0.0005411793786935,0.0628530542558072,0,1,0,1,false_negative,"(0.1, 0.2]",Q3
0.197703084896379,0.1690645484386539,0.1641795566481972,0.1673790546006161,0.1946764308150554,0.1582066022404469,0.1752015462732248,0.0001992509806697,0.0593636408109403,0,1,0,1,false_negative,"(0.1, 0.2]",Q1_low
0.1245171670750284,0.1382468182674716,0.1970476816917991,0.1987416366008929,0.115560285189933,0.1618383945154981,0.1559919972234372,0.000926794414625,0.0586591061603463,0,1,0,1,false_negative,"(0.1, 0.2]",Q3
0.1684278648563188,0.1812495334459467,0.1454511888416161,0.1231248762477267,0.1679791404955795,0.140653537410695,0.1544810235496471,0.0003356017038549,0.0537818761509162,0,1,0,1,false_negative,"(0.1, 0.2]",Q2
0.1388070642479159,0.1436513865852082,0.1444415488514808,0.1417800697848423,0.1439819168789247,0.1343101083045464,0.1411620157754864,1.1111509986288518e-05,0.0467852956640777,0,1,0,1,false_negative,"(0.1, 0.2]",Q1_low
0.2572336295052557,0.160569658487415,0.1775171897540375,0.1816966277382087,0.1345474804934696,0.177640109223465,0.1815341158669753,0.0012012848764655,0.0678821891466011,0,1,0,1,false_negative,"(0.1, 0.2]",Q4_high
0.1332774972101097,0.1413946265080917,0.1590280262169776,0.1577219927257404,0.1408259280199825,0.125244769799131,0.1429154734133388,0.0001272386998248,0.0483872282668684,0,1,0,1,false_negative,"(0.1, 0.2]",Q1_low
0.1894247346738773,0.1375320900028945,0.1393483201347729,0.1392189196559074,0.1369231855049846,0.1250096339080187,0.1445761473134093,0.0003654944097274,0.0509357244814909,0,1,0,1,false_negative,"(0.1, 0.2]",Q2
0.1617958018692491,0.1342631997835678,0.1333556250284859,0.1600215052311582,0.1271638191090802,0.1464820851272421,0.1438470060247972,0.0001529949259517,0.0489105525476458,0,1,0,1,false_negative,"(0.1, 0.2]",Q1_low
0.2212246426611185,0.1378832951672061,0.1315256020559402,0.1621266067829406,0.1585240006463442,0.1478157401469518,0.1598499812434169,0.0007433455749747,0.0584743270048245,0,1,0,1,false_negative,"(0.1, 0.2]",Q3
0.2139029775685298,0.1688547008676909,0.2235257444760719,0.1737270927954996,0.1514280950682348,0.1879146411801439,0.1865588753260284,0.0005469073715627,0.0652914114714235,0,1,0,1,false_negative,"(0.1, 0.2]",Q3
0.1582587214700451,0.1351486594346587,0.1373537784200762,0.1504231047542015,0.1278238759894943,0.1343253712924318,0.1405555852268179,9.302391051302075e-05,0.0473216151902143,0,1,0,1,false_negative,"(0.1, 0.2]",Q1_low
0.2230780970014762,0.1620845261785611,0.2039984915532215,0.1983393917895046,0.1372806908252333,0.1478009743121507,0.1787636952766912,0.0008487847809938,0.0648445202210281,0,1,0,1,false_negative,"(0.1, 0.2]",Q3
0.1882337785090096,0.1245784275169627,0.1077191833907998,0.1308133791912226,0.1211430998399863,0.1183319361079699,0.1318033007593252,0.0005875342593954,0.0489618729493441,0,1,0,1,false_negative,"(0.1, 0.2]",Q3
0.093525467294173,0.0983439401572025,0.1082272224229322,0.1055479026075723,0.0717924910308754,0.0890585446692371,0.0944159280303321,0.0001244880526464,0.0328841385871618,0,1,0,1,false_negative,"(-0.001, 0.1]",Q1_low
0.1509244018180272,0.1612295365472305,0.1454703205493509,0.1367721790084465,0.1709176457268006,0.1452581672868539,0.1517620418227849,0.0001091220551167,0.0510975004900171,0,1,0,1,false_negative,"(0.1, 0.2]",Q1_low
0.2041445321216302,0.1835537371877342,0.2127514897858504,0.2317141962876035,0.1854682095163946,0.1803505492819354,0.199663785696858,0.0002932347218228,0.0678534105391338,0,1,0,1,false_negative,"(0.1, 0.2]",Q2
0.1768551750356669,0.1472660088106245,0.1949163067202852,0.2189380536773207,0.1517068307035601,0.1577309353452873,0.1745688850487908,0.0005627864207638,0.0616774492927982,0,1,0,1,false_negative,"(0.1, 0.2]",Q3
0.2197636513469656,0.1379197547890537,0.1354219852786099,0.1477639067741947,0.1198656948780944,0.1379731122795507,0.1497846842244115,0.0008975517439814,0.056656109719997,0,1,0,1,false_negative,"(0.1, 0.2]",Q3
0.0609228698380751,0.1020076426123523,0.1027834902919029,0.1083448651892309,0.0731750391654855,0.0928375414243174,0.090011908086894,0.0002543921114308,0.0332229307008747,0,1,0,1,false_negative,"(-0.001, 0.1]",Q1_low
0.1643220254758376,0.1451364961420497,0.1717078807321949,0.1824861113480413,0.1448916317654676,0.1493973251297112,0.1596569117655504,0.00017461093912,0.0541728198870533,0,1,0,1,false_negative,"(0.1, 0.2]",Q1_low
0.1798433857512368,0.1471350949952964,0.164622042442572,0.1625775731760413,0.1274056686786431,0.1351452078465561,0.152788162148391,0.0002793371992515,0.0528049883666394,0,1,0,1,false_negative,"(0.1, 0.2]",Q2
0.1905367117244263,0.1330632169826306,0.1717203660743451,0.1876982499444573,0.1388755766922869,0.1208037830082927,0.1571163174044065,0.0006421902868342,0.0569198618760346,0,1,0,1,false_negative,"(0.1, 0.2]",Q3
0.1419088691554793,0.0997929836971334,0.0977369987714312,0.0969624857070106,0.0816024718481567,0.0853111076788992,0.1005524861430184,0.0003318778559101,0.0372689448907012,0,1,0,1,false_negative,"(0.1, 0.2]",Q2
0.0831140265141,0.1726588500375288,0.1790419070458684,0.1870353518589691,0.1781555456363981,0.1402709563079374,0.1567127729001337,0.0011170325296501,0.0602110951427455,0,1,0,1,false_negative,"(0.1, 0.2]",Q4_high
0.1525060810469523,0.1636928729806766,0.1535069331545752,0.2305101170427944,0.1626978193717783,0.1314008542772008,0.1657191129789963,0.000816081785773,0.0607314333613939,0,1,0,1,false_negative,"(0.1, 0.2]",Q3
0.2264766432247173,0.1774429122854323,0.2040422535350003,0.1716841326066127,0.2042817022255127,0.192136959408644,0.1960107672143199,0.0002875199306388,0.0666443736849108,0,1,0,1,false_negative,"(0.1, 0.2]",Q2
0.1928353365988506,0.1622005045848646,0.2040962732561258,0.2083269320289855,0.1659230615441919,0.184938527233772,0.1863867725411317,0.0002632024903174,0.063397705838446,0,1,0,1,false_negative,"(0.1, 0.2]",Q1_low
0.1667464523311648,0.162032348850705,0.1282405991762558,0.1484360973890906,0.1884283696573569,0.1810852907058331,0.1624948596850677,0.0003439205973744,0.0563623936545508,0,1,0,1,false_negative,"(0.1, 0.2]",Q2
0.2377454657715174,0.1489114977555674,0.1464180064056389,0.1370797730925744,0.1597319833412517,0.1637970198229948,0.1656139576982574,0.0009575013925398,0.0616697755950401,0,1,0,1,false_negative,"(0.1, 0.2]",Q3
0.1561820237008012,0.173640154351879,0.2232865084232262,0.1473830221778715,0.138058809714462,0.2324317726168685,0.1784970484975181,0.0011485619611974,0.0666716381750096,0,1,0,1,false_negative,"(0.1, 0.2]",Q4_high
0.161108670662661,0.1629785222758091,0.164644259153437,0.1895480571216078,0.1716663566815024,0.1652868531108975,0.1692054531676524,8.005286489100042e-05,0.0565556650051081,0,1,0,1,false_negative,"(0.1, 0.2]",Q1_low
0.1208488896195571,0.1547487750286595,0.1438100100281062,0.1319279643427049,0.1286406119387765,0.1312113956630151,0.1351979411034699,0.0001045545678799,0.0456902987174348,0,1,0,1,false_negative,"(0.1, 0.2]",Q1_low
0.2105201792593981,0.1471072997911836,0.1395502928931553,0.1298365550983396,0.1649061285320091,0.1354228761560836,0.1545572219550282,0.000642413753814,0.0561531871728607,0,1,0,1,false_negative,"(0.1, 0.2]",Q3
0.1557523335245158,0.152198017786886,0.1847638679287334,0.2682363897271191,0.1571917067402691,0.1525735723569375,0.1784526480107434,0.0014896165485447,0.0687647629886375,0,1,0,1,false_negative,"(0.1, 0.2]",Q4_high
0.1888535986565115,0.1646930192237343,0.1743638883056561,0.2232516257923971,0.1593826050516954,0.1669812112126028,0.1795876580404329,0.0004012434912811,0.0621520355691143,0,1,0,1,false_negative,"(0.1, 0.2]",Q2
0.2030422498380582,0.1392755676928642,0.1377238183330747,0.1505568321332528,0.1394232821025076,0.135818940038868,0.1509734483564375,0.0004838274610608,0.0538551616316923,0,1,0,1,false_negative,"(0.1, 0.2]",Q2
0.1775831712847683,0.1421733776610523,0.1387046780954656,0.1435246985599828,0.1384991830727117,0.1313543568112818,0.1453065775808771,0.0001913372424167,0.0497059975670636,0,1,0,1,false_negative,"(0.1, 0.2]",Q1_low
0.1868837917254868,0.1289392772838755,0.1572204683438938,0.1730303383595603,0.1329279871438461,0.1380231961845049,0.1528375098401946,0.0003961554944959,0.0537432078986253,0,1,0,1,false_negative,"(0.1, 0.2]",Q2
0.2284059588875901,0.1685206517110796,0.1840475805938009,0.1636466747465507,0.1821034181024536,0.1915488408054891,0.1863788541411607,0.0003789125513161,0.0641520350872736,0,1,0,1,false_negative,"(0.1, 0.2]",Q2
0.2560922674946081,0.1570623941939087,0.1896700367438747,0.1979224415081309,0.1596637250808099,0.2307546202711911,0.1985275808820873,0.0010944083556049,0.0722566899163778,0,1,0,1,false_negative,"(0.1, 0.2]",Q4_high
0.1726181434114737,0.1576682805963841,0.1489390502189817,0.1563126363709535,0.1738950840844299,0.1497558331306278,0.1598648379688085,8.550034614765773e-05,0.0535452607178938,0,1,0,1,false_negative,"(0.1, 0.2]",Q1_low
0.1577981427979748,0.1307127501573658,0.1460282357664061,0.1536796077352167,0.1114202373975173,0.1252996649540901,0.1374897731347618,0.0002316562054754,0.0475741661361892,0,1,0,1,false_negative,"(0.1, 0.2]",Q1_low
0.1408640032221184,0.1663570613931927,0.1488951658687985,0.1807392543023313,0.1811326961207672,0.1718404114976557,0.1649714320674773,0.0001997897116136,0.0560741811580461,0,1,0,1,false_negative,"(0.1, 0.2]",Q1_low
0.1846580320600957,0.1718936328482057,0.1784245265417455,0.1716870563589733,0.1581098159146346,0.1795175445806625,0.1740484347173862,6.084053518752445e-05,0.0580017309110884,0,1,0,1,false_negative,"(0.1, 0.2]",Q1_low
0.2025317507171277,0.154424960805749,0.2200156444251375,0.2173797640086807,0.1606803308659565,0.1526730545032894,0.1846175842209901,0.0007360485768102,0.0658959471389132,0,1,0,1,false_negative,"(0.1, 0.2]",Q3
0.187651381123075,0.1690021034566953,0.1817920868203281,0.1883301834626421,0.1816581546069776,0.2021276241879832,0.1850935889429502,8.411631887820595e-05,0.0617846624097609,0,1,0,1,false_negative,"(0.1, 0.2]",Q1_low
0.1781407190970015,0.1280133309446479,0.1714688825058322,0.1907214249085537,0.1187674072781148,0.1333453577761246,0.1534095204183791,0.0006539377184163,0.0558961632954009,0,1,0,1,false_negative,"(0.1, 0.2]",Q3
0.2064971998354059,0.1956009461552285,0.1890826543102256,0.1900780284717661,0.200660661164102,0.1927089575027943,0.1957714079065871,3.2215580523211624e-05,0.064952012622363,0,1,0,1,false_negative,"(0.1, 0.2]",Q1_low
0.1901748385186012,0.1725364837096096,0.1791513623817646,0.1606528135035407,0.1644533268188073,0.1903559180795643,0.1762207905019813,0.0001139306807323,0.0590914942924474,0,1,0,1,false_negative,"(0.1, 0.2]",Q1_low
0.1538052998879591,0.1314411273454929,0.1653350359117205,0.1890339823931538,0.123525421945915,0.1298624971631675,0.1488338941079015,0.000459427236466,0.0530083723012482,0,1,0,1,false_negative,"(0.1, 0.2]",Q2
0.1597874269173964,0.1134803935496101,0.1252599970812748,0.137572292016604,0.0955067771314087,0.0962726892449902,0.1213132626568807,0.0004449361306152,0.0445779671291055,0,1,0,1,false_negative,"(0.1, 0.2]",Q2
0.1897847173544032,0.1858638929901165,0.2042047423355085,0.2237852243761263,0.1812877304316632,0.2010578067614368,0.1976640190415424,0.0001723036318525,0.0664583806523838,0,1,0,1,false_negative,"(0.1, 0.2]",Q1_low
0.1513006467573989,0.1595003596010274,0.1747295067649638,0.1650532125404163,0.1503640830361421,0.1387852068032342,0.1566221692505305,0.000113268802367,0.0527091524857467,0,1,0,1,false_negative,"(0.1, 0.2]",Q1_low
0.1713276820200363,0.1460770776663802,0.174158179429604,0.1661436761744266,0.137949170949377,0.1505474420700845,0.1577005380516515,0.0001577468156684,0.0534105471750435,0,1,0,1,false_negative,"(0.1, 0.2]",Q1_low
0.1866449926755154,0.1465152418756931,0.1437836445204434,0.1578771659452501,0.1232518595166555,0.1559319552699913,0.1523341433005915,0.000310521944158,0.0529102274826665,0,1,0,1,false_negative,"(0.1, 0.2]",Q2
0.1138246046506164,0.1308575518977609,0.1161713693839174,0.1358645141793113,0.1519751663018897,0.1137042669695556,0.1270662455638419,0.0001692599599552,0.0436961226192048,0,1,0,1,false_negative,"(0.1, 0.2]",Q1_low
0.195379808415505,0.1716841909437433,0.143098207056301,0.1801374135894251,0.1482176133813412,0.1376914696826615,0.1627014505114962,0.0003817350489236,0.0567079955967795,0,1,0,1,false_negative,"(0.1, 0.2]",Q2
0.1883756976765198,0.1910480599063796,0.18930841960844,0.1725419153908087,0.2072462288782364,0.2464922413528361,0.1991687604688701,0.0004704869316628,0.0687743474523505,0,1,0,1,false_negative,"(0.1, 0.2]",Q2
0.1578736826156609,0.1558142635435867,0.1793124953765678,0.1690740836897148,0.1567388590295379,0.1466011785805979,0.1609024271392777,9.466147074105922e-05,0.0539552773219184,0,1,0,1,false_negative,"(0.1, 0.2]",Q1_low
0.0956530260899874,0.0941217289910111,0.091196548445167,0.1023112433567518,0.0673782682994747,0.0558934791881988,0.0844257157284318,0.000241500775885,0.0314078308755846,0,1,0,1,false_negative,"(-0.001, 0.1]",Q1_low
0.1473481211368129,0.1136166155857431,0.1283881960667262,0.1387066317173051,0.0753748742204574,0.1076806984484463,0.1185191895292485,0.0004769967819158,0.0440613093221177,0,1,0,1,false_negative,"(0.1, 0.2]",Q2
0.2173636497011437,0.1712353482419933,0.1946103005716808,0.1987601544873367,0.1786537241636893,0.2290897058358316,0.1982854805002792,0.0003491035162188,0.0677543197704129,0,1,0,1,false_negative,"(0.1, 0.2]",Q2
0.1743948017395467,0.2054222551540376,0.1745371561592998,0.1817657595134307,0.1959205860311868,0.1842766107074671,0.1860528615508281,0.0001089430764488,0.0622654094888843,0,1,0,1,false_negative,"(0.1, 0.2]",Q1_low
0.1623572698716257,0.1562263629773578,0.1483727683944259,0.1564525982782308,0.1448601741906023,0.1380880024409984,0.1510595293588735,5.676164318101853e-05,0.0504342863013862,0,1,0,1,false_negative,"(0.1, 0.2]",Q1_low
0.1644870224728999,0.155844171772515,0.1403810745143791,0.1433039987155671,0.1402618862416848,0.1282699671515194,0.1454246868114276,0.0001175446524372,0.0491142894611285,0,1,0,1,false_negative,"(0.1, 0.2]",Q1_low
0.1998184518314261,0.1559881162057936,0.1681405260277767,0.171549139550339,0.1719170249430637,0.1733425543969511,0.173459302159225,0.0001477682085487,0.0584344229512189,0,1,0,1,false_negative,"(0.1, 0.2]",Q1_low
0.1840419781236909,0.1822103958994061,0.1748478321254623,0.1787439572396949,0.1835059677924311,0.1896941105464822,0.1821740402878613,1.8179256688165616e-05,0.0603742678954828,0,1,0,1,false_negative,"(0.1, 0.2]",Q1_low
0.2167409448051274,0.1875297585803492,0.2064963853482007,0.1911087943337137,0.1988898116598615,0.194873738593374,0.1992732388867711,8.305209981295004e-05,0.0664252435984299,0,1,0,1,false_negative,"(0.1, 0.2]",Q1_low
0.1111825796237265,0.1462374951834533,0.1454506223915972,0.1611510211071515,0.1577551073821427,0.1417841390057998,0.1439268274489785,0.000224618884128,0.0495496800469114,0,1,0,1,false_negative,"(0.1, 0.2]",Q1_low
0.1519189041404923,0.1688741400563642,0.1977914744662103,0.1889234929602831,0.1608847930826375,0.1421291805447872,0.1684203308751291,0.0003290793819863,0.0581231353452187,0,1,0,1,false_negative,"(0.1, 0.2]",Q2
0.1555346614997755,0.1461657765409461,0.1154536464575949,0.1361307858303982,0.1318650869553854,0.1307368125809474,0.1359811283108413,0.0001359874674664,0.0462318569504252,0,1,0,1,false_negative,"(0.1, 0.2]",Q1_low
0.1444231748516046,0.1168706236052177,0.1157186132334845,0.1377343377916848,0.1063250214575044,0.0992188314477783,0.1200484337312124,0.0002225670579402,0.0420140273288021,0,1,0,1,false_negative,"(0.1, 0.2]",Q1_low
0.2152744359094287,0.1629722416866959,0.1624896659325445,0.1866954103219953,0.1745130203955738,0.1478818161849281,0.1749710984051944,0.0003993737528135,0.060685142783045,0,1,0,1,false_negative,"(0.1, 0.2]",Q2
0.1587745718614285,0.1581131236452057,0.1925533711818932,0.1813410311389049,0.1409196459672531,0.1638854260178822,0.1659311949687613,0.0002411865092413,0.0566897666085895,0,1,0,1,false_negative,"(0.1, 0.2]",Q1_low
0.2140941903166345,0.1809658398887887,0.1778359711131064,0.2002588373911445,0.1862257887007169,0.165745371452077,0.1875209998104113,0.0002115732035139,0.0634234095764597,0,1,0,1,false_negative,"(0.1, 0.2]",Q1_low
0.1648805592462251,0.1537388696728112,0.1555424560306961,0.2017134992106601,0.1787566616244039,0.1554927594413714,0.1683541342043613,0.0002537550784406,0.0575562831372239,0,1,0,1,false_negative,"(0.1, 0.2]",Q1_low
0.0956927097334806,0.1482716683605276,0.1576254737977757,0.166747831951226,0.1441068297613923,0.1750877894559406,0.1479220505100571,0.0005613037175436,0.0535372732380753,0,1,0,1,false_negative,"(0.1, 0.2]",Q3
0.2007207173965705,0.2140292900833305,0.1828734787844424,0.174361941241391,0.2076842238918328,0.2109123288534744,0.1984303300418403,0.0001873301764036,0.0668010688125733,0,1,0,1,false_negative,"(0.1, 0.2]",Q1_low
0.1855267997966475,0.1715641309597901,0.1591119167356759,0.1661230570773569,0.1675983448435374,0.1642083373715875,0.1690220977974326,5.866894405228975e-05,0.0563368694351453,0,1,0,1,false_negative,"(0.1, 0.2]",Q1_low
0.1389925141043208,0.1329622761843852,0.1079495489170308,0.1174755059918673,0.1210088817441762,0.1143848274260795,0.1221289257279766,9.79538134372042e-05,0.0414062043013584,0,1,0,1,false_negative,"(0.1, 0.2]",Q1_low
0.1917771909367354,0.1713899128220586,0.1788587721502539,0.1898448123310734,0.1815892412519367,0.1548546546592909,0.1780524306918914,0.000131873497316,0.0598141638426749,0,1,0,1,false_negative,"(0.1, 0.2]",Q1_low
0.187286947765207,0.158312758640061,0.1952539617866415,0.1911847760285319,0.1251821219953062,0.1833637746531579,0.1734307234781509,0.0005198001393236,0.0610322813752234,0,1,0,1,false_negative,"(0.1, 0.2]",Q2
0.1319244862925373,0.167249214061119,0.1695729959229166,0.1221101745765695,0.1473711198440864,0.1432558608670941,0.1469139752607205,0.0002543510349189,0.0507455317617091,0,1,0,1,false_negative,"(0.1, 0.2]",Q1_low
0.1455818477452032,0.1332718763842106,0.1977179576738692,0.2298452282792814,0.130609093610422,0.1367688250013035,0.162299138115715,0.001227867514958,0.0625460156015461,0,1,0,1,false_negative,"(0.1, 0.2]",Q4_high
0.263617043750923,0.1604691293920597,0.1777502603498148,0.1861803348716733,0.156368805008961,0.1683773529253625,0.1854604877164657,0.0011330200750119,0.0686118420321028,0,1,0,1,false_negative,"(0.1, 0.2]",Q4_high
0.1527106152947311,0.1419060124057938,0.1373857806391621,0.1401795745837349,0.1520599739368678,0.1304939435469793,0.1424559834012115,5.309656688616935e-05,0.0475860212859422,0,1,0,1,false_negative,"(0.1, 0.2]",Q1_low
0.1835318273828629,0.1749815465354946,0.193331394255745,0.2229532760416098,0.1677362969245457,0.180900759067783,0.1872391833680068,0.0002710205429077,0.0637226421413266,0,1,0,1,false_negative,"(0.1, 0.2]",Q2
0.1978672550771954,0.188187133321945,0.1773191943045412,0.1928211761680894,0.1645100403076556,0.1670504541396275,0.1812925422198423,0.0001364918329221,0.0609002956666361,0,1,0,1,false_negative,"(0.1, 0.2]",Q1_low
0.1687108792196976,0.1704860313656274,0.1541914576450652,0.1861218707632685,0.156686252184227,0.1497003020311621,0.164316132201508,0.000129602612399,0.0553339664254633,0,1,0,1,false_negative,"(0.1, 0.2]",Q1_low
0.1317443263988765,0.1306684639494746,0.1127657936772409,0.1497125528000108,0.1148980538802604,0.11510384667275,0.1258155062297689,0.00014771376514,0.0430876159137496,0,1,0,1,false_negative,"(0.1, 0.2]",Q1_low
0.0871363758283481,0.1157313225035727,0.1085288334653716,0.1266660170790321,0.0959252338905229,0.092509720743075,0.1044162505849871,0.0001646361697853,0.0365073663939063,0,1,0,1,false_negative,"(0.1, 0.2]",Q1_low
0.1854561838499399,0.1769890717542,0.1686929029178714,0.1861828225421534,0.1971142978506334,0.1594233891044572,0.1789764446698759,0.0001307033548431,0.0601066736853218,0,1,0,1,false_negative,"(0.1, 0.2]",Q1_low
0.2395099272779984,0.1844699399425073,0.1604201333836827,0.1718018943623736,0.2068648790535421,0.1628294678087738,0.1876493736381463,0.0006682090457766,0.0663976418479181,0,1,0,1,false_negative,"(0.1, 0.2]",Q3
0.1422677403641515,0.130265293151287,0.1659912407181413,0.1500503177101946,0.1216359568209288,0.133998780376512,0.1407015548568692,0.0001781086124975,0.0481212587686412,0,1,0,1,false_negative,"(0.1, 0.2]",Q1_low
0.1015385445886744,0.1152732512501397,0.1320565469085975,0.1428565716691072,0.0998637526456271,0.0885140411977106,0.1133504513766428,0.000308926537046,0.0408405034939673,0,1,0,1,false_negative,"(0.1, 0.2]",Q2
0.1746957147993716,0.1564049104456985,0.1565477643835764,0.1844211425971454,0.1524245772144356,0.1495698446757091,0.1623439923526561,0.0001386297440631,0.0547633150590501,0,1,0,1,false_negative,"(0.1, 0.2]",Q1_low
0.1715555361984102,0.1417641827818853,0.1670090672669072,0.1530230950004913,0.1624540063378712,0.1682870402160097,0.1606821546335958,9.082640667895887e-05,0.0538535777719635,0,1,0,1,false_negative,"(0.1, 0.2]",Q1_low
0.2055513198673414,0.1558762691754857,0.1879680702665158,0.2905631888944086,0.1577720227979933,0.1727133343216007,0.1950740342205576,0.0018151932341765,0.0753215687952415,0,1,0,1,false_negative,"(0.1, 0.2]",Q4_high
0.215078080039946,0.1752476008835687,0.1795641630630548,0.1620113266071097,0.1727779030216092,0.1725514309972038,0.1795384174354154,0.0002404572621562,0.0610455665283101,0,1,0,1,false_negative,"(0.1, 0.2]",Q1_low
0.1675466391304928,0.1339086621474044,0.1321694500145068,0.1641091140803144,0.1435405953424998,0.1350717329420815,0.1460576989428833,0.0001793054216729,0.0498442329111387,0,1,0,1,false_negative,"(0.1, 0.2]",Q1_low
0.1647064099754139,0.1353671088266575,0.1681636146048311,0.1830200498243037,0.131410240490684,0.1646826138635038,0.157891672930899,0.0002911611261367,0.0545106744580133,0,1,0,1,false_negative,"(0.1, 0.2]",Q2
0.17309432861502,0.1168249565165699,0.1196248680892973,0.1444201840347842,0.1110200390171417,0.1108002780640221,0.1292974423894725,0.0004388849596405,0.046905698697652,0,1,0,1,false_negative,"(0.1, 0.2]",Q2
0.1819605713128578,0.1428416156575589,0.1523552323977774,0.1662618420272479,0.1344348216881646,0.1570319438469145,0.1558143378217535,0.0002045141535882,0.0531733181967239,0,1,0,1,false_negative,"(0.1, 0.2]",Q1_low
0.0995122486849044,0.1264474012089271,0.1306133991194014,0.1161814947809905,0.1154015291568699,0.1175606575493581,0.1176194550834086,8.309093148007908e-05,0.039795702981224,0,1,0,1,false_negative,"(0.1, 0.2]",Q1_low
0.2414481240474456,0.1679931909069272,0.1685500871102962,0.1994041974654398,0.1863810621995902,0.1489201090085654,0.1854494617897107,0.0007508795105795,0.0662434214497821,0,1,0,1,false_negative,"(0.1, 0.2]",Q3
0.132659333541203,0.1345109238735777,0.1222860953221107,0.1219672491591499,0.1276270559101149,0.1130040301399745,0.1253424479910218,4.5112430195130425e-05,0.0419117846235966,0,1,0,1,false_negative,"(0.1, 0.2]",Q1_low
0.1564073684776058,0.1292556724303853,0.1283462991184516,0.1166167234720423,0.1350383316638724,0.1418427776000385,0.1345845287937327,0.0001313255274783,0.0457400734823076,0,1,0,1,false_negative,"(0.1, 0.2]",Q1_low
0.2198969339691744,0.1749064499302723,0.1982372156192347,0.1805991071362644,0.1814016644699463,0.1668295355158252,0.1869784844401195,0.0002619849832694,0.0635797379832289,0,1,0,1,false_negative,"(0.1, 0.2]",Q1_low
0.1995650766529556,0.1534857695429278,0.1979065572099586,0.1820415945051148,0.1680662866010147,0.1859897933266112,0.1811758463064304,0.0002258007132528,0.0614722082712195,0,1,0,1,false_negative,"(0.1, 0.2]",Q1_low
0.1647441965996205,0.1534349848039268,0.1590439665193666,0.1523820155487949,0.1589606611831468,0.1364199267703318,0.1541642919041979,6.818880826166976e-05,0.0515445553908411,0,1,0,1,false_negative,"(0.1, 0.2]",Q1_low
0.1526701033773345,0.1625678953789359,0.1395999846462826,0.1567381750553407,0.172687171613006,0.176510348496734,0.1601289464279389,0.0001315111096444,0.0539905774908794,0,1,0,1,false_negative,"(0.1, 0.2]",Q1_low
0.2546380643652013,0.1800437599743759,0.1927010610893779,0.1593071709400562,0.2012549518584883,0.174938393030557,0.1938139002096761,0.0007846860720031,0.0690068341957913,0,1,0,1,false_negative,"(0.1, 0.2]",Q3
0.1126858102161443,0.1436218697695311,0.1495402800357025,0.1875439936381044,0.1449680738792236,0.1619501058730709,0.1500516889019628,0.0004301287693732,0.0531497721479822,0,1,0,1,false_negative,"(0.1, 0.2]",Q2
0.2233617006665572,0.1925142784764536,0.1764306793260765,0.1856063542776841,0.2045408090887891,0.2005075709817743,0.1971602321362225,0.000190997983619,0.066411835529956,0,1,0,1,false_negative,"(0.1, 0.2]",Q1_low
0.1050660842651251,0.0927196911073754,0.1180143960552362,0.1669606352609274,0.0667338910011999,0.0687217794492726,0.1030360795231894,0.000988081094664,0.0447613636381983,0,1,0,1,false_negative,"(0.1, 0.2]",Q3
0.1930618350511574,0.1462175165730951,0.1557315090403463,0.1568932985943491,0.1466479431436984,0.1657622814878086,0.1607190639817425,0.0002170417696055,0.0548407685140023,0,1,0,1,false_negative,"(0.1, 0.2]",Q1_low
0.1869845012058681,0.1286554026966238,0.1372274155817099,0.2058805809196,0.1127056240433821,0.1299199145507974,0.1502289064996635,0.0009861413315216,0.0574371579492598,0,1,0,1,false_negative,"(0.1, 0.2]",Q3
0.1499915310060806,0.1594471561190596,0.2309016573212968,0.3374300825575691,0.1679716626917271,0.1433136120818408,0.1981759502962623,0.0040295025938487,0.0874555286402565,0,1,0,1,false_negative,"(0.1, 0.2]",Q4_high
0.0964656992367012,0.1322195563983701,0.1191977365355329,0.1493079575248643,0.1190443000248593,0.1413203399558428,0.1262592649460285,0.0002547401063176,0.0442657860108894,0,1,0,1,false_negative,"(0.1, 0.2]",Q1_low
0.2226894544476673,0.1803065932047415,0.1616975140699765,0.1542723410172568,0.1613535656344533,0.1945330885609789,0.1791420928225124,0.0004819801568146,0.0625533447079444,0,1,0,1,false_negative,"(0.1, 0.2]",Q2
0.1462475942712619,0.120629771586545,0.1493284836730121,0.1689106936683901,0.1121604678666901,0.1366545167871425,0.1389885879755069,0.0003024544400888,0.0486656889672418,0,1,0,1,false_negative,"(0.1, 0.2]",Q2
0.1737576747080671,0.1762205329971625,0.1616906289321174,0.1753490087159945,0.1826516832324675,0.171143588373178,0.1734688528264978,3.4235419308362656e-05,0.0576186478450547,0,1,0,1,false_negative,"(0.1, 0.2]",Q1_low
0.2226965019331115,0.140842512824847,0.1862827173208648,0.1973752991595998,0.1493949986346433,0.151500915847806,0.1746821576201454,0.0007538372653773,0.0629945820104727,0,1,0,1,false_negative,"(0.1, 0.2]",Q3
0.1973852301335054,0.1204954963625097,0.1214915170018951,0.1274386515550011,0.0980677863980791,0.1276518994521871,0.1320884301505296,0.0008155814595808,0.0509749459539597,0,1,0,1,false_negative,"(0.1, 0.2]",Q3
0.2284947167364398,0.1856172278742884,0.2098342144308204,0.1691041394147946,0.2006065587846627,0.1996941851510684,0.1988918403986791,0.0002947389029644,0.0676146063666514,0,1,0,1,false_negative,"(0.1, 0.2]",Q2
0.1583800666253746,0.1280003502329279,0.1450594442098608,0.1435484636416728,0.1186193528010045,0.1132493463402675,0.1344761706418513,0.0002156659164025,0.046478905366855,0,1,0,1,false_negative,"(0.1, 0.2]",Q1_low
0.1765365796797218,0.1705430516013493,0.1963400070982887,0.1813526710300219,0.1696549963923584,0.199978032297376,0.182400889683186,0.000120258564387,0.0611501838423683,0,1,0,1,false_negative,"(0.1, 0.2]",Q1_low
0.2050054805276689,0.1262423423422252,0.1476743199244297,0.1475973342582998,0.1229696398576639,0.1172836156030905,0.144462122085563,0.0007454577718005,0.0539570130449854,0,1,0,1,false_negative,"(0.1, 0.2]",Q3
0.1925614332021937,0.1404872073426783,0.2274735700539419,0.1982664741346837,0.1362371669999871,0.1743240837924567,0.1782249892543236,0.0008907074166788,0.064953318325804,0,1,0,1,false_negative,"(0.1, 0.2]",Q3
0.1977839690540085,0.2009743107080648,0.1973078176389231,0.14227662775785,0.210673454589861,0.2126887903487953,0.1936174950162504,0.0004822293482246,0.0670952517197091,0,1,0,1,false_negative,"(0.1, 0.2]",Q2
0.2078717769847876,0.1764892746854858,0.201529710990179,0.1926711788937683,0.2102928317690366,0.1787170050722988,0.1945952963992593,0.0001506305778686,0.065323283658254,0,1,0,1,false_negative,"(0.1, 0.2]",Q1_low
0.1659982491544098,0.1277774727390744,0.1426632332867164,0.205911224948433,0.1155728690025992,0.1023612767193463,0.1433807209750965,0.0010173520129391,0.0557397712702157,0,1,0,1,false_negative,"(0.1, 0.2]",Q3
0.1440189035256044,0.1323478416465014,0.129505534627769,0.1636626764628172,0.1453218180715672,0.1391001987992616,0.1423261621889201,0.0001059183400658,0.0480100268444453,0,1,0,1,false_negative,"(0.1, 0.2]",Q1_low
0.2030994270628727,0.1669988101589088,0.1726549189890177,0.1968918310066476,0.1526002755017225,0.163814876940813,0.1760100232766638,0.0002798688947482,0.0601872427589969,0,1,0,1,false_negative,"(0.1, 0.2]",Q2
0.1847883989949015,0.1480656644288369,0.1952926128204876,0.2709209866212959,0.1385822197247598,0.1485339273680823,0.1810306349930606,0.0017489133381778,0.0710339594154104,0,1,0,1,false_negative,"(0.1, 0.2]",Q4_high
0.1959875562294329,0.1490857169913806,0.1853403894546589,0.1969208050399031,0.1513281122829908,0.1574841068041051,0.1726911144670786,0.0003620931423025,0.0597073929028354,0,1,0,1,false_negative,"(0.1, 0.2]",Q2
0.1076247974000351,0.1415394254169939,0.1910435065765408,0.2305312068123533,0.1333604854299994,0.1456247389823049,0.1582873601030379,0.0014172883070927,0.0627028808616037,0,1,0,1,false_negative,"(0.1, 0.2]",Q4_high
0.1737061285365849,0.1278998156548861,0.1213314191070871,0.1414251846922988,0.0924205176174196,0.0892484256001975,0.124338581868079,0.0007144162809298,0.0479237434550814,0,1,0,1,false_negative,"(0.1, 0.2]",Q3
0.1759085664750815,0.1546288521425854,0.1718402268892592,0.1714912973596507,0.1693554255516113,0.1514352376842889,0.1657766010170795,7.354814704408148e-05,0.0553851864710367,0,1,0,1,false_negative,"(0.1, 0.2]",Q1_low
0.1774380535704675,0.1804109465189833,0.1898304220208202,0.1920895714290755,0.203023684015054,0.1827600475552061,0.1875921208516011,6.305621071079392e-05,0.0624626386324526,0,1,0,1,false_negative,"(0.1, 0.2]",Q1_low
0.1802696497146075,0.1376496890974398,0.1250596102016812,0.1429961358455501,0.1410465360714016,0.1003024004640779,0.1378873368991263,0.0004870821858861,0.0499106095272568,0,1,0,1,false_negative,"(0.1, 0.2]",Q2
0.2693248474489614,0.1565131090487711,0.1810969761309245,0.2205509353947449,0.177065076200185,0.1559828653592999,0.1934223015971478,0.0013829473699181,0.0724136174736295,0,1,0,1,false_negative,"(0.1, 0.2]",Q4_high
0.1231678380994144,0.1193766502782004,0.1175725867121546,0.1365120294624132,0.1017290351999088,0.1115980410036828,0.1183260301259624,9.665303345774724e-05,0.0401675921000464,0,1,0,1,false_negative,"(0.1, 0.2]",Q1_low
0.196672526296799,0.1742647243481564,0.1590868925910667,0.1444140421643122,0.1924249907955691,0.1666241340348715,0.1722478850384625,0.0002839010635466,0.0590153240229669,0,1,0,1,false_negative,"(0.1, 0.2]",Q2
0.1771692774272363,0.1670071717276595,0.2421344174996216,0.2085286841416368,0.1648291754872752,0.178142796974012,0.1896352538762402,0.0006468532356552,0.0668767628545105,0,1,0,1,false_negative,"(0.1, 0.2]",Q3
0.1163354084834124,0.1246852262402996,0.1306801622788577,0.1400973884021878,0.1034660955227849,0.1326416850373293,0.1246509943274786,0.0001223918816052,0.0424642414199416,0,1,0,1,false_negative,"(0.1, 0.2]",Q1_low
0.210629063628272,0.1780581886712624,0.2019494118137672,0.204867746156576,0.1585764419329959,0.2094805847603977,0.1939269061605452,0.0003152018678138,0.0661496585487606,0,1,0,1,false_negative,"(0.1, 0.2]",Q2
0.1186825165152395,0.1258590788174349,0.1519594617617823,0.1941675791621873,0.1060773359287434,0.1829181435890129,0.1466106859624001,0.0009231518979136,0.055939491494675,0,1,0,1,false_negative,"(0.1, 0.2]",Q3
0.2349627649434851,0.1318074349598694,0.1806555790378626,0.200967544032153,0.1201848958038322,0.1125564099490652,0.1635224381210446,0.0017544172568719,0.0663124251183609,0,1,0,1,false_negative,"(0.1, 0.2]",Q4_high
0.1458202643172474,0.1147003622581762,0.1311042598140819,0.1258842237697478,0.1016541415409211,0.0935426221809553,0.1187843123135216,0.0002686281241931,0.042087139281731,0,1,0,1,false_negative,"(0.1, 0.2]",Q2
0.1896465957213123,0.1240812848604649,0.134495689800803,0.1549271173570146,0.0959177573582376,0.1264684356951221,0.1375894801321591,0.0007232557049189,0.0517851425359866,0,1,0,1,false_negative,"(0.1, 0.2]",Q3
0.2214607128488244,0.1782354079521725,0.1933790724680423,0.1873361878685195,0.1544671101539205,0.2232140625543524,0.1930154256409719,0.0004939856523178,0.0669788598314951,0,1,0,1,false_negative,"(0.1, 0.2]",Q2
0.1659437486893893,0.1569442350853661,0.1620647282206772,0.1739975027993423,0.1706631364716514,0.1748178080518586,0.1674051932197141,3.558680429799523e-05,0.0556328585884512,0,1,0,1,false_negative,"(0.1, 0.2]",Q1_low
0.1374734831298294,0.1324315015151584,0.1712992284086324,0.1768791383687239,0.1472599252519511,0.1306498980292244,0.1493321957839199,0.0002887099507481,0.0517906666795245,0,1,0,1,false_negative,"(0.1, 0.2]",Q2
0.2110729160940916,0.1581770087423454,0.1819435000613426,0.2078645665884381,0.1310463615537885,0.1635641432413767,0.1756114160468972,0.0006818597736434,0.0627976157650676,0,1,0,1,false_negative,"(0.1, 0.2]",Q3
0.2016997848766469,0.1604566729652638,0.2078513190526343,0.1990800762475266,0.1438904741207761,0.1789087189377434,0.1819811743667652,0.0004677294314589,0.0633471046851784,0,1,0,1,false_negative,"(0.1, 0.2]",Q2
0.1642872303530834,0.1578352328298819,0.1377161563983127,0.17554010565073,0.1774340597151769,0.1275663755115984,0.1567298600764639,0.0002932649535987,0.0541597312725542,0,1,0,1,false_negative,"(0.1, 0.2]",Q2
0.1541138978816327,0.1637346190532242,0.1396765845437279,0.1392918454975754,0.1629692266490276,0.1431889388765548,0.1504958520836238,9.141679623091926e-05,0.050539248310683,0,1,0,1,false_negative,"(0.1, 0.2]",Q1_low
0.1225985391980107,0.1271588396680512,0.1066904068997268,0.107438620604264,0.1011103471271937,0.097294545719761,0.1103818832028346,0.0001014632182226,0.0376692715959294,0,1,0,1,false_negative,"(0.1, 0.2]",Q1_low
0.1828616402216019,0.1361269187569041,0.1322218048348977,0.1521105751740318,0.1353372789948104,0.1448855688484591,0.1472572978051175,0.000255555261918,0.0508640468618566,0,1,0,1,false_negative,"(0.1, 0.2]",Q1_low
0.2258744531311723,0.171096176631939,0.1618760771941105,0.1621703706048914,0.1929406669321753,0.1600793752145478,0.1790061866181394,0.0004840688493084,0.0625248552189885,0,1,0,1,false_negative,"(0.1, 0.2]",Q2
0.1782893797797616,0.1809757514132438,0.2248585005920078,0.1848609457671074,0.2013608493200705,0.198521330433561,0.1948111262176254,0.0002175572838813,0.0658181452220291,0,1,0,1,false_negative,"(0.1, 0.2]",Q1_low
0.1880465159117401,0.1393138289934413,0.1271202019276541,0.2075022900194666,0.1536476818796664,0.1487614961062053,0.1607320024730289,0.0006736449076602,0.0582364334543135,0,1,0,1,false_negative,"(0.1, 0.2]",Q3
0.2005635875259205,0.1829608639668511,0.1963660398966701,0.1731040181041318,0.1948097634773901,0.1938830588151475,0.1902812219643518,7.498242020191254e-05,0.0634241562889774,0,1,0,1,false_negative,"(0.1, 0.2]",Q1_low
0.1306690701378973,0.1522389432751837,0.1550187908119202,0.1375694902237237,0.1516685388939173,0.1634407663966439,0.1484342666232143,0.0001038760925945,0.0499734921092634,0,1,0,1,false_negative,"(0.1, 0.2]",Q1_low
0.1118675131558918,0.1040669211251004,0.1216683829538235,0.1324764294176208,0.1002447867994025,0.0831426056045386,0.1089111065093963,0.0002127713935063,0.0384509619586921,0,1,0,1,false_negative,"(0.1, 0.2]",Q1_low
0.1055972471201965,0.1244557260921103,0.1388407169389884,0.1612510146214138,0.100328780281321,0.1103048030832573,0.1234630480228812,0.000384701303774,0.0446481433385508,0,1,0,1,false_negative,"(0.1, 0.2]",Q2
0.1684316806451724,0.1595597617291048,0.1634279927117611,0.1883822409886198,0.1702609724887455,0.1510248898650587,0.1668479230714104,0.0001132950916861,0.0560339710448019,0,1,0,1,false_negative,"(0.1, 0.2]",Q1_low
0.1343501533369877,0.1323332128354489,0.1366440692595135,0.1526692104339872,0.1693886729355686,0.1126221117670729,0.1396679050947631,0.0002678646708213,0.0485777438200505,0,1,0,1,false_negative,"(0.1, 0.2]",Q2
0.207532703614523,0.1808200298841892,0.1928018849328432,0.1790318141490245,0.2147174634262611,0.1816748062262092,0.1927631170388417,0.0001648960231968,0.0648185810150823,0,1,0,1,false_negative,"(0.1, 0.2]",Q1_low
0.1674333932436439,0.1517917431472898,0.1347774704313451,0.1375350071598145,0.1609165720961526,0.1420042465447246,0.1490764054371617,0.0001246029220881,0.050355647638876,0,1,0,1,false_negative,"(0.1, 0.2]",Q1_low
0.1857940613816295,0.1353577440745643,0.1355061264986136,0.1260511850651747,0.1304001646110696,0.1372259654657301,0.141722541182797,0.0003450657361953,0.0498806098305808,0,1,0,1,false_negative,"(0.1, 0.2]",Q2
0.0694040330750044,0.1422527856888815,0.147224805719296,0.1301596072315434,0.1439457804117743,0.1063363370822178,0.1232205582014529,0.0006567728740898,0.0470924043877826,0,1,0,1,false_negative,"(0.1, 0.2]",Q3
0.2615445098522534,0.1655483942090397,0.1730448389538796,0.1624281433946854,0.1722088131123393,0.1919208262560144,0.187782587629702,0.0010078424395967,0.068537491417018,0,1,0,1,false_negative,"(0.1, 0.2]",Q3
0.1857369044371503,0.1797645993082721,0.1716555929803403,0.1649101028515026,0.1876180569732971,0.1766115296180529,0.1777161310281025,5.264596988022765e-05,0.0591473757573145,0,1,0,1,false_negative,"(0.1, 0.2]",Q1_low
0.183594703831881,0.1419226823514736,0.181440222498104,0.2619505835981928,0.1527059522332035,0.1492681413279885,0.1784803809734739,0.0014080475909845,0.0682748287989629,0,1,0,1,false_negative,"(0.1, 0.2]",Q4_high
0.1633954757129824,0.1256896872785274,0.1169820445996798,0.1419436027722974,0.1239701500606831,0.1147485706769125,0.1311215885168471,0.0002439101179602,0.0456826234619339,0,1,0,1,false_negative,"(0.1, 0.2]",Q1_low
0.2329410575247513,0.1517457617015986,0.1811478596367695,0.2646232783210893,0.160610591751326,0.1257049379022877,0.1861289144729704,0.0019802851048489,0.0737681110980809,0,1,0,1,false_negative,"(0.1, 0.2]",Q4_high
0.131999505578909,0.1502014621017298,0.1473536777211032,0.1341772105045958,0.1618462202641462,0.1751050126423382,0.1501138481354703,0.0001931341287618,0.0512574772942676,0,1,0,1,false_negative,"(0.1, 0.2]",Q1_low
0.1758575035816953,0.1794803094557036,0.1387684368571629,0.1649460216366463,0.1590285491479665,0.1843376045494018,0.1670697375380961,0.0001999372655239,0.0567498896709275,0,1,0,1,false_negative,"(0.1, 0.2]",Q1_low
0.2256698145312324,0.1950164593634139,0.1726123796981543,0.1709752601536078,0.1926951632251236,0.1836423567765328,0.1901019056246775,0.0002870559746928,0.0647450377703194,0,1,0,1,false_negative,"(0.1, 0.2]",Q2
0.1417471906458564,0.1230621351205066,0.1182416947882072,0.1394105674048722,0.1206104044049019,0.1156715378983325,0.1264572550437795,9.015857974013856e-05,0.0427253916648794,0,1,0,1,false_negative,"(0.1, 0.2]",Q1_low
0.1584775388089329,0.1799191011960696,0.1541892902633816,0.1417261310926249,0.1908681557987021,0.1851667019139224,0.1683911531789389,0.0002757891900896,0.0577283000232476,0,1,0,1,false_negative,"(0.1, 0.2]",Q2
0.1442897570213721,0.1404598950983813,0.1474023661690616,0.1398108213670995,0.1243794775989912,0.11780172041432,0.135690672944871,9.98266958422822e-05,0.0458060514003168,0,1,0,1,false_negative,"(0.1, 0.2]",Q1_low
0.2057353011341076,0.1829215260007752,0.1945059200115104,0.1852320268830861,0.1767174565506168,0.2010417187709268,0.1910256582251705,9.03964348377604e-05,0.0637691294479932,0,1,0,1,false_negative,"(0.1, 0.2]",Q1_low
0.1266207752530857,0.1452547690344469,0.1482483317864025,0.1337342425831278,0.1632552741830558,0.1213750673508038,0.1397480766984871,0.0001716037210166,0.0477593169965863,0,1,0,1,false_negative,"(0.1, 0.2]",Q1_low
0.1335904643495351,0.1321352872595655,0.1095844093544543,0.1463416169473534,0.1107660081346469,0.096507225104195,0.1214875018582917,0.0002511760482012,0.0427480967359188,0,1,0,1,false_negative,"(0.1, 0.2]",Q1_low
0.0961548003668631,0.1378778588998373,0.1366703810508408,0.1395860274921689,0.1225774822828263,0.1219425426078955,0.125801515450072,0.0001940281227554,0.0435363104530069,0,1,0,1,false_negative,"(0.1, 0.2]",Q1_low
0.1521500492717332,0.1354707603022733,0.1529225313963666,0.1607212553082916,0.1247573860109058,0.1360503930414045,0.1436787292218292,0.0001330340475727,0.0486838449984786,0,1,0,1,false_negative,"(0.1, 0.2]",Q1_low
0.2216778218080001,0.135876875298218,0.1495077324488947,0.164747799218215,0.1404442305488732,0.1378812019075543,0.1583559435382925,0.0007677371345888,0.0582064723527012,0,1,0,1,false_negative,"(0.1, 0.2]",Q3
0.2547726763957181,0.1687403887909098,0.209565110981623,0.181762082501308,0.1645047311286021,0.1976703817397697,0.1961692285896551,0.0007969449615963,0.0698011933905521,0,1,0,1,false_negative,"(0.1, 0.2]",Q3
0.1723328166769535,0.1571971115589135,0.1468798628585044,0.1587896191064305,0.1726635415116896,0.1585719720548506,0.161072487294557,6.986582068116919e-05,0.0538176020822251,0,1,0,1,false_negative,"(0.1, 0.2]",Q1_low
0.1960220998930253,0.1512578002375086,0.1629413262213711,0.2556816251802543,0.1307453246834298,0.1385362475786661,0.1725307372990425,0.0015588649952574,0.0675365766140663,0,1,0,1,false_negative,"(0.1, 0.2]",Q4_high
0.1672299130954615,0.1414209613440758,0.1334206459726227,0.1278830388509184,0.1366333590680706,0.1306427207204952,0.1395384398419407,0.0001473158093194,0.0474767843818543,0,1,0,1,false_negative,"(0.1, 0.2]",Q1_low
0.2202841290429304,0.1806024477032365,0.1974516411059495,0.1994660884694052,0.1816417686549822,0.1888694664123569,0.1947192568981435,0.0001554408672181,0.0653942655795202,0,1,0,1,false_negative,"(0.1, 0.2]",Q1_low
0.1669165729305047,0.1439370676973376,0.1361974815351109,0.145279940062335,0.1565275414827941,0.1376535587269746,0.1477520270725095,0.0001000630265471,0.0497197217681668,0,1,0,1,false_negative,"(0.1, 0.2]",Q1_low
0.166606124914718,0.1230528535258979,0.118748566203927,0.1305695430547938,0.1160761686031982,0.1139179916415354,0.1281618746573451,0.0002782031731599,0.0450796190996556,0,1,0,1,false_negative,"(0.1, 0.2]",Q2
0.1649663852672744,0.1236996081985762,0.1333766542909913,0.1396942408121068,0.1174102433395292,0.1040769351432151,0.1305373445086155,0.000313785423464,0.0461450178614274,0,1,0,1,false_negative,"(0.1, 0.2]",Q2
0.1420875213448559,0.1281807522810814,0.1296228206837714,0.1433074146885879,0.1165098355080458,0.1171848968971432,0.1294822069005809,9.589287597853836e-05,0.0437599504493173,0,1,0,1,false_negative,"(0.1, 0.2]",Q1_low
0.1888645752217483,0.1569707599052233,0.1645357577931413,0.1757524446736452,0.1549686899338433,0.1319378416563005,0.162171678197317,0.0002707934721386,0.0557123905881992,0,1,0,1,false_negative,"(0.1, 0.2]",Q2
0.2528226047964972,0.1797718300608265,0.1652797319221632,0.174861518861684,0.1728996548712694,0.183822739675577,0.1882430133646696,0.0007433741050219,0.0670496263201178,0,1,0,1,false_negative,"(0.1, 0.2]",Q3
0.1405252990158346,0.123525493116264,0.1487064112563709,0.1522057831598148,0.1230718811562592,0.1300427295069046,0.136346266201908,0.0001145825535549,0.0461536368432125,0,1,0,1,false_negative,"(0.1, 0.2]",Q1_low
0.1761925210166712,0.1340223464654022,0.1645870051689298,0.2165306517240984,0.1084883320273836,0.1233296480027977,0.1538584174008805,0.0011322348361141,0.0595139372736594,0,1,0,1,false_negative,"(0.1, 0.2]",Q4_high
0.1961232857601726,0.2071068608387472,0.1880883067388081,0.1716147242634232,0.2382710251695249,0.1880649156914897,0.1982115197436943,0.0003715820477833,0.0678685633813301,0,1,0,1,false_negative,"(0.1, 0.2]",Q2
0.2028818352032498,0.1595371385769242,0.2224271867278433,0.2124737695432511,0.1481830796848827,0.1605889817433964,0.1843486652465913,0.0007246510962016,0.0657415526175474,0,1,0,1,false_negative,"(0.1, 0.2]",Q3
0.2207491061556193,0.1457714286338782,0.1665168074252133,0.1470940930636875,0.1257437200104254,0.1572862947632352,0.1605269083420098,0.0007544469250177,0.0587552795223152,0,1,0,1,false_negative,"(0.1, 0.2]",Q3
0.1426087888295654,0.1903234974329206,0.1492002970687649,0.1567011789224722,0.1710706739099416,0.1462779177910389,0.1593637256591173,0.000236844402456,0.0545597202766778,0,1,0,1,false_negative,"(0.1, 0.2]",Q1_low
0.1137595252024914,0.1662693633212392,0.1916014732262607,0.2376792567324507,0.1594039130890237,0.15813484367499,0.1711413958744093,0.0012098937682955,0.0649388003816903,0,1,0,1,false_negative,"(0.1, 0.2]",Q4_high
0.1945485172936411,0.1702243024818107,0.2082402682676899,0.2108928977585059,0.1831639523521716,0.2052579747168973,0.1953879854784528,0.0001837632571335,0.0657912846871987,0,1,0,1,false_negative,"(0.1, 0.2]",Q1_low
0.1639390349315512,0.2002708294953182,0.1571040222624836,0.1563529592336446,0.1937223697321693,0.1664788911830538,0.1729780178063702,0.0002610776960086,0.0590865811733206,0,1,0,1,false_negative,"(0.1, 0.2]",Q1_low
0.15660539926799,0.1526589949612583,0.1822491591746166,0.1770216081048583,0.1251138825931158,0.2080401248282106,0.1669481948216749,0.0005836291727312,0.0594799617778281,0,1,0,1,false_negative,"(0.1, 0.2]",Q3
0.1629924497363913,0.1404353707629444,0.1515128294799744,0.1788725530908093,0.1445351813178229,0.1466664778339606,0.1541691437036505,0.0001475549879346,0.0521898020237688,0,1,0,1,false_negative,"(0.1, 0.2]",Q1_low
0.1037601139914575,0.1235379261919759,0.1029666920691038,0.1098345230762802,0.0978182080125606,0.0876480889043511,0.1042609253742882,0.0001031555066197,0.0357330806854247,0,1,0,1,false_negative,"(0.1, 0.2]",Q1_low
0.2001555076781808,0.1612125007887661,0.1775616527017877,0.1889884443152114,0.1586320731699406,0.1624364486357138,0.1748311045482667,0.0002072448625038,0.059300632229593,0,1,0,1,false_negative,"(0.1, 0.2]",Q1_low
0.2040904699129274,0.1604692847140391,0.169754582097843,0.1588953978488072,0.1604500199013705,0.1648611756496161,0.1697534883541006,0.0002133731598954,0.0577110057168739,0,1,0,1,false_negative,"(0.1, 0.2]",Q1_low
0.1966950558741245,0.1649256707730983,0.2026220517214651,0.1909621355261531,0.1599084393738897,0.1816679188006522,0.1827968786782305,0.0002139147873053,0.0619141289170259,0,1,0,1,false_negative,"(0.1, 0.2]",Q1_low
0.135888825424903,0.158605773585156,0.1607058613403584,0.1263874740106966,0.1597305996863228,0.1263899305651315,0.144618077435428,0.0002033829776501,0.0495887264430731,0,1,0,1,false_negative,"(0.1, 0.2]",Q1_low
0.1531237864310883,0.1597042194876296,0.1835047140680077,0.2190175895732091,0.165343422812552,0.129860586704525,0.1684257198461686,0.0006562710190285,0.060438151855835,0,1,0,1,false_negative,"(0.1, 0.2]",Q3
0.1946061014758922,0.14972215960765,0.221810665881083,0.2574982217592769,0.1455832730484408,0.1462794153405433,0.1859166395188144,0.0015708201658683,0.0713540465170633,0,1,0,1,false_negative,"(0.1, 0.2]",Q4_high
0.1535551077806389,0.1054799751279597,0.1113453548887631,0.1231162007885584,0.1006301059271395,0.1102635634702402,0.1173983846638833,0.0002643957926228,0.0416174474809562,0,1,0,1,false_negative,"(0.1, 0.2]",Q1_low
0.1587487874954328,0.1542070733741704,0.1290621078916638,0.137859628491545,0.1544600588329835,0.1270155792404705,0.1435588725543777,0.0001398959544485,0.0487046573414563,0,1,0,1,false_negative,"(0.1, 0.2]",Q1_low
0.1850563515250856,0.1725469965264726,0.1743039851250312,0.260244769456951,0.1830461277568857,0.1367846890858152,0.1853304865793736,0.0011798770044086,0.0688582376715357,0,1,0,1,false_negative,"(0.1, 0.2]",Q4_high
0.164759812027844,0.1816802423310582,0.1942014139594879,0.2306053412649298,0.1840430320352077,0.1593248945858641,0.1857691227007319,0.0004631109568876,0.0645056246947424,0,1,0,1,false_negative,"(0.1, 0.2]",Q2
0.1561369765893117,0.1220024861589459,0.1664835616123195,0.1924462215290415,0.1168581940873134,0.1069388873510474,0.1434777212213299,0.0007989015410538,0.0540889321795184,0,1,0,1,false_negative,"(0.1, 0.2]",Q3
0.1068076526817448,0.1369365399880416,0.1210606742183441,0.1337204516548523,0.0963876556344476,0.1449336196236667,0.1233077656335162,0.0002519772215714,0.0433210784866541,0,1,0,1,false_negative,"(0.1, 0.2]",Q1_low
0.2052261621611316,0.2010608849000603,0.177536683054031,0.1792538101207612,0.2048695704742308,0.1577461773294309,0.1876155480066077,0.000264613370035,0.0638015670955593,0,1,0,1,false_negative,"(0.1, 0.2]",Q1_low
0.1468438473393347,0.1514159651431413,0.1296199656109245,0.1582213392587584,0.1517417312110417,0.1324393973185906,0.1450470409802986,9.416000766461498e-05,0.0487904198372174,0,1,0,1,false_negative,"(0.1, 0.2]",Q1_low
0.1689732298475398,0.1668595783114688,0.1904107446922284,0.2027543985980461,0.1769769682047823,0.1513020264190409,0.1762128243455177,0.0002381518307162,0.0599617195705614,0,1,0,1,false_negative,"(0.1, 0.2]",Q1_low
0.1764798263543009,0.1488782538098504,0.1568782442356365,0.136928407500689,0.1509262643244596,0.1473584918078109,0.1529082480054579,0.0001253863406946,0.0516024246656924,0,1,0,1,false_negative,"(0.1, 0.2]",Q1_low
0.1918299711718665,0.1819563292155168,0.1594893723407204,0.1798280432596665,0.1921836156571908,0.2141274155540255,0.1865691245331644,0.0002312416368729,0.0632458222287239,0,1,0,1,false_negative,"(0.1, 0.2]",Q1_low
0.1198221651798823,0.167504440958014,0.1444816697683297,0.1416377088075443,0.1665223549466753,0.1763080249061448,0.1527127274277651,0.0003197762995826,0.0531026061112356,0,1,0,1,false_negative,"(0.1, 0.2]",Q2
0.1065370545805148,0.0934160098788943,0.1073499877307325,0.1216006644922743,0.0617387684172577,0.0735345984743208,0.0940295139289991,0.0003653074473218,0.0357657531028544,0,1,0,1,false_negative,"(-0.001, 0.1]",Q2
0.14115375923179,0.1972247583876156,0.1779295925051593,0.1432944565406034,0.1721723575143616,0.1789347378828416,0.1684516103437286,0.0003456458827886,0.05825234389699,0,1,0,1,false_negative,"(0.1, 0.2]",Q2
0.216980655671858,0.1690879592456848,0.1711208596590445,0.1539755040918953,0.1827506529160072,0.183786207695671,0.1796169732133602,0.0003233966072675,0.0616357136088245,0,1,0,1,false_negative,"(0.1, 0.2]",Q2
0.1602349537861654,0.1287341738160844,0.1441641318501131,0.1579548618353811,0.1074829464518176,0.1372466625563759,0.1393029550493229,0.0002768733800687,0.0485416491553249,0,1,0,1,false_negative,"(0.1, 0.2]",Q2
0.1757470767065143,0.1759967177914971,0.163518024052352,0.1760946711413773,0.1961157406403556,0.1659002251651989,0.1755620759162159,9.448149647896264e-05,0.0587384430977393,0,1,0,1,false_negative,"(0.1, 0.2]",Q1_low
0.2230026349783539,0.1283244227116456,0.1699866010684551,0.1795743501373087,0.1299006572611211,0.1831523993051839,0.1689901775770114,0.000916089409238,0.06238029796029,0,1,0,1,false_negative,"(0.1, 0.2]",Q3
0.1785088049994873,0.174331405397838,0.2168424659662106,0.2354492227992068,0.2031035025649528,0.1748277897786948,0.1971771985843984,0.000465218130985,0.0681131226013586,0,1,0,1,false_negative,"(0.1, 0.2]",Q2
0.2374313665610544,0.1748372890091356,0.1964904250213854,0.1874864058534263,0.1840377779510345,0.1936319359640445,0.1956525333933468,0.0003407311941377,0.0668613125501953,0,1,0,1,false_negative,"(0.1, 0.2]",Q2
0.1730804064899206,0.156126315694181,0.1535567484812605,0.150664904026655,0.1657464397191557,0.1705115821981867,0.1616143994348932,6.32341696501187e-05,0.0539433392682648,0,1,0,1,false_negative,"(0.1, 0.2]",Q1_low
0.1516761690947106,0.1438682562887156,0.1531641808876029,0.136199251799376,0.1433922268450761,0.1235321948824917,0.1419720466329955,8.548566822713916e-05,0.0477149365204411,0,1,0,1,false_negative,"(0.1, 0.2]",Q1_low
0.1053955462177973,0.143450324113206,0.1431533841879456,0.1609660478309552,0.1273057257367592,0.1684056110009913,0.1414461065146091,0.0003734811346625,0.0500351974492454,0,1,0,1,false_negative,"(0.1, 0.2]",Q2
0.1714571179264705,0.1783300384300691,0.2323929929049953,0.2316244639064699,0.1839018420599167,0.1941882278540429,0.1986491138469941,0.00051652486891,0.0688886162090969,0,1,0,1,false_negative,"(0.1, 0.2]",Q2
0.1865515463325761,0.1809038511901939,0.1815459138174933,0.1679428460732756,0.1868727186158389,0.1801411317001146,0.1806596679549154,3.373538930436729e-05,0.0599829760233348,0,1,0,1,false_negative,"(0.1, 0.2]",Q1_low
0.1151318807544443,0.132334933800915,0.1264129072859896,0.1284530637593502,0.1144410976489705,0.12072529207309,0.1229165292204599,3.840277591671917e-05,0.0410494734209877,0,1,0,1,false_negative,"(0.1, 0.2]",Q1_low
0.1764553637844769,0.140589451910593,0.1885406782075636,0.1896956740908858,0.1532883372249378,0.1389245171655058,0.1645823370639938,0.0003867410375393,0.0573338434063464,0,1,0,1,false_negative,"(0.1, 0.2]",Q2
0.1638679252661835,0.1387208864995535,0.1439255126597934,0.1351925887020905,0.1437541698563035,0.1398826713597583,0.1442239590572805,7.384163107184616e-05,0.0483460711010263,0,1,0,1,false_negative,"(0.1, 0.2]",Q1_low
0.1485115929802394,0.1969249915231333,0.1791774863174448,0.1330907972678113,0.2433420265442926,0.2128388442928605,0.185647623154297,0.0011969075831283,0.0690540198388871,0,1,0,1,false_negative,"(0.1, 0.2]",Q4_high
0.1488859129181741,0.106110156997908,0.1161923088551557,0.1289147546672922,0.0860108379939544,0.10815945345552,0.1157122374813341,0.0003294924711739,0.0417664307691261,0,1,0,1,false_negative,"(0.1, 0.2]",Q2
0.1447533048212428,0.1425503245954437,0.1662293231887207,0.1686793091514804,0.1268119612735294,0.1212524600608924,0.1450461138485516,0.0002731704657134,0.0503133900589079,0,1,0,1,false_negative,"(0.1, 0.2]",Q2
0.2606814421721005,0.1639295718516291,0.2022275052445027,0.1910962890857246,0.1817691840146048,0.1913616599541093,0.1985109420537785,0.0007801758381986,0.0704197280482056,0,1,0,1,false_negative,"(0.1, 0.2]",Q3
0.1231982131655741,0.1305780580471182,0.1156134708196904,0.1451452172906296,0.1376603582357746,0.1142803466547509,0.1277459440355896,0.000108321751962,0.0433203107072405,0,1,0,1,false_negative,"(0.1, 0.2]",Q1_low
0.1794887020458807,0.1446177980606696,0.1728806911675824,0.2012115970861398,0.1450021155936531,0.1416933302753492,0.1641490390382125,0.0004196447323871,0.0574390039155599,0,1,0,1,false_negative,"(0.1, 0.2]",Q2
0.1537050286554875,0.1809253779146974,0.1351513126032701,0.1642518105624837,0.1686034329937793,0.1488078716809074,0.1585741390684376,0.0001857310832447,0.0539109733655713,0,1,0,1,false_negative,"(0.1, 0.2]",Q1_low
0.1668537576882486,0.1419899590479012,0.1411439266965928,0.186590858349408,0.1408382601890242,0.1398535444289526,0.1528783844000212,0.0002718154728376,0.0527735463793474,0,1,0,1,false_negative,"(0.1, 0.2]",Q2
0.1628151236536569,0.1176276196979066,0.1365052248079739,0.1250856326198814,0.0935028000795063,0.1069085434915076,0.1237408240584054,0.0004180820508866,0.0450472123380403,0,1,0,1,false_negative,"(0.1, 0.2]",Q2
0.1477870535335072,0.1654436325397824,0.1540962945049722,0.1831333668404068,0.1554274398989246,0.1685743226573925,0.1624103516624976,0.0001154805915222,0.0546071608967261,0,1,0,1,false_negative,"(0.1, 0.2]",Q1_low
0.1772444380338811,0.1549616410708128,0.1593879982997477,0.1663908558213735,0.18120267150727,0.1441066340071241,0.1638823731233682,0.0001393841033183,0.0552675134796613,0,1,0,1,false_negative,"(0.1, 0.2]",Q1_low
0.2589709043152695,0.1776953476952258,0.162524333707951,0.1889124407364727,0.1897802460296851,0.1888279425252383,0.1944518691683071,0.0007924274728189,0.0692486229536503,0,1,0,1,false_negative,"(0.1, 0.2]",Q3
0.2004133360789088,0.1570539991017561,0.1721970391374021,0.167361967247772,0.1752014865757027,0.1786990504443906,0.175154479764322,0.0001496675885522,0.0589979044849872,0,1,0,1,false_negative,"(0.1, 0.2]",Q1_low
0.1321066077167225,0.1219764012683805,0.1251798960090678,0.1408469056904781,0.102955234127816,0.0922252775361636,0.1192150537247714,0.0002385947599376,0.0419167871858905,0,1,0,1,false_negative,"(0.1, 0.2]",Q1_low
0.2119519110382551,0.1632725647933414,0.209718675455322,0.1919764427352855,0.1776806876806263,0.1800494593869802,0.1891082901816351,0.0002621403592383,0.0642650685438526,0,1,0,1,false_negative,"(0.1, 0.2]",Q1_low
0.1272150441729426,0.1875126495280086,0.140926460968815,0.1468125450999078,0.1832600383072413,0.1683327014882599,0.1590099065941959,0.0004248699509975,0.0558789447972319,0,1,0,1,false_negative,"(0.1, 0.2]",Q2
0.1661367447975151,0.1995599504475233,0.1287733217490572,0.1550373986451611,0.2013579334217514,0.1763929072094881,0.171209709378416,0.0005468061029315,0.0605317488550802,0,1,0,1,false_negative,"(0.1, 0.2]",Q3
0.0956482469022121,0.1403077406421363,0.1438410061912343,0.1488698649422747,0.1408203906726974,0.1777412304983367,0.1412047466414819,0.0004967093676241,0.050991265621731,0,1,0,1,false_negative,"(0.1, 0.2]",Q2
0.1906682113977126,0.1682904703176781,0.1895552938767588,0.2551158184987416,0.187556054220658,0.1792860453446654,0.1950786489427024,0.0006682890589466,0.068692237497216,0,1,0,1,false_negative,"(0.1, 0.2]",Q3
0.200211353020972,0.1735472223280413,0.2028099122883254,0.2554514226101416,0.1656413056122758,0.1623081191215062,0.1933282224968771,0.0008738102952998,0.0693951864738933,0,1,0,1,false_negative,"(0.1, 0.2]",Q3
0.1892418008683626,0.1534637105407176,0.1462841547429337,0.2162363525247967,0.1432718851858975,0.1561095399594838,0.1674345739703653,0.000601683702595,0.0597555933928738,0,1,0,1,false_negative,"(0.1, 0.2]",Q3
0.2201251105276256,0.166225011511247,0.1984553715974931,0.1890726077640017,0.1773472727421973,0.1914111279528382,0.1904394170159005,0.0002437214274899,0.0645742327531306,0,1,0,1,false_negative,"(0.1, 0.2]",Q1_low
0.141626560240326,0.1260038073364799,0.1231020223272433,0.1451202144009666,0.1272304279745336,0.1158084443320947,0.1298152461019407,9.088791654190852e-05,0.0438193356066706,0,1,0,1,false_negative,"(0.1, 0.2]",Q1_low
0.211751151070878,0.1702441493465181,0.2030471555830803,0.2486547710244148,0.1728755070842454,0.1610010524219111,0.1945956310885079,0.0007830692726192,0.0692363527944929,0,1,0,1,false_negative,"(0.1, 0.2]",Q3
0.1812760060423729,0.1638192424031879,0.2009112319752902,0.2015590544641196,0.1682918572147345,0.2003220653916238,0.1860299095818881,0.0002139179502579,0.06295738693215,0,1,0,1,false_negative,"(0.1, 0.2]",Q1_low
0.2362760100361395,0.1520418281471703,0.2298050407067773,0.2085931987077777,0.1652200144491128,0.1848436090552343,0.196129950183702,0.0008468026478683,0.0700858293296893,0,1,0,1,false_negative,"(0.1, 0.2]",Q3
0.2426043064374861,0.1755561547829192,0.1732311596907003,0.2021974682225739,0.1882496671784324,0.2003279826765857,0.1970277898314496,0.0004598859812067,0.0680333329051979,0,1,0,1,false_negative,"(0.1, 0.2]",Q2
0.1825226533358443,0.1588015803194109,0.2517260939690383,0.2312819924791643,0.1691204719716535,0.1690408117640846,0.1937489339731993,0.0010477829871441,0.0705571557342349,0,1,0,1,false_negative,"(0.1, 0.2]",Q4_high
0.1388923617748897,0.1711409180945702,0.1600560000500202,0.1756741052113356,0.1828314794376851,0.1716507546054971,0.1667076031956663,0.000171771150003,0.0564245164863756,0,1,0,1,false_negative,"(0.1, 0.2]",Q1_low
0.1846291549310106,0.173203039657614,0.2240859195817887,0.2142851153894297,0.1845185223018627,0.1695287195535107,0.1917084119025361,0.000356315498602,0.0657009134150949,0,1,0,1,false_negative,"(0.1, 0.2]",Q2
0.1323318283526216,0.1736276589491963,0.1645617503698954,0.1695823361360184,0.1860963511811389,0.161074581668986,0.1645457511096428,0.000231723242119,0.0561763684519859,0,1,0,1,false_negative,"(0.1, 0.2]",Q1_low
0.1431774791028039,0.1361788274635034,0.1532615612663512,0.1318058103804641,0.1196383548311985,0.1368842552479483,0.1368243813820449,9.021551734920352e-05,0.0460851273756231,0,1,0,1,false_negative,"(0.1, 0.2]",Q1_low
0.1861494173106853,0.1839019387851476,0.1618077375194112,0.1327686901897912,0.1634713496194191,0.1598211266412562,0.1646533766776184,0.0002688665184474,0.0564873320000474,0,1,0,1,false_negative,"(0.1, 0.2]",Q2
0.2042701560829087,0.1249712542517295,0.1375090940407341,0.1628118751263446,0.118446201579337,0.1412107460434851,0.1482032211874232,0.0007064825037438,0.0547508612469229,0,1,0,1,false_negative,"(0.1, 0.2]",Q3
0.2278384195773399,0.1340660637484906,0.1497269024424684,0.2167495922809361,0.1280073790384985,0.1465080187862203,0.1671493959789923,0.0013570787362286,0.0647598998737209,0,1,0,1,false_negative,"(0.1, 0.2]",Q4_high
0.1587638602335008,0.1686832343291615,0.1490162093104031,0.1479229802548053,0.1510563102951733,0.1621185328836242,0.1562601878844447,4.914075184763451e-05,0.0520764343338389,0,1,0,1,false_negative,"(0.1, 0.2]",Q1_low
0.0886855727554486,0.1076097055899841,0.1141051444271407,0.1304888967819829,0.0905512726252942,0.0861665008336415,0.1029345155022487,0.0002204896671601,0.0366995016748622,0,1,0,1,false_negative,"(0.1, 0.2]",Q1_low
0.2460370589415629,0.1513538952386849,0.2067027974676556,0.1853410313136053,0.152258939713941,0.2061250378057185,0.1913031267468614,0.0009440826371929,0.0692058283540879,0,1,0,1,false_negative,"(0.1, 0.2]",Q3
0.1744045435239567,0.1921792515098577,0.1944476926968246,0.2303370816530934,0.1818327821760571,0.2006287655203062,0.1956383528466826,0.0002691082132829,0.0664094840017479,0,1,0,1,false_negative,"(0.1, 0.2]",Q2
0.1669534713964971,0.1230829856507912,0.1605497890910789,0.1625229711749139,0.1242244774685718,0.1279570649463281,0.1442151266213635,0.0003185069568983,0.0504325120895378,0,1,0,1,false_negative,"(0.1, 0.2]",Q2
0.1647566233742001,0.1322740099382119,0.1657159975789453,0.1478380121635094,0.1308466659400646,0.1436720638120682,0.1475172288011666,0.0001647919276343,0.0501898789155217,0,1,0,1,false_negative,"(0.1, 0.2]",Q1_low
0.0718160612669074,0.1287486362427282,0.1167800186953382,0.1329461108475851,0.1115370233027807,0.1121026691729508,0.1123217532547151,0.0003366368034147,0.0408190222846344,0,1,0,1,false_negative,"(0.1, 0.2]",Q2
0.2087255181634012,0.1360726954941271,0.2113092312628156,0.2087474476761344,0.1218355949824979,0.1690041964252082,0.1759491140006974,0.0011381421182982,0.0658654036959539,0,1,0,1,false_negative,"(0.1, 0.2]",Q4_high
0.1959961762440604,0.17667994786189,0.1437058952798746,0.1414734419303359,0.1828832499323953,0.1800350826934902,0.1701289656570077,0.0003560212231037,0.0588559094747121,0,1,0,1,false_negative,"(0.1, 0.2]",Q2
0.1868033795661521,0.1740029626221838,0.1544136714545317,0.1487008214684652,0.1866099574168168,0.1979469013361252,0.1747462823107125,0.0002738175318979,0.0597414047881903,0,1,0,1,false_negative,"(0.1, 0.2]",Q2
0.109140498096842,0.1145429414047835,0.1314412646797005,0.1338025561259804,0.1108002295136464,0.0978863345193499,0.1162689707233838,0.0001370354091988,0.0399375230269617,0,1,0,1,false_negative,"(0.1, 0.2]",Q1_low
0.2605380842358391,0.156662349774789,0.1619464861252431,0.2008193541991602,0.1352612648886495,0.1745024730988314,0.1816216687204187,0.0014009145953813,0.0691248710287151,0,1,0,1,false_negative,"(0.1, 0.2]",Q4_high
0.1252721967635442,0.1046379729894304,0.0970836705431984,0.1488115569961308,0.0877305308470682,0.0804765929608791,0.1073354201833752,0.0004657315366718,0.0407025948408328,0,1,0,1,false_negative,"(0.1, 0.2]",Q2
0.1700021700250006,0.1705562189598839,0.1800129771250525,0.1776383549491381,0.171889899371397,0.1701132368150788,0.1733688095409251,1.3486405335473562e-05,0.0574347068301937,0,1,0,1,false_negative,"(0.1, 0.2]",Q1_low
0.2023515926847522,0.1537328197507492,0.1832501821616556,0.2009357651886204,0.1508578520270104,0.1587214685556794,0.1749749467280779,0.0003984231612144,0.0606797993431571,0,1,0,1,false_negative,"(0.1, 0.2]",Q2
0.1852508849471494,0.1922476942155951,0.2016983980896471,0.1872552876710419,0.205532605844058,0.1985802712290867,0.195094190332763,4.731006207109781e-05,0.0648257715437224,0,1,0,1,false_negative,"(0.1, 0.2]",Q1_low
0.1731004532414513,0.1694076213929072,0.1854222902181463,0.215398487087828,0.1759110930107013,0.1434597275563223,0.1771166120845594,0.0003920404949637,0.0613105933881245,0,1,0,1,false_negative,"(0.1, 0.2]",Q2
0.1441065162284898,0.1133479831234625,0.1255026275393821,0.1491783028970408,0.0970068176787795,0.1007475727883059,0.1216483033759101,0.0003414380979532,0.0436835249318777,0,1,0,1,false_negative,"(0.1, 0.2]",Q2
0.1699477117438653,0.1386633355509036,0.1587111845300558,0.1643669327784851,0.139027894653044,0.1303937906437923,0.1501851416500244,0.0001876156477866,0.0512349491502744,0,1,0,1,false_negative,"(0.1, 0.2]",Q1_low
0.1457957465437686,0.1386046116413943,0.1602550761514747,0.1733970439028053,0.1385362158808827,0.1279208560207537,0.1474182583568466,0.0001970047827062,0.0504280041183625,0,1,0,1,false_negative,"(0.1, 0.2]",Q1_low
0.2141147318240744,0.1593770883561116,0.1401350556366202,0.144077645503267,0.1776558030968647,0.1631125007221486,0.1664121375231811,0.0005216645149472,0.0588762945825445,0,1,0,1,false_negative,"(0.1, 0.2]",Q2
0.2311998021403458,0.1509802398103453,0.1917808507853612,0.2789839304188082,0.146906896956271,0.1478819058503817,0.1912889376602522,0.002108893986706,0.0758927785725744,0,1,0,1,false_negative,"(0.1, 0.2]",Q4_high
0.197660525878523,0.1656278102789905,0.2176653630041401,0.2142686871718368,0.1693134584333785,0.1564963305856949,0.186838695892094,0.0004996420828517,0.0650763562888536,0,1,0,1,false_negative,"(0.1, 0.2]",Q2
0.1398426921612556,0.1710071465093906,0.1469771731553959,0.1440547970327033,0.1709072248603686,0.1693818980531281,0.157028488628707,0.0001579037337905,0.0531949938800019,0,1,0,1,false_negative,"(0.1, 0.2]",Q1_low
0.2355566427582145,0.1304465440684416,0.1853417390967508,0.2250181589410394,0.1479555566788401,0.1191065064537894,0.173904191332846,0.0017298807092184,0.068963449602317,0,1,0,1,false_negative,"(0.1, 0.2]",Q4_high
0.1134153670078204,0.1195828616560839,0.1384587366393234,0.1709072669089326,0.0961683353696592,0.0972869037262855,0.1226365785513508,0.0005739899830206,0.0461719557309217,0,1,0,1,false_negative,"(0.1, 0.2]",Q3
0.1668775856058125,0.1881540100751459,0.1555984999187582,0.1596589684224438,0.2122646123105277,0.1645567750951292,0.1745184085713029,0.0003352982495937,0.0600982260328175,0,1,0,1,false_negative,"(0.1, 0.2]",Q2
0.1624382663323058,0.210102321746431,0.171820355499334,0.1725408665927982,0.2346313011554414,0.1901757543542373,0.1902848109467579,0.000541510077805,0.0664198537159641,0,1,0,1,false_negative,"(0.1, 0.2]",Q3
0.1373222660558918,0.2397222014450462,0.1907148478189917,0.1856864627586052,0.2279716155326114,0.1946367108783506,0.1960090174149162,0.0009304359304477,0.0705440889159731,0,1,0,1,false_negative,"(0.1, 0.2]",Q3
0.1744379855359467,0.1935878820577055,0.1850856183688685,0.1712961788886691,0.1716217448362658,0.1952035890382425,0.181872166454283,8.535725652591771e-05,0.0607383109064981,0,1,0,1,false_negative,"(0.1, 0.2]",Q1_low
0.1795884800421593,0.1749431130710505,0.2056680742026587,0.2193549871500383,0.1861238533832343,0.1556514391974204,0.1868883245077603,0.0003684380581731,0.0642456476572857,0,1,0,1,false_negative,"(0.1, 0.2]",Q2
0.1336980844226905,0.1231117218025446,0.1441957199806742,0.1543526644054117,0.111496918903105,0.1147263887515984,0.1302635830443374,0.0002044178984076,0.0450442677020373,0,1,0,1,false_negative,"(0.1, 0.2]",Q1_low
0.1449911565249407,0.1608152914345318,0.139290695600968,0.1427277068714221,0.1560262691567432,0.134196205161907,0.1463412207917521,7.362719275662829e-05,0.0490348385963773,0,1,0,1,false_negative,"(0.1, 0.2]",Q1_low
0.2492573847888215,0.1604925636760981,0.1588437224289041,0.1925543655739865,0.1521176164810107,0.1567226470891291,0.1783313833396583,0.0010121260536043,0.0657616306292552,0,1,0,1,false_negative,"(0.1, 0.2]",Q3
0.1664936895987651,0.1409440801588689,0.1502696429357007,0.1344956296379491,0.1241979743281197,0.123908216340877,0.1400515388333801,0.0001924577305957,0.0480399525918544,0,1,0,1,false_negative,"(0.1, 0.2]",Q1_low
0.1656250257068295,0.1255051157287195,0.1425805754020619,0.1315639530529416,0.1274613489464949,0.1154563851107955,0.1346987339913072,0.0002193651634733,0.0465828149704974,0,1,0,1,false_negative,"(0.1, 0.2]",Q1_low
0.1571901808514882,0.1928373673333528,0.1743243001645769,0.182124029915499,0.2055344091229754,0.1506934054262705,0.1771172821356938,0.0003118332974857,0.0607612941959358,0,1,0,1,false_negative,"(0.1, 0.2]",Q2
0.1989666120379134,0.1832921304924465,0.1888795229100068,0.2050470449619229,0.2077515283315009,0.2135098796619207,0.1995744530659519,9.583928093050437e-05,0.0666038922045927,0,1,0,1,false_negative,"(0.1, 0.2]",Q1_low
0.1506923578320363,0.1862228621490396,0.1346734899550063,0.1562540352010892,0.196279072115471,0.1560804578648645,0.1633670458529178,0.0003847495661147,0.0569386426919993,0,1,0,1,false_negative,"(0.1, 0.2]",Q2
0.2178540047468522,0.1644011869055856,0.1723333799633121,0.1772184988764664,0.173234080042771,0.1538345260973421,0.1764792794387216,0.0003426856163444,0.0607709701845188,0,1,0,1,false_negative,"(0.1, 0.2]",Q2
0.200473325700818,0.1762133028223771,0.1889325783488321,0.1858922101958054,0.1832781663690346,0.1892596968567876,0.1873415467156092,4.587196418203052e-05,0.0622653744139675,0,1,0,1,false_negative,"(0.1, 0.2]",Q1_low
0.1796968509994644,0.1297090935113082,0.151976928584009,0.2021574189753155,0.1146917914320613,0.1339062790946422,0.1520230604328001,0.0007855784642825,0.0564720375585714,0,1,0,1,false_negative,"(0.1, 0.2]",Q3
0.1657601678163357,0.1728675183441762,0.1942820146306229,0.1949270658367768,0.1794922230987015,0.1754648547781785,0.1804656407507986,9.999468618657992e-05,0.0603792786253827,0,1,0,1,false_negative,"(0.1, 0.2]",Q1_low
0.1262729425935704,0.1055606111788082,0.1023553920952472,0.1257464440081872,0.0826814272577771,0.0876629379025281,0.105046625839353,0.0002412772327208,0.0375833766254011,0,1,0,1,false_negative,"(0.1, 0.2]",Q1_low
0.1819573528933193,0.1193617107692013,0.1174483651528704,0.1393534431984398,0.1206917296757941,0.1084407329499919,0.1312088891066028,0.0005143496527672,0.0481486985572296,0,1,0,1,false_negative,"(0.1, 0.2]",Q2
0.2148056557899143,0.1613309912564397,0.1342114818797073,0.1499120379309032,0.1715190145480599,0.1795515033485522,0.1685551141255961,0.0005497221718529,0.059734454528783,0,1,0,1,false_negative,"(0.1, 0.2]",Q3
0.1897259735048047,0.1438973133890464,0.1718090836568553,0.1692138571375934,0.1388150559968565,0.1749632442127049,0.1647374213163102,0.0002721887432116,0.0565387393045019,0,1,0,1,false_negative,"(0.1, 0.2]",Q2
0.1884900627104574,0.199340418426606,0.1839606812167686,0.2009653717443383,0.1863039748981579,0.1727679456224502,0.1886380757697964,7.795876426154901e-05,0.0629049524673228,0,1,0,1,false_negative,"(0.1, 0.2]",Q1_low
0.1853509369189867,0.1295594744369324,0.1361492692082489,0.1862025847938657,0.1299063673372501,0.1213541040578714,0.1480871227921925,0.0006246229354581,0.0540825766816412,0,1,0,1,false_negative,"(0.1, 0.2]",Q3
0.1398250509253061,0.1131679530366071,0.1467631773566766,0.176283633159203,0.0858091267069522,0.1091148681175139,0.1284939682170431,0.0007397773528475,0.0493196627787511,0,1,0,1,false_negative,"(0.1, 0.2]",Q3
0.18098867471595,0.1474391194888812,0.1113654824012944,0.1560389515322614,0.1888606195278123,0.1292345436387705,0.1523212318841617,0.0006292820255074,0.0553840183107709,0,1,0,1,false_negative,"(0.1, 0.2]",Q3
0.1423772060763974,0.136467241122928,0.1267440229302395,0.1489094725033662,0.129139771630137,0.1330375901341305,0.1361125507328664,4.985389470487924e-05,0.0454806312482968,0,1,0,1,false_negative,"(0.1, 0.2]",Q1_low
0.1708298805076524,0.161264205011695,0.1881570166357959,0.1970173842035434,0.1567806257024198,0.140208600373991,0.1690429520725163,0.0003133432603046,0.05820693000066,0,1,0,1,false_negative,"(0.1, 0.2]",Q2
0.1530457671109441,0.1625599742868299,0.1583444967738276,0.2003171737049895,0.1696188708996513,0.1508159204967224,0.1657837005454941,0.0002370418359459,0.0566119212658432,0,1,0,1,false_negative,"(0.1, 0.2]",Q1_low
0.1437350434843053,0.1368934332048364,0.1445853696471057,0.1895126927768645,0.1250732511187594,0.1151849537215126,0.142497457325564,0.0004710434661868,0.0511705099616028,0,1,0,1,false_negative,"(0.1, 0.2]",Q2
0.1696077689996285,0.1549728940789091,0.1816745821615371,0.1647358781399504,0.1536443933001976,0.1429809423694057,0.1612694098416048,0.0001328815319722,0.0543708663773933,0,1,0,1,false_negative,"(0.1, 0.2]",Q1_low
0.1522498108002486,0.121263770429106,0.1427883572657923,0.1462028283652154,0.1218186795032681,0.1227337376986005,0.1345095306770385,0.0001421666982417,0.0458161159247985,0,1,0,1,false_negative,"(0.1, 0.2]",Q1_low
0.219199364838664,0.227178523576794,0.1973144005776955,0.2463768627133172,0.1510745531761248,0.1451885260328384,0.1977220384859057,0.0012331679952599,0.0728131750313546,0,1,0,1,false_negative,"(0.1, 0.2]",Q4_high
0.2095613289730196,0.1969550293154921,0.1514980993491618,0.1794376180307246,0.198505496984768,0.2120358297133874,0.1913322337277589,0.0003674643543492,0.0656518761437502,0,1,0,1,false_negative,"(0.1, 0.2]",Q2
0.2993963014146971,0.1582121068799486,0.1586747225650457,0.1923458553438292,0.1502473905356272,0.2022195692647299,0.1935159910006463,0.0022314588045486,0.0771656192526306,0,1,0,1,false_negative,"(0.1, 0.2]",Q4_high
0.1777104169151201,0.1567239293232292,0.1582771314109251,0.1492500869460649,0.1475336931831766,0.1899832421218811,0.1632464166500662,0.0002048698143749,0.0555583212105504,0,1,0,1,false_negative,"(0.1, 0.2]",Q1_low
0.1638577606000713,0.1310056618057065,0.1257889827382808,0.1374287851328531,0.1227290296920491,0.1144858238331781,0.1325493406336898,0.0002106915241146,0.0458246235130899,0,1,0,1,false_negative,"(0.1, 0.2]",Q1_low
0.2341175829698582,0.1477955845068275,0.1550711146649342,0.2128078403735713,0.1630485493428242,0.1495282039120501,0.1770614792950109,0.0009753876414841,0.0651519725382286,0,1,0,1,false_negative,"(0.1, 0.2]",Q3
0.1979707736169186,0.162869305559583,0.1701186724018479,0.165250539786771,0.1598592834676781,0.1675550718198203,0.1706039411087698,0.0001374865388293,0.0574335119820577,0,1,0,1,false_negative,"(0.1, 0.2]",Q1_low
0.2502337772604679,0.1948785431309677,0.1684810300090561,0.1607669717630485,0.2305714260964348,0.1822549426245482,0.1978644484807539,0.0009006390493324,0.0709311927088913,0,1,0,1,false_negative,"(0.1, 0.2]",Q3
0.2023648198058588,0.1280475168561372,0.1819379049150419,0.1810937096137366,0.1317201324713773,0.1641105820255033,0.1648791109479425,0.0006308241205346,0.0591830646213126,0,1,0,1,false_negative,"(0.1, 0.2]",Q3
0.131870100494521,0.1594216412720852,0.1482512508508291,0.1860102934815897,0.1835987954817658,0.1521536039567645,0.1602176142562592,0.0003177684516922,0.0554485626100095,0,1,0,1,false_negative,"(0.1, 0.2]",Q2
0.1442814832455051,0.1252156201426892,0.1223557410384122,0.1324273848305316,0.110486613539333,0.0953439003154611,0.1216851238519887,0.0002083103501236,0.0423825017579653,0,1,0,1,false_negative,"(0.1, 0.2]",Q1_low
0.2381870515181694,0.1532291112072084,0.173246561415723,0.1770900490809898,0.1880825803773004,0.2015519715852763,0.1885645541974445,0.0006065994644798,0.0662932546581224,0,1,0,1,false_negative,"(0.1, 0.2]",Q3
0.1563250714702206,0.1182124760056699,0.1149434610398195,0.1200392080587137,0.1182500082817171,0.1336415059043659,0.1269019551267511,0.0001788010613996,0.0437364557377972,0,1,0,1,false_negative,"(0.1, 0.2]",Q1_low
0.1744319877102446,0.1134765814603825,0.1164969650101405,0.1570403297193449,0.1030757131672288,0.111010952545209,0.1292554216020917,0.0006061301485909,0.0483796460400557,0,1,0,1,false_negative,"(0.1, 0.2]",Q3
0.1800105352381301,0.1423301664907549,0.1607594654415104,0.1807509923095709,0.1451301914366478,0.148239131531218,0.1595367470746387,0.0002145666600804,0.0544432952094494,0,1,0,1,false_negative,"(0.1, 0.2]",Q1_low
0.1863449239315251,0.152610253450414,0.1685062549520358,0.1739388453585973,0.1450665437532519,0.1573511366724613,0.1639696596863809,0.0001643980797874,0.0554852793791586,0,1,0,1,false_negative,"(0.1, 0.2]",Q1_low
0.1800794095165462,0.1679343696054967,0.1824065441926939,0.1618160333158682,0.1745670526303505,0.1669433758176665,0.172291130846437,4.6495173201233074e-05,0.0573205394206983,0,1,0,1,false_negative,"(0.1, 0.2]",Q1_low
0.1151474510553971,0.1034539782627646,0.0935003863348017,0.1140544770877826,0.0818577022927777,0.0742461703105057,0.0970433608906716,0.0002030144234513,0.0346895104463584,0,1,0,1,false_negative,"(-0.001, 0.1]",Q1_low
0.1583790650984117,0.150505948055285,0.1094368711336193,0.1371699260217883,0.1784038930146604,0.1459662137415646,0.1466436528442216,0.0003765578728087,0.0516668538536987,0,1,0,1,false_negative,"(0.1, 0.2]",Q2
0.1631265097298416,0.1256114172247236,0.1409109813678632,0.1177049049666806,0.1028936216555585,0.141518087271003,0.1319609203692784,0.0003187421444444,0.0466297252470434,0,1,0,1,false_negative,"(0.1, 0.2]",Q2
0.1636598468094565,0.2100766705504198,0.1553633340045679,0.1714356813973288,0.1740588182156613,0.2262714646118914,0.1834776359315543,0.0005651002786395,0.0644501485520818,0,1,0,1,false_negative,"(0.1, 0.2]",Q3
0.1757889325262344,0.1790110504442113,0.1769125746021723,0.1806396331805482,0.1756278655099881,0.1982739868986387,0.1810423405269655,5.359825017296453e-05,0.0602468847517022,0,1,0,1,false_negative,"(0.1, 0.2]",Q1_low
0.1254945435859948,0.1383369016084666,0.1890809050007851,0.2075203118721454,0.1302590606404982,0.1553249563215492,0.1576694465049065,0.0008053694371672,0.0582753511360026,0,1,0,1,false_negative,"(0.1, 0.2]",Q3
0.1561379395184646,0.126042918990437,0.1514384571639618,0.1803771957925468,0.1163682295775824,0.1184057906448254,0.141461755281303,0.000461191360647,0.0507744444482521,0,1,0,1,false_negative,"(0.1, 0.2]",Q2
0.2222385109620505,0.1818985945442802,0.1701039825877632,0.1874763957413427,0.1866765223596578,0.2304461684943044,0.1964733624482331,0.0004146694239869,0.0675803417140365,0,1,0,1,false_negative,"(0.1, 0.2]",Q2
0.1430713282195272,0.1088811609473024,0.1079498220635975,0.1206551091148911,0.0902322803938368,0.0943148878645765,0.1108507647672886,0.0002635916868348,0.0396010957890203,0,1,0,1,false_negative,"(0.1, 0.2]",Q1_low
0.0770892769584761,0.0935224151914733,0.0901692445145774,0.10748196022499,0.0646139795585046,0.0853783142249322,0.0863758651121589,0.0001531065209139,0.0307750187512054,0,1,0,1,false_negative,"(-0.001, 0.1]",Q1_low
0.1460333244879586,0.150697785975488,0.1746373945847179,0.1489506168908724,0.1365965117418602,0.145660753330896,0.1504293978352988,0.0001173857286934,0.0507336038310015,0,1,0,1,false_negative,"(0.1, 0.2]",Q1_low
0.186268740735313,0.1262106580558374,0.1272412675170572,0.1469921938013441,0.1165765944589826,0.1513117292987328,0.1424335306445445,0.0004548138668129,0.0510170419851427,0,1,0,1,false_negative,"(0.1, 0.2]",Q2
0.2181058860357854,0.1570031784320489,0.1321692494717593,0.1699291505964679,0.1577075136532749,0.1711721481586198,0.1676811877246593,0.0005763545938579,0.0596531686665925,0,1,0,1,false_negative,"(0.1, 0.2]",Q3
0.2065347372824863,0.1649584472517722,0.2342394717416708,0.2148636467181394,0.15501284828661,0.1686185396327132,0.190704615152232,0.0007362996323609,0.0677597439628629,0,1,0,1,false_negative,"(0.1, 0.2]",Q3
0.2071548104321542,0.1934895564482998,0.141371930804365,0.1926389651214928,0.1855712101039113,0.1730344863881175,0.1822101598830567,0.0003744958505071,0.0628019243121168,0,1,0,1,false_negative,"(0.1, 0.2]",Q2
0.112402190680356,0.1573221099037145,0.1280174142143099,0.180666164384766,0.1302524985561214,0.1547288535910851,0.1438982052217255,0.0004399701067774,0.0513414097207978,0,1,0,1,false_negative,"(0.1, 0.2]",Q2
0.1159883868060403,0.1275074060697795,0.1360467425927269,0.1351048240900186,0.1104576331805218,0.1279402706272774,0.1255075438943941,7.574489551456742e-05,0.0422739701880562,0,1,0,1,false_negative,"(0.1, 0.2]",Q1_low
0.1330990150144573,0.194113203129071,0.1505035780137627,0.1877020914058448,0.2114139328020886,0.1792585612141007,0.1760150635965542,0.0006029075162744,0.0623935083282527,0,1,0,1,false_negative,"(0.1, 0.2]",Q3
0.2150538603020589,0.1612726365438968,0.2151189877345433,0.180479617791307,0.1814615783123469,0.1752155824007029,0.1881003771808093,0.0003491986852739,0.0645063782651296,0,1,0,1,false_negative,"(0.1, 0.2]",Q2
0.1699688298584479,0.1383282987433171,0.1758999878083634,0.1644771403504121,0.1255577322565093,0.1353585694092317,0.1515984264043803,0.0003159779825296,0.0527226560386441,0,1,0,1,false_negative,"(0.1, 0.2]",Q2
0.135901357013959,0.1753708155474833,0.147101831733948,0.1618525433315291,0.1827551508198449,0.1660854346296943,0.1615111888460765,0.0002182754969818,0.0551037735645571,0,1,0,1,false_negative,"(0.1, 0.2]",Q1_low
0.1276408182184256,0.143086924979564,0.1302686795888961,0.1599155542996788,0.1486024545598997,0.1487801040570593,0.1430490892839206,0.0001069881655837,0.0482536344449769,0,1,0,1,false_negative,"(0.1, 0.2]",Q1_low
0.1094318440727121,0.1455374191457411,0.1274986104304838,0.1212421667749351,0.154253714539134,0.1191013026043506,0.1295108429278928,0.0002075722357938,0.0448364032982293,0,1,0,1,false_negative,"(0.1, 0.2]",Q1_low
0.150998513123091,0.1943136826563755,0.1899395840142541,0.2243145992106083,0.2307847496224543,0.1809795955721964,0.1952217873664966,0.0006140543319639,0.0684073541925341,0,1,0,1,false_negative,"(0.1, 0.2]",Q3
0.1822107657776261,0.2130208171895986,0.1657560504586696,0.1511643787906262,0.2304627821521639,0.238164266837278,0.1967965102009937,0.000909497541703,0.0706591636877603,0,1,0,1,false_negative,"(0.1, 0.2]",Q3
0.1658788992764448,0.1773395118014946,0.158650429979911,0.1464752548332233,0.1774445515619905,0.1524584213470718,0.163041178133356,0.0001179507712037,0.0548311455296664,0,1,0,1,false_negative,"(0.1, 0.2]",Q1_low
0.1891187840468921,0.1263161517768465,0.1524640157835028,0.1972401570430039,0.117744859578901,0.1138720470476341,0.1494593358794634,0.0009532538435942,0.0569759557363875,0,1,0,1,false_negative,"(0.1, 0.2]",Q3
0.1691587873571491,0.1324445189066806,0.1847992143762602,0.1453454884361265,0.1340353654318491,0.1344656768026173,0.1500415085517805,0.0003434397521219,0.0524552202977781,0,1,0,1,false_negative,"(0.1, 0.2]",Q2
0.1908936007771026,0.1691663308029872,0.1584154496955307,0.1913130547852873,0.1644824733849034,0.1513199621096511,0.1709318119259103,0.0001999804203631,0.0579930507104361,0,1,0,1,false_negative,"(0.1, 0.2]",Q1_low
0.2007503913337696,0.1880362891482572,0.1846319572027873,0.1943139670959887,0.1818214902414289,0.2252685381342796,0.1958037721927519,0.0001822154919606,0.0659164506297652,0,1,0,1,false_negative,"(0.1, 0.2]",Q1_low
0.1662737005145811,0.1629461148504881,0.1388302345727623,0.1412543270657096,0.1688747504915192,0.1683175704594407,0.1577494496590835,0.0001378787780678,0.0532698118222328,0,1,0,1,false_negative,"(0.1, 0.2]",Q1_low
0.1509714946748281,0.1655256412600246,0.149745604201514,0.1847388056666051,0.1503351067112096,0.1305210655280853,0.1553062863403778,0.0002370628301593,0.0532683018796938,0,1,0,1,false_negative,"(0.1, 0.2]",Q1_low
0.2284151085484373,0.1720520405510927,0.1972397170949027,0.1827921919031517,0.1724904591538012,0.1871562839877621,0.1900243002065246,0.0003166975732493,0.0649107422711202,0,1,0,1,false_negative,"(0.1, 0.2]",Q2
0.212093755026345,0.157084192610609,0.1928839489629067,0.2120920170278752,0.1954765366848392,0.1902887576231526,0.193319867989288,0.0002902722084953,0.0657977746592275,0,1,0,1,false_negative,"(0.1, 0.2]",Q2
0.1491247647484715,0.1944398220975573,0.1840263080745489,0.1735441646106138,0.2072067382444659,0.1971740424785847,0.1842526400423737,0.0003066174626159,0.063000936558872,0,1,0,1,false_negative,"(0.1, 0.2]",Q2
0.1578637252403162,0.1382063311647028,0.1582957040457372,0.1564844476999822,0.1434869718937773,0.1213894724333495,0.1459544420796442,0.0001535111651818,0.0495924019884299,0,1,0,1,false_negative,"(0.1, 0.2]",Q1_low
0.1704171785972125,0.1759957703228722,0.2177410206808215,0.2022587862206023,0.200561802003943,0.1866428375971434,0.1922695659037658,0.0002273377193685,0.0650591598718566,0,1,0,1,false_negative,"(0.1, 0.2]",Q1_low
0.1842629339335374,0.1577585301250603,0.1574241580031734,0.158044672119388,0.1977503085157953,0.1703486408907674,0.1709315405979536,0.0002027658716617,0.0580130764421163,0,1,0,1,false_negative,"(0.1, 0.2]",Q1_low
0.1893380763562236,0.1142104399155155,0.1386829051302872,0.2261530107323131,0.099179097789054,0.1058554101953871,0.1455698233531301,0.001881354951736,0.0624850618345579,0,1,0,1,false_negative,"(0.1, 0.2]",Q4_high
0.2201630250863614,0.1501717476743862,0.1710586298133127,0.1750660013770501,0.1705317265185145,0.1789028059301257,0.1776489893999585,0.0003806820280875,0.0614011608148515,0,1,0,1,false_negative,"(0.1, 0.2]",Q2
0.1989539809082304,0.2004096289312415,0.1813821019317996,0.1564646716265356,0.2023629934915086,0.1896985178557546,0.1882119824575117,0.0002173104319974,0.0636842014800522,0,1,0,1,false_negative,"(0.1, 0.2]",Q1_low
0.1369300222808585,0.198092117465416,0.1408701126043305,0.1738290925476458,0.2069511066249879,0.1604705448243455,0.1695238327245974,0.0006001195949384,0.0603833124866584,0,1,0,1,false_negative,"(0.1, 0.2]",Q3
0.2320337225537074,0.1797818265535474,0.151642021715338,0.1239448703156929,0.1869020967142287,0.2088753673535676,0.1805299842010137,0.0010762355511575,0.0668130234072369,0,1,0,1,false_negative,"(0.1, 0.2]",Q4_high
0.16719628905733,0.1491991920728221,0.1504242918160946,0.1463078332437714,0.1516844053103428,0.1505213576183326,0.1525555615197823,3.915563378683408e-05,0.0507785470731019,0,1,0,1,false_negative,"(0.1, 0.2]",Q1_low
0.2568922892881157,0.1217366677245609,0.1445873019092998,0.2231209753462693,0.1264420558482761,0.1332256777679575,0.1676674946474132,0.0023663234590112,0.0711276860299525,0,1,0,1,false_negative,"(0.1, 0.2]",Q4_high
0.198277467497369,0.1878735521812401,0.1769188588313491,0.1709003405240216,0.1800269271391359,0.1708331519995405,0.1808050496954427,8.121415325850934e-05,0.0603603405745995,0,1,0,1,false_negative,"(0.1, 0.2]",Q1_low
0.1783068584357208,0.1307259253960752,0.1688145957063754,0.1526920368999854,0.0922424522270709,0.1637116938261584,0.1477489270818977,0.0007182207367473,0.0547075408302425,0,1,0,1,false_negative,"(0.1, 0.2]",Q3
0.1893645423718193,0.2032256362535856,0.1384242825125102,0.142557941283504,0.2067550360146549,0.1513934688311039,0.1719534845445297,0.0007004657129369,0.0618111103404208,0,1,0,1,false_negative,"(0.1, 0.2]",Q3
0.2029469970810327,0.1683865747675036,0.1398093301260458,0.1642400875585387,0.1479838648845431,0.1939396194813323,0.1695510789831661,0.0004413381860381,0.0592797485241371,0,1,0,1,false_negative,"(0.1, 0.2]",Q2
0.1029199817281587,0.1481959136780664,0.1609573915471407,0.1716727502488688,0.1402907111646737,0.1269538325619754,0.1418317634881473,0.0004335187111127,0.0506568253675675,0,1,0,1,false_negative,"(0.1, 0.2]",Q2
0.1440691430543016,0.1770183401650072,0.1733346713299237,0.2049359193304067,0.1615747469253691,0.1512805847294211,0.1687022342557382,0.0003378001649759,0.0582750600473695,0,1,0,1,false_negative,"(0.1, 0.2]",Q2
0.1169421854194742,0.110166067087262,0.1064929820127435,0.1260885175742349,0.0808662774035219,0.0850509514433173,0.104267830156759,0.0002276347541595,0.0371899856414694,0,1,0,1,false_negative,"(0.1, 0.2]",Q1_low
0.2051039933112467,0.1368372008370017,0.1770420402822554,0.1525088243554681,0.1023883624288535,0.177636244446188,0.1585861109435022,0.0009336539622022,0.0594591117687467,0,1,0,1,false_negative,"(0.1, 0.2]",Q3
0.1633249791738857,0.1727537234794072,0.1778557740145996,0.1567417461190898,0.1462990312931943,0.1698833988891313,0.1644764421615513,9.547496338016288e-05,0.0551268869558466,0,1,0,1,false_negative,"(0.1, 0.2]",Q1_low
0.2213890665574005,0.177051789629393,0.1620270837232656,0.2157012886187146,0.2121520921354084,0.181375323129566,0.1949494406322913,0.0004305840563562,0.0671955874319993,0,1,0,1,false_negative,"(0.1, 0.2]",Q2
0.1693672281214254,0.1682522279508494,0.2117642116432068,0.2129995461581736,0.1667756229199486,0.1517258776616183,0.1801474524092037,0.0004747401233976,0.0628193630194987,0,1,0,1,false_negative,"(0.1, 0.2]",Q2
0.1358052616598756,0.1480281173807214,0.1584840555954467,0.1550315804341045,0.1317873415591144,0.1443049110359332,0.145573544610866,7.846412007733393e-05,0.0488261776377241,0,1,0,1,false_negative,"(0.1, 0.2]",Q1_low
0.1582911654755111,0.2175557529388334,0.1698455276342769,0.1631643740159017,0.2271182390976301,0.1964305618337339,0.1887342701659812,0.0006143752360509,0.0663947330951865,0,1,0,1,false_negative,"(0.1, 0.2]",Q3
0.2047789677780001,0.1500677313700818,0.2089673904477103,0.1883254758133595,0.1562770682652519,0.1473599626607987,0.1759627660558671,0.0005641021694891,0.0621166443756315,0,1,0,1,false_negative,"(0.1, 0.2]",Q3
0.0929704711377401,0.1248051118314991,0.1062973264988703,0.1459597287857149,0.1008772647936613,0.1137432050213476,0.1141088513448055,0.0002588497143209,0.0405486482706269,0,1,0,1,false_negative,"(0.1, 0.2]",Q1_low
0.1650464791307796,0.1693997264496791,0.2082116091096184,0.2056645540756007,0.1468554684237697,0.1812207560016165,0.179399765531844,0.0004126323343291,0.0621693965702636,0,1,0,1,false_negative,"(0.1, 0.2]",Q2
0.1920548368908714,0.1221128186017605,0.1197109368908769,0.1821580269536216,0.1173568378979436,0.1180546994576274,0.1419080261154502,0.000884438320644,0.0543055752429171,0,1,0,1,false_negative,"(0.1, 0.2]",Q3
0.2951595014231804,0.1608138288676311,0.1800061784325018,0.2036760371866247,0.1534105132663202,0.1961510143600966,0.1982028455893925,0.0018814527500149,0.076562472347504,0,1,0,1,false_negative,"(0.1, 0.2]",Q4_high
0.1948353046833314,0.1195416416906451,0.1600145308110275,0.1522906226302152,0.1088141688613926,0.1386481083139768,0.1456907294984314,0.0006795961677488,0.0538015721951507,0,1,0,1,false_negative,"(0.1, 0.2]",Q3
0.1866255909507746,0.2033307872355496,0.1603755233614472,0.1521743820199418,0.2130099163677344,0.1962092543393342,0.1852875757124636,0.000418893278734,0.0640669854310937,0,1,0,1,false_negative,"(0.1, 0.2]",Q2
0.1590268118989327,0.141162130300769,0.1576510647821191,0.1766172783216211,0.1244010432293996,0.1146546116650713,0.1455854900329855,0.0003877550351752,0.051431228006022,0,1,0,1,false_negative,"(0.1, 0.2]",Q2
0.1829395386972249,0.1475331424982496,0.2282686807915667,0.2663022133681292,0.1530226811211069,0.1615649038174855,0.1899385267156272,0.0016165225609823,0.0727561750124995,0,1,0,1,false_negative,"(0.1, 0.2]",Q4_high
0.1737634414867688,0.1532154588348971,0.1654551658913835,0.1827198657126775,0.1590192958295734,0.1730308338495775,0.167867343600813,8.297247039585244e-05,0.0561398400079511,0,1,0,1,false_negative,"(0.1, 0.2]",Q1_low
0.1371881046757395,0.1544759933431113,0.1637097701148428,0.1732849726652682,0.1350445012005599,0.1307211071804468,0.1490707415299947,0.0002149269216707,0.0511037979282902,0,1,0,1,false_negative,"(0.1, 0.2]",Q1_low
0.2481575849731974,0.1263962997013937,0.1366525915025059,0.1592142283826665,0.146500517882932,0.154342148670549,0.1618772285188741,0.001377112965753,0.0634232232371016,0,1,0,1,false_negative,"(0.1, 0.2]",Q4_high
0.1896778906531837,0.1489766202532249,0.1535457899028194,0.1471052656202175,0.1330923667135298,0.1350450016977262,0.1512404891401169,0.0002995173690981,0.0524784496519391,0,1,0,1,false_negative,"(0.1, 0.2]",Q2
0.153028426158801,0.1322134096830982,0.1217900075879052,0.1299192554869739,0.1286525322365395,0.1071351977002287,0.1287898048089244,0.0001597779297196,0.0441530277077838,0,1,0,1,false_negative,"(0.1, 0.2]",Q1_low
0.1638428383499393,0.1618062299108255,0.151327936581786,0.1635790969878152,0.1772311014907605,0.1629989104975759,0.163464352303117,4.856262767556026e-05,0.0544363948447762,0,1,0,1,false_negative,"(0.1, 0.2]",Q1_low
0.1727649597093585,0.1577986908202292,0.1416935851178705,0.1355026427110655,0.1699932470496827,0.1431729897481304,0.1534876858593895,0.0001759410208973,0.0521991581152493,0,1,0,1,false_negative,"(0.1, 0.2]",Q1_low
0.1780548819239837,0.2077294663534505,0.1835335277125427,0.2202880741147553,0.2235646157907868,0.1840547700982537,0.1995375559989621,0.0002903345522315,0.0677950636229174,0,1,0,1,false_negative,"(0.1, 0.2]",Q2
0.2139819390245108,0.1559128732632002,0.1687788272933585,0.2382736330523554,0.1479495271300571,0.1900777971568456,0.1858290994867213,0.0008830881831568,0.067185392750265,0,1,0,1,false_negative,"(0.1, 0.2]",Q3
0.2646400645738611,0.1619253019973316,0.1749756415044583,0.2355870472420649,0.1635275164306899,0.1867703219361201,0.1979043156140876,0.0012856560152492,0.0731660160579891,0,1,0,1,false_negative,"(0.1, 0.2]",Q4_high
0.1871641137859302,0.1965847765376515,0.2027182282093532,0.2586708965027327,0.1852593926821621,0.1675540389092479,0.1996585744378463,0.0006993447219921,0.0702958847096777,0,1,0,1,false_negative,"(0.1, 0.2]",Q3
0.2026912088691986,0.1346601233034803,0.168515797610404,0.1953645398713528,0.1427275295606288,0.1462333269301102,0.1650320876908625,0.000589106605469,0.0589332816761918,0,1,0,1,false_negative,"(0.1, 0.2]",Q3
0.1648820028610992,0.1129819753116783,0.1198572075242624,0.1400918205165106,0.1186857560562386,0.0920434526666596,0.1247570358227414,0.00044498113282,0.0456024519671319,0,1,0,1,false_negative,"(0.1, 0.2]",Q2
0.1621494594481658,0.1496005435795757,0.1731950205133579,0.1640433028066249,0.1675304643538993,0.1270204730561764,0.1572565439596333,0.0002003462168921,0.0536024038773868,0,1,0,1,false_negative,"(0.1, 0.2]",Q1_low
0.1800754400128906,0.165768259608715,0.1533200801343422,0.2040470504890046,0.1677459275594602,0.2027488818586229,0.1789509399438393,0.0003076710917437,0.0613167370708214,0,1,0,1,false_negative,"(0.1, 0.2]",Q2
0.1761742550035082,0.1888842038852201,0.1950358890615839,0.2175229313779589,0.1823463896308484,0.2089950376564264,0.194826451102591,0.0001792699402474,0.0655805554970109,0,1,0,1,false_negative,"(0.1, 0.2]",Q1_low
0.1564472809597924,0.1159642386113296,0.1062425603870768,0.1288665955477995,0.0980952630202517,0.0973982069333872,0.1171690242432729,0.0003650210471752,0.0425630790673258,0,1,0,1,false_negative,"(0.1, 0.2]",Q2
0.1578378384659251,0.1532749421958946,0.1446718247253664,0.1628866026173515,0.1294340943870943,0.1637994012028339,0.1519841172657443,0.0001223386508956,0.0512781878395027,0,1,0,1,false_negative,"(0.1, 0.2]",Q1_low
0.1529899282824335,0.1400485781575398,0.1650649930526569,0.1995524254612321,0.1287738505757959,0.134752167199745,0.1535303237882339,0.0004855191515389,0.0546506029916086,0,1,0,1,false_negative,"(0.1, 0.2]",Q2
0.198634521881739,0.1429328028696474,0.1402646386213776,0.1491687763329206,0.1251943665744724,0.1458376468940489,0.150338792195701,0.0004489551628586,0.0533868885823409,0,1,0,1,false_negative,"(0.1, 0.2]",Q2
0.2007621566350975,0.165470876710232,0.1799950958191181,0.2345664795120233,0.1925581690329339,0.1941649052993876,0.1945862805014654,0.0003859225657846,0.0668028953386805,0,1,0,1,false_negative,"(0.1, 0.2]",Q2
0.1224136449162926,0.1118051419795919,0.1194390801248005,0.1315887726204307,0.0934226041298701,0.0830377532349697,0.1102844995009926,0.0002448308027414,0.0392252361696341,0,1,0,1,false_negative,"(0.1, 0.2]",Q1_low
0.1661401446899589,0.1546276665597008,0.1416481788843122,0.1585175793366691,0.1555778727671918,0.1354066037621772,0.1519863410000017,9.208974529383356e-05,0.0510300264988131,0,1,0,1,false_negative,"(0.1, 0.2]",Q1_low
0.2233819590026005,0.1804091281139251,0.1637707943010838,0.1671452754636534,0.2048487340537934,0.2183254622959547,0.1929802255385018,0.0004837394181903,0.0669040459818354,0,1,0,1,false_negative,"(0.1, 0.2]",Q2
0.161289516487518,0.1224707378550171,0.1146428300800796,0.1528641342815506,0.1288323934397152,0.121848418414941,0.1336580050931369,0.0002545515021019,0.0465749151448195,0,1,0,1,false_negative,"(0.1, 0.2]",Q1_low
0.1810149555457286,0.1539507397093121,0.1420106620610773,0.1819312371049487,0.1724578026107935,0.1501618301296025,0.1635878711935771,0.0002082238373093,0.0556932024410765,0,1,0,1,false_negative,"(0.1, 0.2]",Q1_low
0.1018391994671914,0.126333766845959,0.1229022434089212,0.1333030993156873,0.1090140789109211,0.1063214375878845,0.1166189709227607,0.0001135045903956,0.0397985008471212,0,1,0,1,false_negative,"(0.1, 0.2]",Q1_low
0.165050745048187,0.1121882354761557,0.1595607466389477,0.1859402414281305,0.1014440044765624,0.1298444912708965,0.1423380773898133,0.0007787231682875,0.0536018092041633,0,1,0,1,false_negative,"(0.1, 0.2]",Q3
0.1617259045829414,0.1240342982686147,0.1346993262411288,0.179956228444038,0.1246385455928944,0.1166885210669411,0.1402904706994264,0.0004472012839539,0.0503016295565869,0,1,0,1,false_negative,"(0.1, 0.2]",Q2
0.1637684893017174,0.1851405648376667,0.2148355631833473,0.2184068688894882,0.2271763571880625,0.1681829030084927,0.1962517910681291,0.0005370027954148,0.0682598556281049,0,1,0,1,false_negative,"(0.1, 0.2]",Q3
0.0925553819830229,0.1061659491456112,0.1163639047070864,0.1482480032503005,0.0818830934876274,0.0935533018035305,0.1064616057295298,0.000401193798397,0.0397666100444298,0,1,0,1,false_negative,"(0.1, 0.2]",Q2
0.1780905502875345,0.156225744928611,0.1859113246053853,0.1764860160282732,0.1454550913777422,0.1577424489217754,0.1666518626915536,0.0001765522454909,0.0564420511266152,0,1,0,1,false_negative,"(0.1, 0.2]",Q1_low
0.1678204695177117,0.1308899307207068,0.1328807287808182,0.1318459704774273,0.1230962342926918,0.1169420802358619,0.1339125690042029,0.0002241725955388,0.046378499984236,0,1,0,1,false_negative,"(0.1, 0.2]",Q1_low
0.1337090329333035,0.1246218930749731,0.1308300623984153,0.1277969950827533,0.1135847513728674,0.1094964450832741,0.1233398633242645,6.741926030356202e-05,0.0414857179557608,0,1,0,1,false_negative,"(0.1, 0.2]",Q1_low
0.2435423206454578,0.1344189457345805,0.1777129686337746,0.2061857500837602,0.1124063012134689,0.1818795276053968,0.1760243023194065,0.001611969535465,0.0688303992133923,0,1,0,1,false_negative,"(0.1, 0.2]",Q4_high
0.1305354550052409,0.1060282620877168,0.0947648475026845,0.1181337154975383,0.0794975563013282,0.0814338864844253,0.101732287146489,0.0002960054673905,0.037207513702721,0,1,0,1,false_negative,"(0.1, 0.2]",Q2
0.1505830915821063,0.150980653620372,0.1251677956278684,0.1496243698011899,0.1458088625405027,0.1815252753496967,0.150615008086956,0.0002324600512483,0.0517388481561923,0,1,0,1,false_negative,"(0.1, 0.2]",Q1_low
0.2042068743065312,0.1877178030088908,0.1754632037989212,0.1801754489079035,0.1858973471433512,0.2096837321867708,0.1905240682253948,0.0001310738766934,0.0638707903669448,0,1,0,1,false_negative,"(0.1, 0.2]",Q1_low
0.231123777724008,0.1993620346678825,0.1595184860802617,0.2100786983450133,0.1510506719277139,0.1672004431151986,0.1863890186433463,0.0007242463483946,0.0663628342440084,0,1,0,1,false_negative,"(0.1, 0.2]",Q3
0.1897152511139169,0.162905736024732,0.1692545331764608,0.1750815996044853,0.1757061289548707,0.1671116054968323,0.173295809061883,6.301809562601321e-05,0.0577705878368224,0,1,0,1,false_negative,"(0.1, 0.2]",Q1_low
0.2101874003009413,0.1362798721213133,0.1773624256154458,0.2206836891960077,0.1147841534805046,0.1547608394934037,0.1690097300346027,0.0012357505343925,0.0644979150955841,0,1,0,1,false_negative,"(0.1, 0.2]",Q4_high
0.1845281375022304,0.1690392508245616,0.1762943660935948,0.1895996150507149,0.1667775123173316,0.1643481780570853,0.1750978433075864,7.4593321817909e-05,0.0584445774151231,0,1,0,1,false_negative,"(0.1, 0.2]",Q1_low
0.1352787706808073,0.1065684403366945,0.1053556397319454,0.1193025575404481,0.0819012801540556,0.0903539846815991,0.1064601121875917,0.0002656026640676,0.0382864748798412,0,1,0,1,false_negative,"(0.1, 0.2]",Q1_low
0.0912603085806076,0.104208108709861,0.1123584761404777,0.1130338304450511,0.0789061459778568,0.0800151298272075,0.096630333280177,0.0001704172634457,0.0341584027314849,0,1,0,1,false_negative,"(-0.001, 0.1]",Q1_low
0.2879455625914869,0.1345944407982884,0.1766056777638965,0.1969973048982483,0.1456912265628699,0.1676982134507287,0.1849220710109198,0.002171057753672,0.0745155986324643,0,1,0,1,false_negative,"(0.1, 0.2]",Q4_high
0.1265914940359617,0.1316566359302006,0.1547441095243436,0.175443570002178,0.1169532436104961,0.1321804797951181,0.1395949221497164,0.0003306212177538,0.0490975761228172,0,1,0,1,false_negative,"(0.1, 0.2]",Q2
0.2269853013917942,0.1459942211449542,0.1504892534604342,0.1467061358581962,0.148810050275515,0.1567471799700848,0.1626220236834964,0.000720702761607,0.0591401432330128,0,1,0,1,false_negative,"(0.1, 0.2]",Q3
0.1030234926353049,0.1054850336867797,0.1094342166012112,0.1230108506223541,0.0774407665971374,0.1060091130662474,0.1040672455348391,0.0001576434750896,0.0363164202717173,0,1,0,1,false_negative,"(0.1, 0.2]",Q1_low
0.0970519584987078,0.1406891754247071,0.1404465257738104,0.1486798849770298,0.1008092306568956,0.1191183726957287,0.1244658580044799,0.0003492357679144,0.0446149768875156,0,1,0,1,false_negative,"(0.1, 0.2]",Q2
0.1954407773066428,0.1608387458377001,0.1740918195671268,0.2010203489688882,0.1672561575776988,0.2009086514785321,0.1832594167894314,0.000231166767314,0.062179267182767,0,1,0,1,false_negative,"(0.1, 0.2]",Q1_low
0.178166206251349,0.1340899527506809,0.1608049976105778,0.1485452999620806,0.1324399849865344,0.137959484564886,0.1486676543543514,0.000229715167619,0.0510974561984095,0,1,0,1,false_negative,"(0.1, 0.2]",Q1_low
0.1649035977021669,0.1536586765362975,0.181157369033383,0.2467986017897626,0.1650207734614992,0.1717083568543555,0.1805412292295775,0.0008109329125109,0.0651360474075414,0,1,0,1,false_negative,"(0.1, 0.2]",Q3
0.2065564254695261,0.1890452086466773,0.166244026284885,0.1890146173734805,0.2183847019638311,0.2250359597467753,0.1990468232475293,0.0003403548332358,0.0679441055653668,0,1,0,1,false_negative,"(0.1, 0.2]",Q2
0.1671190260671988,0.1886466350853666,0.1737121101081616,0.1732120271217083,0.2344441646077467,0.1819022000176423,0.1865060271679707,0.0004343018586465,0.0645513014006743,0,1,0,1,false_negative,"(0.1, 0.2]",Q2
0.2019139863307892,0.1354379513959215,0.1705291021781823,0.1745027531052452,0.1403500184071052,0.1471356206137437,0.1616449053384979,0.0004595211534622,0.0569536929660335,0,1,0,1,false_negative,"(0.1, 0.2]",Q2
0.2442794321152039,0.1667122387137223,0.1529221247584441,0.2143281910566552,0.1759269168561503,0.1741712057258546,0.1880566848710051,0.0008401642634566,0.0675924572659957,0,1,0,1,false_negative,"(0.1, 0.2]",Q3
0.1886527573404613,0.1251131139906981,0.1749325156872851,0.1536583018531188,0.1015324990196362,0.1305031527692696,0.1457320567767449,0.0007669057033263,0.0544935467174852,0,1,0,1,false_negative,"(0.1, 0.2]",Q3
0.2387843987975427,0.1221090118949255,0.1481638826717243,0.1843012884557251,0.1239446166618665,0.1475620179590099,0.160810869406799,0.0014034433967469,0.0633033276287521,0,1,0,1,false_negative,"(0.1, 0.2]",Q4_high
0.0748272041762298,0.1372723384257452,0.121199841034846,0.1468825617392095,0.1233415125225653,0.101795053860134,0.1175530852931216,0.0004813840459711,0.0438210118701456,0,1,0,1,false_negative,"(0.1, 0.2]",Q2
0.1956385558818937,0.1798393318151089,0.1749615000778029,0.1757363985008029,0.1926454017521667,0.180949139944502,0.1832950546620462,5.483110918562852e-05,0.060995568333936,0,1,0,1,false_negative,"(0.1, 0.2]",Q1_low
0.1397339851424508,0.1381562625215714,0.1752352085838936,0.2366762638383144,0.137309506544719,0.144845731294571,0.16199282632092,0.0011028433506855,0.0616135047569127,0,1,0,1,false_negative,"(0.1, 0.2]",Q4_high
0.180149197842999,0.1411296307464171,0.1717827930032202,0.1588158276636682,0.1488348930063293,0.1252351858012635,0.1543245880106495,0.0002917582282173,0.0533885008299506,0,1,0,1,false_negative,"(0.1, 0.2]",Q2
0.1798749548303388,0.1439434322652407,0.173849980083623,0.1524354468379072,0.143674229079974,0.1642187097151241,0.1596661254687013,0.0001693615834807,0.0541350701521101,0,1,0,1,false_negative,"(0.1, 0.2]",Q1_low
0.2421595575894565,0.1744850762615672,0.1626356009208366,0.2027742494558694,0.1621464179606049,0.2152749071478786,0.1932459682227022,0.0007463927426005,0.0686010431209149,0,1,0,1,false_negative,"(0.1, 0.2]",Q3
0.1569543603499857,0.1256631633331461,0.1281037368095578,0.161498266406795,0.1154513655959941,0.127477251509553,0.1358580240008386,0.0002504586638105,0.0472280980339439,0,1,0,1,false_negative,"(0.1, 0.2]",Q1_low
0.1722370220009354,0.151141785215896,0.1507908004956341,0.1723548583610733,0.1537377310112527,0.1494967245372793,0.1582931536036785,8.538848826507052e-05,0.0530314815025207,0,1,0,1,false_negative,"(0.1, 0.2]",Q1_low
0.1594866648891097,0.1844272176623131,0.1768967161229962,0.159938521206618,0.2240915328467271,0.1725872997623503,0.1795713254150191,0.0004071998997125,0.0621869260633762,0,1,0,1,false_negative,"(0.1, 0.2]",Q2
0.1602713943756863,0.1313040533785002,0.1544474655480019,0.1867600951878135,0.1297376162283646,0.1269700795250395,0.1482484507072343,0.0003926654848792,0.0522940304491213,0,1,0,1,false_negative,"(0.1, 0.2]",Q2
0.2220505527819037,0.1718855475586222,0.2005302777227494,0.1804350214030462,0.1846512225130493,0.1654122875332175,0.1874941515854314,0.0003076051789497,0.0640431387950593,0,1,0,1,false_negative,"(0.1, 0.2]",Q2
0.1796260688858167,0.1421694874401595,0.1451330234885811,0.2229055470592478,0.1208450117775916,0.1027056812357298,0.1522308033145211,0.0013335477374292,0.0604757887351577,0,1,0,1,false_negative,"(0.1, 0.2]",Q4_high
0.1461691883155587,0.1266055627174103,0.1380491751790539,0.1356237822089271,0.0994290181912183,0.1066947877990862,0.1254285857352091,0.0002459588395494,0.0439226104839269,0,1,0,1,false_negative,"(0.1, 0.2]",Q1_low
0.1899295823980518,0.1417741144841335,0.1636626944017849,0.1801475267346557,0.1624161188212915,0.1541956964269261,0.1653542888778072,0.0002164025832812,0.0563210932805868,0,1,0,1,false_negative,"(0.1, 0.2]",Q1_low
0.1721494965142275,0.1437503264640983,0.1613716699456231,0.1385449335297729,0.1462920634534507,0.1515810900675196,0.1522815966624487,0.0001107437970832,0.0512794780877716,0,1,0,1,false_negative,"(0.1, 0.2]",Q1_low
0.1832893510773806,0.140176270362926,0.193470736175001,0.1867280100579562,0.1363982741587192,0.1250418425073581,0.1608507473898902,0.0006492603490461,0.0580961211454328,0,1,0,1,false_negative,"(0.1, 0.2]",Q3
0.1216266823612148,0.1120038326365915,0.1329311153324197,0.1268933595401903,0.1110795618873393,0.1051346713690362,0.1182782038544653,8.05830938751846e-05,0.0399819092159309,0,1,0,1,false_negative,"(0.1, 0.2]",Q1_low
0.1682724676268723,0.1423264228122568,0.1424173204300927,0.1636928742986425,0.1417335456196806,0.1255794287794606,0.1473370099278343,0.000179986880866,0.05025957485781,0,1,0,1,false_negative,"(0.1, 0.2]",Q1_low
0.1692026270067789,0.1198469295680127,0.1352637482482134,0.1405843805918252,0.1080009250912482,0.1047582999136186,0.1296094850699495,0.0004142649528844,0.0467771765376164,0,1,0,1,false_negative,"(0.1, 0.2]",Q2
0.2590271908366131,0.1660759808884618,0.1831820757768314,0.2095538935108524,0.174955035386644,0.1874107700571795,0.1967008244094303,0.0008185141989582,0.0700921214495837,0,1,0,1,false_negative,"(0.1, 0.2]",Q3
0.1905915860608749,0.145126845521145,0.1928927781458543,0.2697171485112726,0.1537048309627784,0.1526681227218132,0.1841168853206231,0.0015543548608128,0.0707490519924056,0,1,0,1,false_negative,"(0.1, 0.2]",Q4_high
0.1842741086475765,0.157110105601702,0.1707842720461331,0.1542357598726676,0.1549565055766716,0.1243607722603895,0.1576202540008567,0.0002869604388327,0.054392402591055,0,1,0,1,false_negative,"(0.1, 0.2]",Q2
0.1068857785862481,0.1389766462909182,0.1134124250789881,0.1110945081046956,0.1327976605449545,0.1133259821912767,0.1194155001328469,0.0001230103750776,0.0407935863127942,0,1,0,1,false_negative,"(0.1, 0.2]",Q1_low
0.1728225851866477,0.1774944114438274,0.1615497496621923,0.1924670617504734,0.1875815490633371,0.1900210692230576,0.1803227377215893,0.0001015584829121,0.0603434168383263,0,1,0,1,false_negative,"(0.1, 0.2]",Q1_low
0.1241136048922273,0.1422601761075932,0.1290602101929565,0.1750294538423042,0.1524198767602728,0.1333620811097478,0.1427075671508503,0.0002512224813922,0.0493908407997579,0,1,0,1,false_negative,"(0.1, 0.2]",Q1_low
0.1987938177679815,0.1859482185969982,0.177696744916304,0.1536638320194552,0.2075530928791996,0.20330574362296,0.1878269083004831,0.0002888936100596,0.0640277760577294,0,1,0,1,false_negative,"(0.1, 0.2]",Q2
0.1288158195262975,0.142682523729379,0.1418466727764729,0.1584148656866562,0.1455457915941468,0.1243572783075406,0.1402771586034155,0.0001071127071475,0.0473569893149026,0,1,0,1,false_negative,"(0.1, 0.2]",Q1_low
0.1961508992105439,0.1582489006920809,0.2221614905775876,0.1835053868012053,0.1784662916041309,0.2519913562085806,0.1984207208490216,0.0008104301116244,0.0705705404285534,0,1,0,1,false_negative,"(0.1, 0.2]",Q3
0.1728473579008875,0.1316837729920517,0.1491608441648732,0.1591136326043057,0.112934308753052,0.1268080697151555,0.1420913310217209,0.0003539567492175,0.0500699449545068,0,1,0,1,false_negative,"(0.1, 0.2]",Q2
0.1977035267534213,0.1926728720156389,0.1828394370619389,0.2071531224620337,0.1827891995578305,0.1906002083853334,0.1922930610393661,6.182842294016945e-05,0.0639985741097583,0,1,0,1,false_negative,"(0.1, 0.2]",Q1_low
0.2293969622370494,0.1283943589849341,0.1503533987483072,0.1712426901484736,0.1223902856413108,0.1241867947689198,0.1543274150881658,0.0012197595535373,0.0602598817468532,0,1,0,1,false_negative,"(0.1, 0.2]",Q4_high
0.2291947367579696,0.1785156413445596,0.1484500536245608,0.1612174584912046,0.1782951268566246,0.2660659743251732,0.1936231652333487,0.0014381747386074,0.072788572180222,0,1,0,1,false_negative,"(0.1, 0.2]",Q4_high
0.2033759989972254,0.1740372886473223,0.1967882668282206,0.2265499567535415,0.1480588276071489,0.1575401090969652,0.1843917413217373,0.000634242353547,0.0651782772464236,0,1,0,1,false_negative,"(0.1, 0.2]",Q3
0.2407479566796234,0.1540189691150404,0.1266244739335391,0.1491296359072234,0.150117561095945,0.1722793080565286,0.16548631746465,0.0011222773890293,0.0627440606595939,0,1,0,1,false_negative,"(0.1, 0.2]",Q4_high
0.1530519950938076,0.1224243419608145,0.1227978913916065,0.1508052637311796,0.1023767363065275,0.1457988586429889,0.1328758478544874,0.0002909342951528,0.0466609505591454,0,1,0,1,false_negative,"(0.1, 0.2]",Q2
0.2481913459461932,0.1813688845053413,0.2018535060971502,0.1701108417393031,0.2020909855495194,0.189470308787495,0.1988476454375003,0.0005248000923484,0.0690009581083945,0,1,0,1,false_negative,"(0.1, 0.2]",Q2
0.1478086386715901,0.1667072950189701,0.1953995202689192,0.2335232505374316,0.1722996078215907,0.1935000522888938,0.1848730607678993,0.0006305614923589,0.0653032030879784,0,1,0,1,false_negative,"(0.1, 0.2]",Q3
0.1226340571237777,0.1258436384621701,0.1390111857671391,0.1351609138220623,0.1319172693044648,0.0982260556076912,0.1254655200145509,0.000152751338214,0.0430256291523745,0,1,0,1,false_negative,"(0.1, 0.2]",Q1_low
0.1895651994782003,0.1598487108997186,0.1438229123795255,0.1338241295776631,0.1543443999946893,0.1765972024946941,0.1596670924707485,0.0003039694631938,0.055169982321954,0,1,0,1,false_negative,"(0.1, 0.2]",Q2
0.2320470800327141,0.1785976914312524,0.2090046892431717,0.1857059853666765,0.171098556251326,0.1914293192067491,0.1946472202553149,0.0003581877067779,0.0666492813117772,0,1,0,1,false_negative,"(0.1, 0.2]",Q2
0.1510434423729787,0.1341203077697418,0.124245120794058,0.1310076597919709,0.1297221441262737,0.1384268576190406,0.1347609220790106,6.128975355961308e-05,0.0451456259716161,0,1,0,1,false_negative,"(0.1, 0.2]",Q1_low
0.1207872823359058,0.1224194657988015,0.1346846223622916,0.1368659990515527,0.1035288370580408,0.1304474068819923,0.1247889355814308,0.0001070596830511,0.0423553297807734,0,1,0,1,false_negative,"(0.1, 0.2]",Q1_low
0.2296096593619206,0.1613851915576256,0.1775897405534977,0.2270254602573196,0.1807852989819242,0.1747370532817115,0.1918554006656665,0.0006014064016219,0.0672826815041036,0,1,0,1,false_negative,"(0.1, 0.2]",Q3
0.1842834046183402,0.1379464695710351,0.1491159887694109,0.1310943408528704,0.147378151351073,0.138505460544719,0.1480539692845748,0.0002564458808606,0.0511232769877897,0,1,0,1,false_negative,"(0.1, 0.2]",Q1_low
0.1387200851612952,0.1079134921117807,0.1339566773453155,0.1700262425264132,0.0908307308692224,0.1041756541023184,0.1242704803527243,0.0005979676021808,0.0468625681168419,0,1,0,1,false_negative,"(0.1, 0.2]",Q3
0.202328216235797,0.1721009773395441,0.1708650267217553,0.1660870461012932,0.1869997259947891,0.182711382322359,0.1801820624525896,0.0001277300999892,0.0604785374885153,0,1,0,1,false_negative,"(0.1, 0.2]",Q1_low
0.2519336813533825,0.1654185990931123,0.1576660052823957,0.1359051846149441,0.1730163467120657,0.1814045328536686,0.1775573916515949,0.0011207397059809,0.0662229506788639,0,1,0,1,false_negative,"(0.1, 0.2]",Q4_high
0.1699758745693763,0.126820994739655,0.1276201011567269,0.1279628864376999,0.1239400663929409,0.1211894668239011,0.1329182316867167,0.0002401774579009,0.0462118423945748,0,1,0,1,false_negative,"(0.1, 0.2]",Q1_low
0.2035861517319588,0.1679697613878356,0.1764388419702948,0.1808193867416571,0.1771008828477666,0.1812836546710705,0.1811997798917639,0.0001022574649397,0.0606347423152258,0,1,0,1,false_negative,"(0.1, 0.2]",Q1_low
0.1875187229881698,0.1939049512816542,0.1594030199248468,0.1575624634838366,0.1858690888116418,0.1768744113987432,0.1768554429814821,0.0001660633675964,0.0596648853315045,0,1,0,1,false_negative,"(0.1, 0.2]",Q1_low
0.1266434074135417,0.1101178048343425,0.0904283817674976,0.0986764747269287,0.0991696592132292,0.098346292277118,0.1038970033721096,0.0001168447330526,0.0357804840182167,0,1,0,1,false_negative,"(0.1, 0.2]",Q1_low
0.181671815061477,0.1499862425825478,0.147488954172476,0.1448684228675322,0.1510818019140615,0.1667496647337044,0.1569744835552998,0.0001465147903518,0.0530874736237693,0,1,0,1,false_negative,"(0.1, 0.2]",Q1_low
0.2364445343140356,0.195813385029513,0.1712570225112271,0.1843865340446194,0.1979833181002903,0.1799571729327913,0.1943069944887461,0.0003752844217945,0.066647684319175,0,1,0,1,false_negative,"(0.1, 0.2]",Q2
0.1975949286501132,0.1401277063988021,0.147769347141648,0.1686572327631902,0.115276514551867,0.1464180515597263,0.1526406301775578,0.000556074398657,0.0549215564279603,0,1,0,1,false_negative,"(0.1, 0.2]",Q3
0.1405900911565855,0.1233738154956672,0.1237379167822801,0.1385064848153533,0.10113716925951,0.1067335558609505,0.1223465055617244,0.0001843664114941,0.042350774184186,0,1,0,1,false_negative,"(0.1, 0.2]",Q1_low
0.1791671327641248,0.1641024633908506,0.1644380549180349,0.1635660813121953,0.1701440629890973,0.1517388162136599,0.1655261019313271,5.779211539964223e-05,0.0551835982957909,0,1,0,1,false_negative,"(0.1, 0.2]",Q1_low
0.1664349278063171,0.1852176771658587,0.1655165827056513,0.195747298422444,0.182119415494975,0.1587061709726022,0.1756236787613081,0.0001445697248482,0.0591140751731755,0,1,0,1,false_negative,"(0.1, 0.2]",Q1_low
0.1596740157305006,0.1424736046232246,0.1268001411054347,0.1922690565799235,0.1380527318281542,0.1086227304119815,0.1446487133798698,0.0005940196927129,0.0528156265650007,0,1,0,1,false_negative,"(0.1, 0.2]",Q3
0.2104964089190324,0.173676839575257,0.1806994222493202,0.1497702486044051,0.1581571476062277,0.2236102147578842,0.1827350469520211,0.0006026312166546,0.0644632727513144,0,1,0,1,false_negative,"(0.1, 0.2]",Q3
0.1607570679442966,0.1308181181148025,0.1516666537988816,0.1415988400285651,0.1333339154827803,0.1365019495739575,0.1424460908238806,9.637182893708266e-05,0.0479649806997987,0,1,0,1,false_negative,"(0.1, 0.2]",Q1_low
0.1798749607756831,0.1986397663816378,0.1475564750814871,0.1799869211628407,0.2222790701608385,0.1966137707352266,0.1874918273829523,0.0004466873274651,0.0649417625245261,0,1,0,1,false_negative,"(0.1, 0.2]",Q2
0.2053978527567144,0.1643824458280953,0.2067128844860128,0.2065395320844386,0.2042442800814956,0.1912400290262229,0.19641950404383,0.000200486653528,0.0662311968713668,0,1,0,1,false_negative,"(0.1, 0.2]",Q1_low
0.1045119283468023,0.1511502956922557,0.1380165656836456,0.1515635256005221,0.1722897791776966,0.1578557308568716,0.1458979708929656,0.0003820174370771,0.0514807648313238,0,1,0,1,false_negative,"(0.1, 0.2]",Q2
0.1530894968649055,0.185566168800098,0.1764194526998975,0.2304989015303777,0.2082665524309424,0.1914022835910054,0.1908738093195378,0.0005053840673647,0.0663775269179272,0,1,0,1,false_negative,"(0.1, 0.2]",Q2
0.1215425542628104,0.1694489827032871,0.1416934941954283,0.1809819537377039,0.1600910227025576,0.1338240668686778,0.1512636790784109,0.0003672681264482,0.0530263942161688,0,1,0,1,false_negative,"(0.1, 0.2]",Q2
0.2134970390873747,0.1819581940758498,0.2158507856037096,0.2064193665173731,0.1676646831243655,0.1852821094229946,0.1951120296386112,0.0002741382844044,0.0662717383295529,0,1,0,1,false_negative,"(0.1, 0.2]",Q2
0.1484207255472728,0.1719798983385001,0.1736299827961607,0.2167286238301469,0.17128383723777,0.144418515688816,0.1710769305731111,0.0004736325777653,0.0599820052915716,0,1,0,1,false_negative,"(0.1, 0.2]",Q2
0.1324052166637231,0.146303358088436,0.1553244266992496,0.1694365670258419,0.1409973909310309,0.1488424500312327,0.1488849015732523,0.0001148996349242,0.0502123574638359,0,1,0,1,false_negative,"(0.1, 0.2]",Q1_low
0.2104743611357178,0.1919594535583464,0.2218997485535973,0.2092235448313206,0.1407844772189908,0.1924385218098947,0.1944633511846446,0.0005883946577525,0.068014542586985,0,1,0,1,false_negative,"(0.1, 0.2]",Q3
0.2251777846780867,0.1578384307105738,0.159289386128074,0.181222450082008,0.1626032951233893,0.1790166696021652,0.1775246693873828,0.0004613485717613,0.0619091392014367,0,1,0,1,false_negative,"(0.1, 0.2]",Q2
0.1101379697949515,0.1214227244437785,0.0894188540774854,0.1219475141730945,0.0972191148055324,0.0987135615465651,0.1064766231402346,0.0001304391348749,0.0367574753282645,0,1,0,1,false_negative,"(0.1, 0.2]",Q1_low
0.1679650029379327,0.1618684109462373,0.1580576106186652,0.1840841557199556,0.1904214072973201,0.1414617030421795,0.1673097150937151,0.0002284700760078,0.0570371755569765,0,1,0,1,false_negative,"(0.1, 0.2]",Q1_low
0.1577505383923041,0.1435521915427403,0.1500008939725498,0.1420532613882842,0.1267145728371538,0.1494383062076856,0.1449182940567863,7.891142013528414e-05,0.0486165106447804,0,1,0,1,false_negative,"(0.1, 0.2]",Q1_low
0.1686797771948595,0.1522339833315142,0.1826989350223019,0.1734268350203373,0.1506569133285185,0.2174956891484762,0.1741986888410013,0.0004306574353207,0.0606583822459076,0,1,0,1,false_negative,"(0.1, 0.2]",Q2
0.1824609516157212,0.176604077200238,0.1636286860805819,0.1444209478877424,0.1683047870025135,0.188517975957622,0.1706562376240699,0.0001767108560879,0.0577357519315063,0,1,0,1,false_negative,"(0.1, 0.2]",Q1_low
0.191052143699692,0.1347435929860481,0.1556257480397817,0.144484745743138,0.119245657613221,0.1692664244948386,0.1524030520961199,0.000466068608577,0.0541545489114501,0,1,0,1,false_negative,"(0.1, 0.2]",Q2
0.1665576797203041,0.1708071727407616,0.1376492958136765,0.1621323844178973,0.1634084109293563,0.1533845073352812,0.1589899084928795,0.0001018799265766,0.0533887738726647,0,1,0,1,false_negative,"(0.1, 0.2]",Q1_low
0.2409017389510858,0.1831890133299119,0.1699366028439429,0.1427176009160331,0.1741624293705952,0.1908431524611345,0.1836250896454505,0.0007547491990835,0.0657120714097527,0,1,0,1,false_negative,"(0.1, 0.2]",Q3
0.1273544854054873,0.2647114285372357,0.1493221185020457,0.1745958593841163,0.2791873629161098,0.1635018009281411,0.1931121759455226,0.0028566660096353,0.0803657080521534,0,1,0,1,false_negative,"(0.1, 0.2]",Q4_high
0.1210501973704732,0.1871212146761718,0.1571553664283687,0.1669437969269503,0.2036410477661833,0.2354372955776855,0.1785581531243055,0.0011196931423148,0.0665081838872922,0,1,0,1,false_negative,"(0.1, 0.2]",Q4_high
0.2128779554489504,0.162780510222897,0.182002910162722,0.2076698150161744,0.1756237339139741,0.2026780554180124,0.1906054966971218,0.000286526805154,0.0649031337352303,0,1,0,1,false_negative,"(0.1, 0.2]",Q2
0.1598058891287462,0.1525464703647969,0.1171306276964366,0.1385853721579468,0.1467426738476374,0.1155065990307036,0.1383862720377112,0.0002434945940465,0.0479615220100899,0,1,0,1,false_negative,"(0.1, 0.2]",Q1_low
0.2381132416691349,0.1601949584305947,0.1441661569178807,0.1454636552411305,0.1567326821610025,0.1506720072862482,0.1658904502843319,0.0009218906893091,0.0615081623375746,0,1,0,1,false_negative,"(0.1, 0.2]",Q3
0.1725650192155762,0.1503793887664615,0.1204081361902753,0.1587414784739253,0.1630601410961162,0.1532920906731614,0.1530743757359193,0.0002265871867337,0.0524741019021114,0,1,0,1,false_negative,"(0.1, 0.2]",Q1_low
0.1740647325077675,0.1699885826014341,0.1672300740180538,0.163874878082547,0.1559210988607888,0.1765566272161977,0.1679393322144649,3.963407093880386e-05,0.0558390080428468,0,1,0,1,false_negative,"(0.1, 0.2]",Q1_low
0.1524398134492777,0.1657035802876559,0.1397703315042555,0.1643583531798069,0.145865481430081,0.1489467997125465,0.1528473932606039,7.613159020776181e-05,0.0511793381463328,0,1,0,1,false_negative,"(0.1, 0.2]",Q1_low
0.168947699142941,0.1336236400933841,0.1539291361832816,0.1873290098953098,0.1073408392081443,0.14497332857148,0.1493572755157568,0.0005540980591504,0.0539134420072903,0,1,0,1,false_negative,"(0.1, 0.2]",Q3
0.1930048579251496,0.2004712941626992,0.1925255795749585,0.2102091804994212,0.1750294449654378,0.1902213098647652,0.1935769444987386,9.7266572236644e-05,0.0646490076827185,0,1,0,1,false_negative,"(0.1, 0.2]",Q1_low
0.1541902022546022,0.1482075669097204,0.1687491762364092,0.141392198618062,0.1498715819982845,0.1460660987310078,0.151412804124681,6.427320612878238e-05,0.0506124898465104,0,1,0,1,false_negative,"(0.1, 0.2]",Q1_low
0.169525288467874,0.1378731628407146,0.1529661729691136,0.1698270297384711,0.1433604970750537,0.1356882271404143,0.1515400630386069,0.0001664122051531,0.0514958976908467,0,1,0,1,false_negative,"(0.1, 0.2]",Q1_low
0.1490656896925978,0.1290581574686237,0.1369142172775788,0.133392600244639,0.1553992448751933,0.1392883576941569,0.1405197112087982,7.015900188219665e-05,0.047105506762623,0,1,0,1,false_negative,"(0.1, 0.2]",Q1_low
0.1334603500874179,0.1983177883865539,0.2050561091562827,0.1995403657888646,0.199972877962634,0.1958974138076062,0.1887074841982265,0.0005296909742972,0.0658524472304183,0,1,0,1,false_negative,"(0.1, 0.2]",Q3
0.1798070082590361,0.1445355531291107,0.1395413465255604,0.1868225520508019,0.1339419853019612,0.1360978388288762,0.1534577140158911,0.0003947138424239,0.0539244189425203,0,1,0,1,false_negative,"(0.1, 0.2]",Q2
0.135271994279322,0.1182099242096126,0.1439441842548084,0.1614623879201979,0.105363685027777,0.1143607747580431,0.1297688250749602,0.0003146192385001,0.0459155844351291,0,1,0,1,false_negative,"(0.1, 0.2]",Q2
0.1848379060493405,0.1703981661630996,0.183267508914729,0.1566394133208526,0.1764277816738414,0.1651719475480901,0.1727904539449922,8.468010426373544e-05,0.0577620490763944,0,1,0,1,false_negative,"(0.1, 0.2]",Q1_low
0.2066990843736624,0.1814782834380328,0.2171200087848355,0.1703756204193188,0.1893970821988751,0.1656535385590692,0.1884539362956323,0.0002929802913141,0.0642551935966082,0,1,0,1,false_negative,"(0.1, 0.2]",Q2
0.2052751255699045,0.1336406455097969,0.1326737788557863,0.150251422829252,0.1272075770648057,0.1414567145982537,0.1484175440712999,0.0006000980581138,0.0539900848355804,0,1,0,1,false_negative,"(0.1, 0.2]",Q3
0.1305312064549591,0.1719125288746061,0.151039214951505,0.1707687819348315,0.1997058453992773,0.1633012007251731,0.164543129723392,0.0003814560556045,0.0572828678609109,0,1,0,1,false_negative,"(0.1, 0.2]",Q2
0.2184190786530021,0.1443095515107714,0.1329221261552498,0.1328542873694901,0.1229610289359889,0.1521682941199697,0.1506057277907453,0.0008618266832931,0.0566271999705865,0,1,0,1,false_negative,"(0.1, 0.2]",Q3
0.1645615668908507,0.195370303151696,0.1496172734857649,0.1655042265990258,0.1731262881476781,0.196403652875145,0.1740972185250268,0.000245014245743,0.0593312892119024,0,1,0,1,false_negative,"(0.1, 0.2]",Q1_low
0.1496230334343171,0.1141383500969072,0.1172692384626493,0.1200645064649367,0.0894918978999031,0.0950612333035477,0.1142747099437102,0.0003250509956875,0.0412868262091363,0,1,0,1,false_negative,"(0.1, 0.2]",Q2
0.1857097018493334,0.1330372975161218,0.177734159939686,0.1701836122574725,0.1218515900617568,0.1169367922653646,0.1509088589816225,0.0006600043504155,0.0551961377511484,0,1,0,1,false_negative,"(0.1, 0.2]",Q3
0.2211914341819513,0.1275873139757602,0.1355480281927074,0.1510346885316947,0.1099775588129138,0.1426713724801242,0.1480017326958586,0.0010588607159666,0.0573423999805698,0,1,0,1,false_negative,"(0.1, 0.2]",Q4_high
0.1942502776551994,0.1436767758409555,0.1507324236537218,0.1664153899752605,0.1429947001504548,0.1338548029413108,0.1553207283694838,0.000343993202933,0.0541104395057621,0,1,0,1,false_negative,"(0.1, 0.2]",Q2
0.1881322754545403,0.1167704182291145,0.1389244079001636,0.1597041621362163,0.0968325592141267,0.110040694973505,0.1350674196512778,0.0008372494459757,0.0519931093884164,0,1,0,1,false_negative,"(0.1, 0.2]",Q3
0.1078887734888262,0.110022212700214,0.1112250549732431,0.1340218835219553,0.0949657905269293,0.0895638922600337,0.1079479345785336,0.0001716293624987,0.0376914629056743,0,1,0,1,false_negative,"(0.1, 0.2]",Q1_low
0.1297450603074094,0.1263109011707099,0.1478997847176711,0.1454375981998284,0.153309465594557,0.1350045781325662,0.139617898020457,8.367848430496827e-05,0.0469332278468603,0,1,0,1,false_negative,"(0.1, 0.2]",Q1_low
0.1692462492736741,0.1682786795266899,0.1409784175151288,0.1802362877241957,0.1315351350675998,0.1666280883471818,0.159483809575745,0.0002539912824078,0.0547297989345932,0,1,0,1,false_negative,"(0.1, 0.2]",Q1_low
0.1818207605408312,0.1639958867077934,0.1409886556657209,0.1253984895313303,0.1708132828832808,0.1525861185249438,0.1559338656423167,0.000303357210689,0.0539869761321822,0,1,0,1,false_negative,"(0.1, 0.2]",Q2
0.2142090783563211,0.1801541021427011,0.1976901733815692,0.2057768547360859,0.1961522568892962,0.1754656675004239,0.1949080221677329,0.0001565191554181,0.0654625499071688,0,1,0,1,false_negative,"(0.1, 0.2]",Q1_low
0.1470493011477223,0.1191445676584809,0.1268867763557462,0.1203269554236576,0.1155699306994593,0.1159847416371175,0.124160378820364,0.0001016894782355,0.0420989384497619,0,1,0,1,false_negative,"(0.1, 0.2]",Q1_low
0.1537359100200109,0.1535317233134855,0.1355399236343441,0.1387380028536947,0.1207000579514361,0.1208589056936004,0.1371840872444286,0.0001549372491911,0.0467899898471923,0,1,0,1,false_negative,"(0.1, 0.2]",Q1_low
0.1434102862061702,0.1063429616399522,0.1047195687373525,0.1191798405246997,0.0810336784485469,0.0914449680341897,0.1076885505984852,0.0003418648265404,0.0394904274219184,0,1,0,1,false_negative,"(0.1, 0.2]",Q2
0.1408484629306281,0.1656091376422024,0.1411524184418876,0.1583715417429721,0.1605854005161738,0.1453070983348559,0.1519790099347867,8.376190963452862e-05,0.0509589037159925,0,1,0,1,false_negative,"(0.1, 0.2]",Q1_low
0.2107938193185781,0.1484214667069252,0.2014429792517589,0.2062751141700015,0.1415168202204375,0.1750008187248427,0.1805751697320906,0.0006570868678641,0.0641519778035868,0,1,0,1,false_negative,"(0.1, 0.2]",Q3
0.1066573902200599,0.1037665022739226,0.0969948948164468,0.1024401389845656,0.0871183995395306,0.0822849612783627,0.0965437145188147,6.879644153105562e-05,0.0328358772562186,0,1,0,1,false_negative,"(-0.001, 0.1]",Q1_low
0.1026547675600842,0.09740577262982,0.0898268724831785,0.0983500824422062,0.0724354221317808,0.0706092429176702,0.0885470266941233,0.0001366559325031,0.0312168543787915,0,1,0,1,false_negative,"(-0.001, 0.1]",Q1_low
0.1666325658163735,0.126677831793435,0.156457019505415,0.2156758913650353,0.1200846734278295,0.1239425584493597,0.151578423392908,0.0009620785835167,0.0576456557262679,0,1,0,1,false_negative,"(0.1, 0.2]",Q3
0.1818025145028622,0.1342333176586897,0.142139829429366,0.1422287605424069,0.1294813949129507,0.1276746265554692,0.1429267406002908,0.0002859160154008,0.0497550453990359,0,1,0,1,false_negative,"(0.1, 0.2]",Q2
0.2503020944340332,0.1485201672163344,0.1515574598646912,0.2042145668936231,0.1701847283453112,0.2147505378055353,0.1899215924265881,0.0011488570215495,0.0700203109632394,0,1,0,1,false_negative,"(0.1, 0.2]",Q4_high
0.1565867160527843,0.1169272818291939,0.1552311156217893,0.1495429366464532,0.1038475292550463,0.1219063456855517,0.1340069875151364,0.0003642011816686,0.0476671445000144,0,1,0,1,false_negative,"(0.1, 0.2]",Q2
0.1650911508111715,0.1514607284828691,0.142376356829757,0.2173934875104081,0.1837959143616163,0.161295601867391,0.1702355399772022,0.0005203958049399,0.060047478117127,0,1,0,1,false_negative,"(0.1, 0.2]",Q2
0.1905832262418464,0.1867290084601555,0.1703620931051028,0.2038757464906485,0.1826929408266818,0.2406923744538594,0.1958225649297157,0.0004298456619652,0.0674675338901484,0,1,0,1,false_negative,"(0.1, 0.2]",Q2
0.231964128122301,0.16366602195314,0.2027524348205061,0.1839607180470454,0.2102149646835434,0.1918885570132761,0.1974078041066354,0.0003909317205502,0.067731283436872,0,1,0,1,false_negative,"(0.1, 0.2]",Q2
0.2191485979296219,0.1540488460376418,0.181562253990161,0.1718657754399249,0.1500644451832486,0.1821504388962196,0.1764733929128029,0.0004429744918435,0.061455462660146,0,1,0,1,false_negative,"(0.1, 0.2]",Q2
0.1858581342357159,0.1660561714457187,0.1743531047730811,0.1711621115696598,0.1811940633698636,0.1867766280569247,0.1775667022418273,5.0080948051339394e-05,0.0590801347932117,0,1,0,1,false_negative,"(0.1, 0.2]",Q1_low
0.1711160903155068,0.1640622969157075,0.156251799708319,0.1611302111584436,0.1565673995535036,0.1389441678548747,0.1580119942510592,8.38305592607354e-05,0.0529273744047039,0,1,0,1,false_negative,"(0.1, 0.2]",Q1_low
0.1889709399452606,0.1687429223994061,0.1821859649879022,0.1712999976971268,0.1899435274127238,0.2144389942131743,0.1859303911092656,0.0001945098385964,0.0627964561725453,0,1,0,1,false_negative,"(0.1, 0.2]",Q1_low
0.2448520918506939,0.1530238922755816,0.1833745524552397,0.1493079837167315,0.1591663534970759,0.1411097020797533,0.171805762645846,0.0010615020881732,0.064167667886976,0,1,0,1,false_negative,"(0.1, 0.2]",Q4_high
0.1487541647767869,0.1738573657098949,0.185546770525304,0.1789115084647458,0.1949603689695447,0.1631387319276449,0.1741948183956535,0.0001931285502652,0.0589956718881524,0,1,0,1,false_negative,"(0.1, 0.2]",Q1_low
0.1688654203602149,0.1436000332225461,0.1714324968313151,0.1731931798845654,0.1289743564044259,0.1629984206797371,0.1581773178971341,0.0002291378049332,0.0541215515987699,0,1,0,1,false_negative,"(0.1, 0.2]",Q1_low
0.149800368006003,0.1108002041495382,0.0973759429840405,0.1183925950536432,0.0834325180251507,0.0712376443556587,0.1051732120956724,0.0005547251588732,0.0410182511891658,0,1,0,1,false_negative,"(0.1, 0.2]",Q3
0.2189523126939258,0.1619955646219679,0.1826066052732315,0.1715823531997744,0.1512511862530934,0.1929697442870168,0.179892961054835,0.0004162476201287,0.0623489551567018,0,1,0,1,false_negative,"(0.1, 0.2]",Q2
0.1792835637138856,0.1371775613644679,0.1534611809105258,0.1520421509232162,0.1376640281957723,0.1332620107559703,0.148815082643973,0.00020885778564,0.0509722207528213,0,1,0,1,false_negative,"(0.1, 0.2]",Q1_low
0.1100885975716094,0.1177583324358928,0.122478010523683,0.1370194621968662,0.1003464918973306,0.0951603842624343,0.1138085464813027,0.0001674751302682,0.0394847001578816,0,1,0,1,false_negative,"(0.1, 0.2]",Q1_low
0.1842540765520387,0.1685208348020924,0.2096271899484964,0.1899818036063926,0.1764821844871084,0.1636733368442444,0.1820899043733955,0.0001971434203538,0.0615724759619784,0,1,0,1,false_negative,"(0.1, 0.2]",Q1_low
0.2150620487768207,0.1716941707097981,0.1936241835293403,0.1817009032064236,0.1882813805529909,0.1811672195408445,0.1885883177193697,0.0001591762815731,0.0634247414718064,0,1,0,1,false_negative,"(0.1, 0.2]",Q1_low
0.1620091203585416,0.152691221269107,0.1668587649281894,0.1435327547406064,0.1468377158256439,0.1444101904636716,0.1527232945976266,6.77504101304807e-05,0.0510698096306619,0,1,0,1,false_negative,"(0.1, 0.2]",Q1_low
0.1819227812837461,0.1050548511241182,0.1350940072114963,0.1486921766473952,0.0957213533645714,0.1242272521748528,0.1317854036343634,0.0006975437545359,0.0498984342360067,0,1,0,1,false_negative,"(0.1, 0.2]",Q3
0.1853037528260437,0.1633644335808767,0.1895134338413594,0.1668982716282913,0.1655050676528582,0.1440573242712248,0.1691070473001091,0.0001938675807235,0.0573610032629026,0,1,0,1,false_negative,"(0.1, 0.2]",Q1_low
0.1618278876952742,0.1339002517588305,0.1471436690931519,0.1557775611156034,0.1167667557219452,0.1393593661714707,0.142462581926046,0.0001882050350918,0.0487713847652864,0,1,0,1,false_negative,"(0.1, 0.2]",Q1_low
0.244900929455833,0.121423368114728,0.1704500162461334,0.1407207102585246,0.1216535229584139,0.1162856976489917,0.1525723741137708,0.0017467989966082,0.0633762601669612,0,1,0,1,false_negative,"(0.1, 0.2]",Q4_high
0.1908959674846269,0.1168168280899015,0.1481662689636707,0.1548557363681661,0.1042293820290034,0.1126900334348945,0.1379423693950438,0.0007736011627731,0.0522955187438128,0,1,0,1,false_negative,"(0.1, 0.2]",Q3
0.1915436731204911,0.2056616941273979,0.181257949269839,0.1581784484155689,0.2122787089582441,0.2081863716547572,0.192851140924383,0.0003021453064627,0.0657226591391103,0,1,0,1,false_negative,"(0.1, 0.2]",Q2
0.2082788523334358,0.1703698309271774,0.1893990001462195,0.1863249327191411,0.1906769724619983,0.1929884509616414,0.1896730065916022,0.0001060106976468,0.0634288627856577,0,1,0,1,false_negative,"(0.1, 0.2]",Q1_low
0.1806341513983471,0.1627244766116426,0.2133234177470981,0.1973385084628964,0.1760035012845104,0.1510811529012036,0.1801842014009497,0.0003659982915675,0.0621034931981227,0,1,0,1,false_negative,"(0.1, 0.2]",Q2
0.1475875361746234,0.1321289587740311,0.1163923762238838,0.1107496285703151,0.1422714244016792,0.1245692003853333,0.128949854088311,0.0001490089602648,0.0441007556827837,0,1,0,1,false_negative,"(0.1, 0.2]",Q1_low
0.1139919892657186,0.0958757297201357,0.0994990905603282,0.1225707137739725,0.0814869432536456,0.0653769610406191,0.0964669046024033,0.0003127235596903,0.0358451323984994,0,1,0,1,false_negative,"(-0.001, 0.1]",Q2
0.1548756665770454,0.1783122218343118,0.1796132556786133,0.1605956189021219,0.1732961959837382,0.2316281431205347,0.1797201836827275,0.0005315280956257,0.0630631619629324,0,1,0,1,false_negative,"(0.1, 0.2]",Q3
0.1942717518993656,0.1849920349859941,0.1869890402242506,0.2269875839733003,0.2080039647812195,0.1662220340406198,0.194577734984125,0.0003120393274748,0.0663381872846118,0,1,0,1,false_negative,"(0.1, 0.2]",Q2
0.1685784747742565,0.126253623166608,0.145227438212759,0.1598810570466296,0.1205459537492109,0.1240087655937527,0.1407492187572028,0.0002941551652735,0.0491436134386387,0,1,0,1,false_negative,"(0.1, 0.2]",Q2
0.1670056389766815,0.1726439073042721,0.1889314464876198,0.2242287967428622,0.1512420203710792,0.1716471865629846,0.1792831660742499,0.0004503757850319,0.0623860476363931,0,1,0,1,false_negative,"(0.1, 0.2]",Q2
0.1385856603180351,0.1514751119512722,0.164292814710044,0.2021380655210548,0.1553765480938318,0.1416888223363797,0.1589261704884363,0.0003821499086124,0.0555306559638468,0,1,0,1,false_negative,"(0.1, 0.2]",Q2
0.1601686760973666,0.1404987163803426,0.1489036769107216,0.1314561570305817,0.1332550607179959,0.1564951087087883,0.1451295659742995,0.0001027150090699,0.048891070410108,0,1,0,1,false_negative,"(0.1, 0.2]",Q1_low
0.2092841552462122,0.1647717040208432,0.2208438944927245,0.1934521493376402,0.1427580869942187,0.1672712251583124,0.1830635358749918,0.0006330452952863,0.0647611867493876,0,1,0,1,false_negative,"(0.1, 0.2]",Q3
0.1522975971188237,0.2224683836815726,0.1604999280581585,0.1720249888449173,0.2509472888996311,0.1924005895281663,0.1917731293552116,0.0010529276172204,0.0699981377008086,0,1,0,1,false_negative,"(0.1, 0.2]",Q4_high
0.2110987311099034,0.1605028060419029,0.1471342262217431,0.1591605594645264,0.1529746620143079,0.1720132327031386,0.167147369592587,0.000380675673074,0.0580941785350063,0,1,0,1,false_negative,"(0.1, 0.2]",Q2
0.1335023666580896,0.169080983246232,0.1880867656277477,0.1898650770303968,0.1812220354217002,0.1729185713525174,0.172445966556114,0.0003076042615763,0.0592461956930564,0,1,0,1,false_negative,"(0.1, 0.2]",Q2
0.1765526025208867,0.1833075490180034,0.191261441826669,0.1667794658506357,0.198871380276669,0.2181516788827049,0.1891540197292615,0.0002333328795698,0.0640926846808376,0,1,0,1,false_negative,"(0.1, 0.2]",Q1_low
0.2523462474546696,0.1589564966805041,0.1484282141738262,0.1980421264020945,0.1626046699759934,0.1543374456074933,0.1791192000490968,0.0011365162701948,0.0667773540869791,0,1,0,1,false_negative,"(0.1, 0.2]",Q4_high
0.2034149950259423,0.1473996173658133,0.163234094646044,0.194201642051043,0.1608839808953697,0.1607915450029739,0.1716543124978644,0.0003443304413893,0.0592547828216124,0,1,0,1,false_negative,"(0.1, 0.2]",Q2
0.1907225823382492,0.1332192273948568,0.1706678562951455,0.1410484716861909,0.1368092681552562,0.1446207370820458,0.1528480238252907,0.000371639660342,0.0535541716213703,0,1,0,1,false_negative,"(0.1, 0.2]",Q2
0.1667064092264604,0.185356992209854,0.2001263757338273,0.1724962002595583,0.1913157822392197,0.2115976874564499,0.1879332411875616,0.000202233973965,0.0634952778790556,0,1,0,1,false_negative,"(0.1, 0.2]",Q1_low
0.1546512591787485,0.1294195930282238,0.1674938827393661,0.1383834123696939,0.1227781266001935,0.1250093110041837,0.1396225974867349,0.0002293700621271,0.0482276545475431,0,1,0,1,false_negative,"(0.1, 0.2]",Q1_low
0.1404795675877341,0.1448564730601416,0.1552142938753718,0.1576528191442654,0.1470855665882775,0.2010824802757467,0.1577285334219228,0.0003517687634688,0.0549248311807248,0,1,0,1,false_negative,"(0.1, 0.2]",Q2
0.2021312723720735,0.1709394476469695,0.2164130490211381,0.2101983310300681,0.178366839206655,0.1722290225521059,0.1917129936381683,0.0002928037352331,0.0652984533807066,0,1,0,1,false_negative,"(0.1, 0.2]",Q2
0.1453461697259411,0.1331413691794045,0.148013841216325,0.1598512412131255,0.1237380142779512,0.1419667632234239,0.1420095664726952,0.0001111437098522,0.0479534579745372,0,1,0,1,false_negative,"(0.1, 0.2]",Q1_low
0.1573416845662205,0.1512893394519882,0.1251196996512404,0.1524947364273387,0.1339666309758,0.1233530555704567,0.1405941911071741,0.0001595898439865,0.0479241216480053,0,1,0,1,false_negative,"(0.1, 0.2]",Q1_low
0.157468805964761,0.1514183353916444,0.147150063214229,0.1509577372290387,0.1407331781897438,0.1559475426085202,0.1506126104329895,2.654709119896787e-05,0.0500343279684974,0,1,0,1,false_negative,"(0.1, 0.2]",Q1_low
0.1870954937270225,0.1842030484226501,0.191563035751965,0.16203455558959,0.181068615674826,0.1980486782606152,0.1840022379044448,0.0001078945589844,0.0615886051129204,0,1,0,1,false_negative,"(0.1, 0.2]",Q1_low
0.1615368316813542,0.1402053061687179,0.1461799547611039,0.1385933635521877,0.1375984653912216,0.1438074131363304,0.1446535557818193,5.633971588861986e-05,0.0483337208161724,0,1,0,1,false_negative,"(0.1, 0.2]",Q1_low
0.1968937256251821,0.1356791473801705,0.1532840118426534,0.1571633636271202,0.1395622395396753,0.1785883061616442,0.160195132362741,0.0003955429406088,0.0560275833477456,0,1,0,1,false_negative,"(0.1, 0.2]",Q2
0.1378378853431384,0.1791389811887461,0.1700310133805284,0.1447719461077237,0.2417137278611472,0.1375587052701985,0.1685087098585804,0.0011337615644519,0.0636876239970022,0,1,0,1,false_negative,"(0.1, 0.2]",Q4_high
0.128031261161891,0.1681826564614507,0.1424680283889157,0.1530386439059192,0.1755237262402147,0.1483320151516614,0.1525960552183421,0.0002132863133898,0.0522146398537763,0,1,0,1,false_negative,"(0.1, 0.2]",Q1_low
0.1416836056773582,0.1062111574717445,0.0987271306848319,0.1163117610635219,0.1014850817262228,0.0929276077087248,0.1095577240554007,0.0002211312672044,0.0387428994746887,0,1,0,1,false_negative,"(0.1, 0.2]",Q1_low
0.200851676050709,0.1634890748136098,0.1826754416506988,0.1723785152961929,0.161737229152444,0.1791781557762555,0.176718348789985,0.0001488909829606,0.0594999092774597,0,1,0,1,false_negative,"(0.1, 0.2]",Q1_low
0.2323247227098972,0.1676874588811336,0.1663499006760483,0.1627943674994473,0.1929424601943842,0.1715415130863608,0.1822734038412119,0.0005114110519098,0.0637256047767155,0,1,0,1,false_negative,"(0.1, 0.2]",Q2
0.220199436872797,0.1726938009250702,0.2374475405795074,0.1935044001211607,0.1827248859788144,0.1774451217371245,0.197335864369079,0.0004803890367251,0.0682557613450709,0,1,0,1,false_negative,"(0.1, 0.2]",Q2
0.1577655476594172,0.1429375391138296,0.1703504256672022,0.1811117556146429,0.1524957445989225,0.1370311855142182,0.1569486996947054,0.0001967107960096,0.0534751850660684,0,1,0,1,false_negative,"(0.1, 0.2]",Q1_low
0.2211277496742145,0.1927055496874122,0.2180628508474439,0.2115648463969088,0.1692934825037376,0.1671030522014548,0.1966429218851953,0.0004167260878536,0.0676467964341576,0,1,0,1,false_negative,"(0.1, 0.2]",Q2
0.1489320680973479,0.130788152919689,0.1495471913380072,0.1446024170632272,0.1187583927857583,0.1258219436679601,0.136408360978665,0.0001216850008051,0.0462386415763288,0,1,0,1,false_negative,"(0.1, 0.2]",Q1_low
0.1816059368960813,0.1676145349688279,0.1904453508642818,0.2204253456997039,0.1737786488317468,0.1954387998142019,0.1882181028458073,0.0002530187386753,0.0639195245100267,0,1,0,1,false_negative,"(0.1, 0.2]",Q1_low
0.1623831070915068,0.1808595625307897,0.1459674375152383,0.1753934131662861,0.2033135108509108,0.2111568312294612,0.1798456437306988,0.0004292363829055,0.062421071164641,0,1,0,1,false_negative,"(0.1, 0.2]",Q2
0.2228412076951275,0.1247859501919609,0.1247795652868932,0.1574142497292301,0.135160604147163,0.1457667544961246,0.1517913885910832,0.0009787864100914,0.0578282918703801,0,1,0,1,false_negative,"(0.1, 0.2]",Q3
0.2464408763751406,0.1531743581462973,0.1860112002941996,0.199951057974372,0.1275694992896902,0.1810545950105926,0.1823669311817154,0.0011835199648128,0.0680152921144934,0,1,0,1,false_negative,"(0.1, 0.2]",Q4_high
0.2661232721271532,0.1570160883610506,0.1939795612413956,0.2802967410804156,0.1165299391485268,0.1559449554099758,0.1949817595614196,0.0030658168110498,0.0819210600394459,0,1,0,1,false_negative,"(0.1, 0.2]",Q4_high
0.1910731750751659,0.1641192070266936,0.2082706813335514,0.2064650826003535,0.1716502202452572,0.1885705323433224,0.188358149770724,0.0002283525218392,0.0638035908953874,0,1,0,1,false_negative,"(0.1, 0.2]",Q1_low
0.1841798750206799,0.1630502962991583,0.1860108499205182,0.2534949952105202,0.1782293660222555,0.1556776728986093,0.1867738425619569,0.0008659727900687,0.0673640562245665,0,1,0,1,false_negative,"(0.1, 0.2]",Q3
0.1569474286506721,0.15484022553211,0.1854636656891963,0.2031086757407951,0.1439075763902269,0.1599784845005191,0.1673743427505866,0.0003536255190561,0.057970152470755,0,1,0,1,false_negative,"(0.1, 0.2]",Q2
0.1124946917248307,0.1081761402545187,0.099811343249178,0.127411985609514,0.092426360805819,0.077131043664957,0.1029085942181362,0.0002148583985327,0.0366260865781519,0,1,0,1,false_negative,"(0.1, 0.2]",Q1_low
0.0777812667266394,0.1040547066143514,0.1175993352548313,0.1461074337662161,0.0775424379617707,0.0858276001214379,0.1014854634075411,0.0005196720293895,0.0396193353297453,0,1,0,1,false_negative,"(0.1, 0.2]",Q2
0.236626164913676,0.1444349292010282,0.1946403970044323,0.2240763492715439,0.1378894582198743,0.1497807209025622,0.1812413365855195,0.0013293885231992,0.0685820585922678,0,1,0,1,false_negative,"(0.1, 0.2]",Q4_high
0.1638210117180638,0.1735132041285653,0.1872876062907336,0.2186742812966495,0.1737304607800102,0.1641080072225231,0.1801890952394243,0.0003063279194541,0.0617022884173805,0,1,0,1,false_negative,"(0.1, 0.2]",Q2
0.2027653218365693,0.1226146757509648,0.1382453744491823,0.1829067996116243,0.1034315609003573,0.1217328763070769,0.1452827681426292,0.0010841857141331,0.0567707861453861,0,1,0,1,false_negative,"(0.1, 0.2]",Q4_high
0.186969945579183,0.163320505301936,0.1625706177208191,0.1909859348507666,0.1545018380458046,0.1831315467602284,0.1735800647097896,0.0001662756070442,0.0586059177034512,0,1,0,1,false_negative,"(0.1, 0.2]",Q1_low
0.191279471631829,0.1885428943468959,0.1703109362518546,0.183525013604287,0.1913830410659311,0.1913844376454808,0.186070965757713,4.922149919515171e-05,0.0618699529903498,0,1,0,1,false_negative,"(0.1, 0.2]",Q1_low
0.1849031014940037,0.1841031133644637,0.1711729742452656,0.1650035816651332,0.1793468325690458,0.1904654176068963,0.1791658368241347,6.420878774957041e-05,0.0597046695555195,0,1,0,1,false_negative,"(0.1, 0.2]",Q1_low
0.1063556523488735,0.1179716958919424,0.1090951188150032,0.1349420491640276,0.102753140145388,0.09756626980882,0.1114473210290091,0.0001277571467012,0.0383036220007126,0,1,0,1,false_negative,"(0.1, 0.2]",Q1_low
0.165925386368732,0.1424856814141034,0.1888253707213867,0.2771595078460529,0.1474898731207816,0.1307158803777655,0.1754336166414704,0.00206914251941,0.071398821254745,0,1,0,1,false_negative,"(0.1, 0.2]",Q4_high
0.209446433137588,0.146316654587703,0.1650567802269571,0.2067173786764498,0.1552681680907823,0.149814387567736,0.1721033003812027,0.0005839236916423,0.0610624683715115,0,1,0,1,false_negative,"(0.1, 0.2]",Q3
0.1424084695757548,0.132669527056312,0.1504339375690527,0.1714939917615379,0.1245997197544621,0.1302431743710071,0.1419748033480211,0.0002098914739945,0.0488036490397758,0,1,0,1,false_negative,"(0.1, 0.2]",Q1_low
0.2602759359414182,0.1877737839017059,0.1640485746628748,0.1436022529178892,0.1250485799717803,0.2279990066534314,0.1847913556748499,0.0018956746054252,0.0729205034803264,0,1,0,1,false_negative,"(0.1, 0.2]",Q4_high
0.0941384188243978,0.0864080576318247,0.101566707229481,0.1153604506263525,0.051578401396932,0.0551991425459318,0.0840418630424866,0.0004687560393104,0.0342649574320601,0,1,0,1,false_negative,"(-0.001, 0.1]",Q2
0.10627140201943,0.1183915973557442,0.0990001747888183,0.1075192437693979,0.1148026056563173,0.0888402478423699,0.1058042119053463,8.237770875497992e-05,0.0359802235765357,0,1,0,1,false_negative,"(0.1, 0.2]",Q1_low
0.2305515538245843,0.196173764408967,0.1745385074195489,0.1878100598584468,0.2059057770881626,0.1718335571797242,0.194468869963239,0.0003413694388907,0.0664872043371759,0,1,0,1,false_negative,"(0.1, 0.2]",Q2
0.1789138038569314,0.232979983296328,0.1920504499574978,0.1465754683216814,0.2292860174390965,0.1828220132172219,0.1937712893481261,0.0007670937037113,0.0688875424335596,0,1,0,1,false_negative,"(0.1, 0.2]",Q3
0.1562580716326235,0.1646758268056238,0.152144525220215,0.1399688959810346,0.1902432701944722,0.165785019714274,0.1615126015913739,0.0002047447228803,0.0550010336967978,0,1,0,1,false_negative,"(0.1, 0.2]",Q1_low
0.1261293821297559,0.1735164778479959,0.1453377722016244,0.2000785714665213,0.1753370064116703,0.1705780939290978,0.1651628839977776,0.0004769106218476,0.0581696446303435,0,1,0,1,false_negative,"(0.1, 0.2]",Q2
0.0692150847300388,0.0959123891514958,0.0956345939340293,0.1172378246391278,0.0726057792294649,0.0650009423407809,0.0859344356708229,0.0002955651011866,0.0325695790610157,0,1,0,1,false_negative,"(-0.001, 0.1]",Q2
0.2184584257173057,0.1770582068496514,0.1959811976704999,0.2088763433366104,0.2046417159512389,0.1779493404033972,0.1971608716547839,0.0002030561161658,0.0664875235262108,0,1,0,1,false_negative,"(0.1, 0.2]",Q1_low
0.0752776684890032,0.097152288520644,0.1326905371165077,0.1224527348083137,0.0736475699304194,0.0951552310917774,0.0993960049927776,0.0004154047356973,0.0378819671376214,0,1,0,1,false_negative,"(-0.001, 0.1]",Q2
0.1257209827241814,0.1370532744260314,0.144125081577914,0.16731922047806,0.1407071869998701,0.1333366758726829,0.1413770703464566,0.0001442073852812,0.0480401304635672,0,1,0,1,false_negative,"(0.1, 0.2]",Q1_low
0.1896009493593858,0.1328109113051636,0.1152190269738016,0.1639057189399646,0.1376255019853418,0.1319446639341722,0.1451844620829716,0.0005152531418846,0.0523447758936811,0,1,0,1,false_negative,"(0.1, 0.2]",Q2
0.1727046028121669,0.123533573660986,0.1051092600232904,0.1213950898018019,0.1272324826162361,0.1181109162292123,0.1280143208572823,0.0003834918746401,0.046013405744859,0,1,0,1,false_negative,"(0.1, 0.2]",Q2
0.146655351542651,0.140723978772929,0.1163771388231439,0.1174417585909201,0.1170421998490427,0.1095889874977665,0.1246382358460755,0.0001639598795326,0.0428731178332493,0,1,0,1,false_negative,"(0.1, 0.2]",Q1_low
0.1354950299270435,0.1401005267314419,0.1406134279579329,0.1484361242797261,0.1358527094311184,0.1137080859453721,0.1357009840454392,9.84892689082554e-05,0.0457970480739131,0,1,0,1,false_negative,"(0.1, 0.2]",Q1_low
0.1520038098580594,0.1382588051656049,0.1399437675958012,0.1270955730525197,0.1464456653228741,0.1640772560773616,0.1446374795120368,0.0001151248816868,0.048838696601953,0,1,0,1,false_negative,"(0.1, 0.2]",Q1_low
0.1150197596593136,0.1264221368602716,0.1233105160813033,0.1278994694195737,0.0975860465078941,0.1307609050023411,0.1201664722551162,0.0001082034112976,0.0408804098975544,0,1,0,1,false_negative,"(0.1, 0.2]",Q1_low
0.2578214150051764,0.1836769043041982,0.2038117599248366,0.161938557210735,0.1987043373984874,0.1902847117321266,0.1993729475959267,0.00073809554666,0.070436582930299,0,1,0,1,false_negative,"(0.1, 0.2]",Q3
0.1189531389147431,0.1757993185984872,0.1903217505762687,0.1859050284902963,0.1693280019280215,0.1968229639035632,0.17285503373523,0.0005680533241186,0.0611849924773343,0,1,0,1,false_negative,"(0.1, 0.2]",Q3
0.1465304542141434,0.153977471795583,0.1461928759386126,0.1393135277397167,0.134181681904185,0.1542861937940373,0.1457470342310463,4.5231035780356415e-05,0.0485952746841456,0,1,0,1,false_negative,"(0.1, 0.2]",Q1_low
0.1667530590243938,0.1353105148314188,0.1445944017084526,0.1356275786717666,0.1294780204240611,0.149658000790256,0.1435702625750582,0.0001293503454244,0.0486169155317647,0,1,0,1,false_negative,"(0.1, 0.2]",Q1_low
0.1602066289767948,0.1527662154995164,0.1855373035261044,0.1819036825237626,0.1458421622920509,0.1417938832947643,0.1613416460188322,0.0002436289261471,0.0552425359271792,0,1,0,1,false_negative,"(0.1, 0.2]",Q1_low
0.1720590665449898,0.1759275631230503,0.1585787946041371,0.1784878964587204,0.1599038726349758,0.1690882855197276,0.1690075798142668,4.8388243245273335e-05,0.0562555831307085,0,1,0,1,false_negative,"(0.1, 0.2]",Q1_low
0.1893220938474157,0.1639903965279623,0.2222343706506981,0.2147505459547823,0.1745763288805134,0.1713616205639588,0.1893725594042218,0.0004159314192038,0.0653385905174558,0,1,0,1,false_negative,"(0.1, 0.2]",Q2
0.2064674221057203,0.1605122307282124,0.1410685299331271,0.1387345454676791,0.1657344242477184,0.1807408762869458,0.1655430047949005,0.0004641174243563,0.0581952329921171,0,1,0,1,false_negative,"(0.1, 0.2]",Q2
0.1323509499319585,0.1500727802867261,0.1367075303617612,0.1638334307477859,0.1523208095570656,0.1228278535812018,0.1430188924110832,0.0001615491913726,0.0487186274532495,0,1,0,1,false_negative,"(0.1, 0.2]",Q1_low
0.2160677332693681,0.1922518479190309,0.1541296916456045,0.1605811285529329,0.1964586391325197,0.1883704513711841,0.18464324864844,0.0003869924704907,0.0636548498167655,0,1,0,1,false_negative,"(0.1, 0.2]",Q2
0.1371050224519799,0.1194406078630871,0.1463068940435269,0.1680848228838136,0.1034116832442085,0.1004769950938564,0.1291376709300787,0.0004932050531182,0.0473460124343914,0,1,0,1,false_negative,"(0.1, 0.2]",Q2
0.1535360857256072,0.1372541795557365,0.1578757623392809,0.2085229930134064,0.1291783439052041,0.1307098698885906,0.152846205737971,0.0006312819063366,0.0555564842095329,0,1,0,1,false_negative,"(0.1, 0.2]",Q3
0.2281346915531441,0.1692009461929257,0.1905703619875018,0.1609780095630998,0.1950863760167175,0.2134835921748054,0.1929089962480324,0.0004651476211755,0.06676576486424,0,1,0,1,false_negative,"(0.1, 0.2]",Q2
0.194502708691292,0.1525297580018066,0.2072387737615393,0.1932617818663217,0.1645918509423468,0.1594991027754255,0.1786039960064553,0.0003612533272316,0.06157103539176,0,1,0,1,false_negative,"(0.1, 0.2]",Q2
0.2635538684384644,0.1359648724265931,0.2013882961411472,0.1824068140574503,0.1445018904807785,0.1871275355116589,0.1858238795093487,0.0014987150662627,0.0709046903684256,0,1,0,1,false_negative,"(0.1, 0.2]",Q4_high
0.207009342736029,0.1824485378021765,0.1942143870785234,0.1842123724407829,0.1777680045689778,0.2010606997285909,0.1911188907258467,9.45784721172821e-05,0.0638269645142533,0,1,0,1,false_negative,"(0.1, 0.2]",Q1_low
0.1614406773832706,0.1915492714906189,0.1590875315784919,0.1665547663226604,0.226318637727566,0.1667920557207264,0.1786238233705557,0.000486348941772,0.0624207321466458,0,1,0,1,false_negative,"(0.1, 0.2]",Q2
0.1599922634065627,0.1726983911841282,0.1612080539323318,0.1729789126770364,0.1656901839143607,0.1701128771444491,0.1671134470431448,2.3171781600828027e-05,0.0554430648811373,0,1,0,1,false_negative,"(0.1, 0.2]",Q1_low
0.1481903634104624,0.1442949165640065,0.1402226745718492,0.1502540558485017,0.1453601095913786,0.1424045392795473,0.1451211098776243,9.697370300375313e-06,0.0480794113641555,0,1,0,1,false_negative,"(0.1, 0.2]",Q1_low
0.1861532347792452,0.164286898303128,0.1975254064336888,0.1836351750300053,0.134141174775739,0.1660883558239296,0.1719717075242893,0.0003592804350752,0.0594605279109033,0,1,0,1,false_negative,"(0.1, 0.2]",Q2
0.1954308213778193,0.1717432892267281,0.2105227830814711,0.2024807465857764,0.1723307917145711,0.1988771106861687,0.1918975904454224,0.0001870219840601,0.0646799603729079,0,1,0,1,false_negative,"(0.1, 0.2]",Q1_low
0.1297807147820518,0.1473986031199075,0.1100207403247895,0.1247052374196033,0.1174426279384937,0.1671163441934515,0.1327440446297162,0.0003171566740402,0.0468573197192868,0,1,0,1,false_negative,"(0.1, 0.2]",Q2
0.1687060717248391,0.1225130421207994,0.1333649708882363,0.1655435825435277,0.1018548365977215,0.1092148215029917,0.1335328875630193,0.0005683099880937,0.0493049204506063,0,1,0,1,false_negative,"(0.1, 0.2]",Q3
0.1597479495644458,0.1283343489746702,0.1295570736001433,0.1179519599337258,0.1141214074226116,0.1363535373478635,0.1310110461405767,0.00018849002902,0.0451312720603139,0,1,0,1,false_negative,"(0.1, 0.2]",Q1_low
0.230738399993735,0.1677450844297361,0.1789843738767138,0.1787122354000913,0.1632276529037043,0.1816449106619255,0.1835087762109843,0.0004196294741224,0.0635106659497889,0,1,0,1,false_negative,"(0.1, 0.2]",Q2
0.2235131215334394,0.1709584565242599,0.1304940202688791,0.1757496304094292,0.169146666996182,0.1682567116925303,0.17301976790412,0.0006296295345274,0.061655262927115,0,1,0,1,false_negative,"(0.1, 0.2]",Q3
0.1942258331678437,0.1826268496440437,0.1805035013236713,0.217197109982081,0.186453160626251,0.2023284026751602,0.1938891429031751,0.0001394148967938,0.065021623078678,0,1,0,1,false_negative,"(0.1, 0.2]",Q1_low
0.1860546048496792,0.1573377008908913,0.1979992245678951,0.1837699537555802,0.1634902041523873,0.1798843816254192,0.1780893449736421,0.0001627293982744,0.0600413932755589,0,1,0,1,false_negative,"(0.1, 0.2]",Q1_low
0.2236109670098947,0.185235900592577,0.1738639322827539,0.1852334036152817,0.1667906537041138,0.1948265759745772,0.1882602388631997,0.0002827565496023,0.0641267182733291,0,1,0,1,false_negative,"(0.1, 0.2]",Q2
0.1229776579097497,0.1382151107650544,0.1553457767313665,0.1842740968417935,0.1389499526396303,0.1425515790126529,0.1470523623167079,0.000313976106272,0.0512816578845347,0,1,0,1,false_negative,"(0.1, 0.2]",Q2
0.122025641864338,0.1151651783318585,0.1187759383534793,0.114057896941586,0.0969636027429169,0.0951524972498223,0.1103567925806668,9.34872766727324e-05,0.0375710291834026,0,1,0,1,false_negative,"(0.1, 0.2]",Q1_low
0.2545266719234849,0.1450238497624797,0.1949759662370787,0.2247200386864304,0.1560422975988497,0.1712559182924843,0.1910907904168013,0.0012734448593016,0.0710993236652914,0,1,0,1,false_negative,"(0.1, 0.2]",Q4_high
0.0965675971542805,0.0951649284924194,0.0892792907097668,0.0946490765025229,0.0696190179973786,0.0886737328636033,0.0889922739533286,7.18562134453546e-05,0.0304579199445181,0,1,0,1,false_negative,"(-0.001, 0.1]",Q1_low
0.2445685999602919,0.1580093844598598,0.1482572516348653,0.1407583558980725,0.1760649835464805,0.1812510927915088,0.1748182780485131,0.001008021158804,0.0647011426064937,0,1,0,1,false_negative,"(0.1, 0.2]",Q3
0.1787657510022428,0.1520594083974708,0.1653252134878914,0.162754000624365,0.1450413693407524,0.1673699378601404,0.1618859467854771,0.0001011263810575,0.0543258936494975,0,1,0,1,false_negative,"(0.1, 0.2]",Q1_low
0.1928915630440157,0.1654859490469267,0.1875927235422382,0.1933995648345863,0.1712030594433011,0.1492935397719541,0.1766443999471704,0.0002238229162769,0.060000471783419,0,1,0,1,false_negative,"(0.1, 0.2]",Q1_low
0.1563210579913546,0.2071656090091226,0.2049694245217937,0.1908309047103612,0.2264413570573497,0.1907775899298635,0.1960843238699742,0.0003943095013112,0.0673312014571769,0,1,0,1,false_negative,"(0.1, 0.2]",Q2
0.0958978267331619,0.1934182113824443,0.1559281628783057,0.2576899049126383,0.1327234254369502,0.1170465674135326,0.1587840164595055,0.0024808428634212,0.0695905407191149,0,1,0,1,false_negative,"(0.1, 0.2]",Q4_high
0.1690515543936165,0.1464140519582048,0.1471653869103415,0.1628702195457623,0.1541150530152631,0.1525885814755549,0.1553674745497905,5.718200683052679e-05,0.0518488188707937,0,1,0,1,false_negative,"(0.1, 0.2]",Q1_low
0.1643102544705565,0.1439293111967194,0.1377812179600977,0.1559925433931615,0.1301758774234451,0.1493509195564537,0.1469233540000723,0.0001090669277307,0.0495272639835943,0,1,0,1,false_negative,"(0.1, 0.2]",Q1_low
0.1397331514499714,0.1615647368254577,0.168445444614505,0.1882057973705518,0.1384953082183762,0.1570381056185258,0.1589137573495647,0.0002491758771291,0.0545113226506649,0,1,0,1,false_negative,"(0.1, 0.2]",Q1_low
0.2526631686944753,0.1455079437994118,0.1932684137966616,0.1973741636543875,0.1389237829926735,0.1381204834946146,0.1776429927387041,0.0014793381428591,0.0684742616339415,0,1,0,1,false_negative,"(0.1, 0.2]",Q4_high
0.1909609829256926,0.1822750812217719,0.1453517532307343,0.1514681335105865,0.2069986918048166,0.153955199241257,0.1718349736558098,0.0004495918036204,0.060050471583167,0,1,0,1,false_negative,"(0.1, 0.2]",Q2
0.204094179992012,0.17343732703706,0.1548107684393405,0.1663338725107413,0.1904301531892954,0.1609009183480362,0.1750012032527476,0.000252641973579,0.059674555953051,0,1,0,1,false_negative,"(0.1, 0.2]",Q1_low
0.1758937902475083,0.1356597691669472,0.1318720656212713,0.1497582425975889,0.1276005159579049,0.1165084109828973,0.1395487990956863,0.0003104098376281,0.0489090760700125,0,1,0,1,false_negative,"(0.1, 0.2]",Q2
0.1545319464726623,0.121942486156994,0.1583019381796029,0.1813021962028639,0.1033157857441568,0.0980716632336775,0.1362443359983262,0.0007995957933974,0.0520207752931648,0,1,0,1,false_negative,"(0.1, 0.2]",Q3
0.2194470097275345,0.1949743034098965,0.1763541203939396,0.1866922305191388,0.2096354429792849,0.2024669270485334,0.198261672346388,0.0001743521366772,0.066665422147769,0,1,0,1,false_negative,"(0.1, 0.2]",Q1_low
0.1912070579144272,0.1577978123438318,0.1733439198956232,0.1625018736092221,0.160652974901974,0.1347857706871463,0.1633815682253707,0.0002472319111387,0.0559205168096545,0,1,0,1,false_negative,"(0.1, 0.2]",Q1_low
0.1537656771374559,0.2007730006754344,0.1614311512034577,0.1951677943332924,0.2117914011450047,0.1798224830508447,0.1837919179242483,0.0003741534619211,0.0633007612649338,0,1,0,1,false_negative,"(0.1, 0.2]",Q2
0.2081701719261481,0.1894763321962974,0.1370245155574293,0.1450311749833371,0.2063876139569339,0.1666825677486535,0.1754620627281332,0.0006718819097674,0.0626855543218235,0,1,0,1,false_negative,"(0.1, 0.2]",Q3
0.2452329059091375,0.1682972266518195,0.1711347371838796,0.1372513640705573,0.1791087599911645,0.1801978916573023,0.1802038142439768,0.0008998442720573,0.0656030528502017,0,1,0,1,false_negative,"(0.1, 0.2]",Q3
0.1667153473854853,0.1385869746809796,0.1583688278969714,0.1839693242987886,0.1349923218548747,0.1571617239951621,0.1566324200187103,0.0002351712829854,0.053675862785904,0,1,0,1,false_negative,"(0.1, 0.2]",Q1_low
0.1028782350818718,0.1311964037530579,0.1276006660786302,0.1104091845705927,0.1522012795784365,0.1374991030438076,0.1269641453510661,0.0002314876067649,0.0442633228092431,0,1,0,1,false_negative,"(0.1, 0.2]",Q1_low
0.0942626050409624,0.1022004175545743,0.0907069232307099,0.1186504972579982,0.0804157366400418,0.1067809802188012,0.098836193323848,0.0001276228929063,0.0343125694758848,0,1,0,1,false_negative,"(-0.001, 0.1]",Q1_low
0.2908224335579354,0.1748825139973308,0.1904658712051969,0.1656880113050318,0.1689305989910989,0.1899208798258596,0.1967850514804089,0.001593242242742,0.0745738373974779,0,1,0,1,false_negative,"(0.1, 0.2]",Q4_high
0.2189537236228228,0.154712243370045,0.1893958676358814,0.1799754700529664,0.1492251637266179,0.2303114603604233,0.1870956547947928,0.0007744842627513,0.0668931247440044,0,1,0,1,false_negative,"(0.1, 0.2]",Q3
0.1439554005955835,0.1134754564127937,0.1202341494432566,0.1335797125604015,0.094157830163559,0.0990853842489911,0.1174146555707642,0.0002665755949803,0.0416446916284407,0,1,0,1,false_negative,"(0.1, 0.2]",Q1_low
0.1923686371426071,0.1613919949367082,0.2144945608165381,0.1746660319979234,0.1668145394741532,0.1717697340054222,0.1802509163955587,0.0002798261244526,0.0615423401385867,0,1,0,1,false_negative,"(0.1, 0.2]",Q2
0.2085699468089749,0.1810813752776184,0.1856636291691131,0.1798702500240883,0.1816346825909477,0.1844319972355815,0.1868753135177207,8.402856206397313e-05,0.0623676709651222,0,1,0,1,false_negative,"(0.1, 0.2]",Q1_low
0.1611987655825927,0.1931443861837475,0.1543386007290623,0.1365027590634516,0.2105317527284294,0.2207643466617971,0.1794134351581801,0.0008098048884216,0.0647885829750274,0,1,0,1,false_negative,"(0.1, 0.2]",Q3
0.1573799139065523,0.148245675641117,0.1834252077653008,0.215868990491737,0.136707487882285,0.1309667840767221,0.162099009960619,0.0007391638771995,0.0591148480475229,0,1,0,1,false_negative,"(0.1, 0.2]",Q3
0.1647782530800214,0.1828072602639779,0.1378412968387324,0.1624091050599564,0.1740652124868046,0.1039850922632589,0.1543143699987919,0.0005973366423164,0.0557412179710195,0,1,0,1,false_negative,"(0.1, 0.2]",Q3
0.2054697787810673,0.1585887267437837,0.183013257726527,0.1901468015860031,0.1948080207354103,0.2340604288295266,0.1943478357337197,0.0004465478085775,0.0671042383503951,0,1,0,1,false_negative,"(0.1, 0.2]",Q2
0.1558493206294267,0.1274576739221696,0.115045564096072,0.1563593466097758,0.1225613264111934,0.1144563691951464,0.1319549334772973,0.0002667298342489,0.0461535060235592,0,1,0,1,false_negative,"(0.1, 0.2]",Q1_low
0.2066851737004275,0.1607733584099451,0.1941059988029997,0.1970359557511876,0.2173412816982613,0.1726916808574223,0.1914389082033739,0.0003190937650126,0.0653783143444492,0,1,0,1,false_negative,"(0.1, 0.2]",Q2
0.2346560203268883,0.1512591619567987,0.1820198993751446,0.1975088367295437,0.1777752508657428,0.1803789947249942,0.1872663606631854,0.0005446069783561,0.0654972666273554,0,1,0,1,false_negative,"(0.1, 0.2]",Q3
0.1327380530351876,0.1555995229484135,0.1545089007054865,0.1714429827993963,0.1658294481015911,0.1395011025363288,0.153270001687734,0.0001580145680142,0.0519843395900155,0,1,0,1,false_negative,"(0.1, 0.2]",Q1_low
0.1488360029693736,0.1345705833038947,0.130656087721124,0.1305206050659995,0.1187972938067682,0.1220660540238692,0.1309077711485049,7.998436491261949e-05,0.0440685710352979,0,1,0,1,false_negative,"(0.1, 0.2]",Q1_low
0.1668741219098934,0.1192101690151832,0.1161251036273909,0.1601333753015973,0.1105917407130844,0.091360059946962,0.1273824284190185,0.0006293242550978,0.0480407711272106,0,1,0,1,false_negative,"(0.1, 0.2]",Q3
0.197543566786305,0.1535291461684869,0.2141206629234849,0.2491374308392026,0.154001307341924,0.1491793033534235,0.1862519029021378,0.0011920023488373,0.0692010543503123,0,1,0,1,false_negative,"(0.1, 0.2]",Q4_high
0.1688759608987945,0.1627425837182506,0.1429830811848395,0.1699277331296216,0.1668733236710213,0.1800423818334212,0.1652408440726581,0.0001083686895232,0.0554737814755251,0,1,0,1,false_negative,"(0.1, 0.2]",Q1_low
0.1271058942907178,0.1550217789313799,0.1586459671789509,0.1458838189779581,0.148260515410968,0.1355586435514749,0.1450794363902416,0.0001010515628302,0.0488604537158903,0,1,0,1,false_negative,"(0.1, 0.2]",Q1_low
0.1966491748670119,0.1618222112235272,0.1689023387968305,0.1530309879916452,0.1855809269077699,0.1736812178960609,0.1732778096138076,0.0001797227731913,0.0586042219274084,0,1,0,1,false_negative,"(0.1, 0.2]",Q1_low
0.2348806240943261,0.179248629989706,0.1884049204909899,0.2162005719312141,0.1802861664558538,0.2004993049220505,0.1999200363140234,0.0003475754096425,0.0682674420249134,0,1,0,1,false_negative,"(0.1, 0.2]",Q2
0.1392220033253841,0.1577709390155394,0.1275091322994962,0.1264229391199657,0.1566312544667064,0.1301433744644905,0.1396166071152637,0.0001470913802615,0.0474998911232529,0,1,0,1,false_negative,"(0.1, 0.2]",Q1_low
0.1233328081362372,0.1263372027291586,0.1349896735587329,0.127440338136983,0.1156597878284086,0.1194017589252709,0.1245269282191319,3.250765042347635e-05,0.0415166483347501,0,1,0,1,false_negative,"(0.1, 0.2]",Q1_low
0.1802331638009257,0.1333071142572973,0.1303203558884317,0.1694913150100538,0.1659954584968019,0.134805837104258,0.1523588740929614,0.0003447468482454,0.0531895031461146,0,1,0,1,false_negative,"(0.1, 0.2]",Q2
0.1741496812810637,0.1522666321163286,0.1607750680666951,0.1585382003949691,0.1514830734587583,0.1532604472765735,0.1584121837657314,5.222695629015334e-05,0.0528071137781563,0,1,0,1,false_negative,"(0.1, 0.2]",Q1_low
0.1836713477303226,0.1213834742734734,0.1172423811694248,0.1738701747351574,0.1092101784975857,0.1076158243497257,0.1354988967926149,0.0008277211363334,0.0520376460037569,0,1,0,1,false_negative,"(0.1, 0.2]",Q3
0.1981117949599879,0.1356044684698667,0.1628683029676122,0.175619511833164,0.1147273679150157,0.1759880327715493,0.1604865798195326,0.0006576650048302,0.0580471541004614,0,1,0,1,false_negative,"(0.1, 0.2]",Q3
0.2242951007926334,0.1954087656006897,0.1727406937195416,0.1755556797068073,0.2166846649553085,0.1864593250277686,0.1951907049671248,0.0003249825629166,0.0666154509925404,0,1,0,1,false_negative,"(0.1, 0.2]",Q2
0.2345182050549423,0.1686094155957767,0.185021782774344,0.1791544077117995,0.181088898489164,0.2295317614229876,0.1963207451748357,0.0005691848821778,0.068477307703564,0,1,0,1,false_negative,"(0.1, 0.2]",Q3
0.2636486422321074,0.1944501519130452,0.1528289811482989,0.1943222904316712,0.1942119304565859,0.1946332973779154,0.1990158822599373,0.0009136834567063,0.0713571170428052,0,1,0,1,false_negative,"(0.1, 0.2]",Q3
0.2262790826896943,0.1499362049344677,0.186547658689177,0.1931682898250204,0.1635731115790482,0.1920423747863363,0.1852577870839573,0.000501550923305,0.0645937931551424,0,1,0,1,false_negative,"(0.1, 0.2]",Q2
0.1566531256686284,0.1409214112987781,0.1415689953797189,0.1273884650140633,0.134578676239804,0.1461824343475332,0.141215517991421,7.120521376704905e-05,0.0473417612911172,0,1,0,1,false_negative,"(0.1, 0.2]",Q1_low
0.1560224159969126,0.1388843934017493,0.1388178595602559,0.1507885928834574,0.1316779882498302,0.130800382327178,0.1411652720698972,7.449932511417345e-05,0.0473547458818863,0,1,0,1,false_negative,"(0.1, 0.2]",Q1_low
0.1747482664351093,0.1943753363813125,0.1974992482870691,0.200241549910232,0.2262874949611864,0.202184462536947,0.1992227264186427,0.000195396905276,0.0671082814314876,0,1,0,1,false_negative,"(0.1, 0.2]",Q1_low
0.228882973457861,0.1673252236672943,0.1995486860257887,0.2225552668558117,0.1464861245484978,0.1747480284943495,0.1899243838416005,0.0007575856566189,0.0676518361169391,0,1,0,1,false_negative,"(0.1, 0.2]",Q3
0.1505436675431626,0.1762210685749418,0.1729346396465964,0.1624362431031113,0.164381465751239,0.1634871464379361,0.1650007051761645,5.815722733533427e-05,0.055014076834613,0,1,0,1,false_negative,"(0.1, 0.2]",Q1_low
0.1956432426257345,0.172341824905681,0.1325723612472757,0.1585350877796253,0.2060775533196643,0.1658489888896938,0.1718365097946124,0.0004991309326419,0.0603954176131895,0,1,0,1,false_negative,"(0.1, 0.2]",Q2
0.1294867016746196,0.1011491776932337,0.1057867818291679,0.1245227738271753,0.0792099713414343,0.0682923378386226,0.1014079573673756,0.0004187637904013,0.0384956354664418,0,1,0,1,false_negative,"(0.1, 0.2]",Q2
0.1482112126052965,0.1933173622271428,0.1891084567549334,0.1626870220598373,0.1850266823410123,0.1802999073106334,0.1764417738831426,0.0002171391387839,0.0598886525415319,0,1,0,1,false_negative,"(0.1, 0.2]",Q1_low
0.1625509548117478,0.1623457624465668,0.1627146754242177,0.1829552348302048,0.1548411743354739,0.147940698394972,0.1622247500405305,9.83807716652805e-05,0.0544150772562432,0,1,0,1,false_negative,"(0.1, 0.2]",Q1_low
0.1676054287853341,0.1879025206346452,0.1496562847002805,0.1736041795276648,0.1690946250625429,0.1280015598594109,0.1626440997616464,0.0003133034495371,0.0561810695977391,0,1,0,1,false_negative,"(0.1, 0.2]",Q2
0.070004613308508,0.1184112699494201,0.1023744425418391,0.1573243269331656,0.0955893952290174,0.0897078555663974,0.1055686505880579,0.0006385338535577,0.0419877589275739,0,1,0,1,false_negative,"(0.1, 0.2]",Q3
0.2319736525405015,0.1466643312210415,0.1274859877049921,0.1754918981967135,0.1746238695248569,0.1678343474318373,0.1706790144366571,0.0008923132986561,0.0627198896767427,0,1,0,1,false_negative,"(0.1, 0.2]",Q3
0.1566759774597098,0.1258742078794951,0.142545848709669,0.1401045742203696,0.1086067056807423,0.1212825305234375,0.1325149740789039,0.0002119782031818,0.0458256475680556,0,1,0,1,false_negative,"(0.1, 0.2]",Q1_low
0.1553749068328073,0.150595760711942,0.1465885812367814,0.1507100838900315,0.1363810889885839,0.1389797337544913,0.1464383592357729,3.888512100778834e-05,0.0487671778908459,0,1,0,1,false_negative,"(0.1, 0.2]",Q1_low
0.1273516466730259,0.164142268676871,0.1696605919253532,0.140241912943011,0.1545115749777236,0.1446646302717039,0.1500954375779481,0.0001776395197926,0.0511241192360917,0,1,0,1,false_negative,"(0.1, 0.2]",Q1_low
0.1707280735254585,0.1413953916723261,0.1544078830890265,0.1361495373817512,0.1217726265245932,0.1338808759017594,0.1430557313491525,0.0002117472338656,0.0491631009501111,0,1,0,1,false_negative,"(0.1, 0.2]",Q1_low
0.2058870283568289,0.1640252158330672,0.2011188524081883,0.171697507541825,0.1815316324681257,0.1902706181039916,0.1857551424520045,0.0001927672543975,0.062728174973091,0,1,0,1,false_negative,"(0.1, 0.2]",Q1_low
0.143999532016793,0.1687637099151646,0.1366539288389837,0.1513316400605103,0.1625546590152849,0.1516508796465674,0.1524923915822173,9.872086832664066e-05,0.0512492659614914,0,1,0,1,false_negative,"(0.1, 0.2]",Q1_low
0.1834152377735914,0.163685402315581,0.1840031471532036,0.1617164426133873,0.1567337143526308,0.1687276965955344,0.1697136068006547,9.452416657892367e-05,0.0568286604743534,0,1,0,1,false_negative,"(0.1, 0.2]",Q1_low
0.0903436120249451,0.1349860340385146,0.1447680452095826,0.1546821907245137,0.1212138127736065,0.1279250812618735,0.1289864626721727,0.0003571620238846,0.0460671304040388,0,1,0,1,false_negative,"(0.1, 0.2]",Q2
0.2256060528479269,0.1829485356794837,0.172498160396663,0.1846305366367717,0.1895693900262307,0.2334690635772611,0.1981202898607229,0.0004495385633547,0.0683157010888978,0,1,0,1,false_negative,"(0.1, 0.2]",Q2
0.1513530216919717,0.1454567846795676,0.1481771506712959,0.151585188754077,0.1198419881416563,0.1334368342663101,0.1416418280341465,0.0001132852832732,0.0478533362792638,0,1,0,1,false_negative,"(0.1, 0.2]",Q1_low
0.2082770722898616,0.1815419556942493,0.1598363737713518,0.1576215277775096,0.2100741393542025,0.234859451066355,0.1920350866589217,0.0006791845214602,0.0678179896604767,0,1,0,1,false_negative,"(0.1, 0.2]",Q3
0.2371424896681407,0.1512008933281522,0.1673067731922033,0.1752784198925838,0.1631947469790131,0.1643972374809716,0.1764200934235108,0.0006752903338315,0.0630004847929983,0,1,0,1,false_negative,"(0.1, 0.2]",Q3
0.1835345143038739,0.1515196524976839,0.165164040458929,0.1746226411283672,0.1545738147363571,0.1393410569069269,0.161459286672023,0.0001871052736287,0.0548490700089494,0,1,0,1,false_negative,"(0.1, 0.2]",Q1_low
0.1513368857103007,0.2101045157893611,0.1709401242692471,0.2003650892315886,0.2368308452057664,0.1859190457222511,0.1925827509880858,0.0006485000762654,0.0677987948111955,0,1,0,1,false_negative,"(0.1, 0.2]",Q3
0.188475814444169,0.1326050954841724,0.1300185739243601,0.1693353685173979,0.1158137288827625,0.1342598502419343,0.145084738582466,0.0005467970774954,0.0525682817987123,0,1,0,1,false_negative,"(0.1, 0.2]",Q3
0.1527869846589684,0.130439931222392,0.1458556148759681,0.1300184381700747,0.1140915645577728,0.1212516852750072,0.1324073697933639,0.0001522399750292,0.0452364230571742,0,1,0,1,false_negative,"(0.1, 0.2]",Q1_low
0.1707341555421644,0.1233116819614578,0.1444244834527026,0.1681217766233276,0.1162083897251423,0.1226410618589732,0.140906924860628,0.0004137052895369,0.0502083019517542,0,1,0,1,false_negative,"(0.1, 0.2]",Q2
0.1658460040102193,0.1639035849225326,0.1726604289884606,0.1708145313785797,0.1528401905963793,0.1763387615738896,0.1670672502450102,4.931373336515269e-05,0.0556252116407074,0,1,0,1,false_negative,"(0.1, 0.2]",Q1_low
0.1735840876060287,0.1564554009529305,0.1604164703459325,0.1493628660705868,0.1654309466769083,0.1332197736581419,0.1564115908850882,0.0001399756155923,0.052853624320756,0,1,0,1,false_negative,"(0.1, 0.2]",Q1_low
0.1843852453550749,0.1395336702376305,0.1576685526330347,0.1761667374756543,0.1791126906372277,0.1251758758583472,0.1603404620328282,0.0004082327102362,0.0561678925195882,0,1,0,1,false_negative,"(0.1, 0.2]",Q2
0.1336233299630631,0.1095717926427897,0.1185072151645076,0.1255150697259324,0.0878080928307865,0.1016353874918111,0.1127768146364817,0.0001982169239438,0.0394924305210242,0,1,0,1,false_negative,"(0.1, 0.2]",Q1_low
0.1413729195725963,0.1512849378479457,0.1623628672469525,0.1701112982178514,0.1694354813089251,0.1888287739171998,0.1638993796852452,0.0001942339240517,0.0556878469388395,0,1,0,1,false_negative,"(0.1, 0.2]",Q1_low
0.2001025634709771,0.1836144140493966,0.2065627074758627,0.1985203287060168,0.1629130362058511,0.1870216521362384,0.1897891170073905,0.0001760091586529,0.0639248127149395,0,1,0,1,false_negative,"(0.1, 0.2]",Q1_low
0.1789093804557518,0.2171496801609064,0.1643841302207203,0.1949448772298656,0.218059384679688,0.1909161583609377,0.1940606018513117,0.0003185670086368,0.0662136203108126,0,1,0,1,false_negative,"(0.1, 0.2]",Q2
0.2309838593098484,0.1977570649279934,0.1833095060143114,0.1713008065771482,0.2031588265506943,0.2066174724231679,0.1988545893005273,0.0003018777029291,0.0676465315009926,0,1,0,1,false_negative,"(0.1, 0.2]",Q2
0.2206165192015314,0.1780199338280405,0.1988601235438226,0.1591953540189019,0.1744934761260435,0.2105738198728585,0.1902932044318664,0.0003959342529308,0.0655027588533979,0,1,0,1,false_negative,"(0.1, 0.2]",Q2
0.2274623898477006,0.1616121998321341,0.1901583643586277,0.1837783434932961,0.2000166090905131,0.1800222234831216,0.1905083550175655,0.0003494814104826,0.065275107653544,0,1,0,1,false_negative,"(0.1, 0.2]",Q2
0.2011105113733268,0.1205733572588566,0.1470217014111897,0.1548103812687604,0.1125820537440396,0.1155858924675273,0.1419473162539501,0.0008150829874971,0.0537751101473876,0,1,0,1,false_negative,"(0.1, 0.2]",Q3
0.1992999200907532,0.1577272816189056,0.1777882007806671,0.2075363344838098,0.1890132228713307,0.170442996134149,0.1836346593299359,0.0002464303844194,0.062402273488469,0,1,0,1,false_negative,"(0.1, 0.2]",Q1_low
0.1066799738272284,0.1125080952877178,0.1007709953810992,0.1268555231766971,0.0898514860037949,0.0858303686383439,0.1037494070524802,0.0001631872181165,0.0362821449699136,0,1,0,1,false_negative,"(0.1, 0.2]",Q1_low
0.1311978063164171,0.1190839280071495,0.1152529483941846,0.13993464860629,0.1056549848819132,0.1018932824695432,0.1188362664459163,0.0001530945417081,0.0409216403226114,0,1,0,1,false_negative,"(0.1, 0.2]",Q1_low
0.2271417621517825,0.1677147407999158,0.1751785493031911,0.1479754350994651,0.1748947869296985,0.1727984455041142,0.1776172866313612,0.0004951363037066,0.0621657846463313,0,1,0,1,false_negative,"(0.1, 0.2]",Q2
0.2160875773861847,0.1493452811332727,0.1459836005737969,0.1686462450559785,0.1495550353968909,0.1265014140642658,0.1593531922683983,0.000679899823061,0.0578676947656681,0,1,0,1,false_negative,"(0.1, 0.2]",Q3
0.141760203705686,0.1200861306441565,0.1533795588521196,0.233621165162633,0.1058828543127982,0.1132847752243653,0.1446691146502931,0.0015843535351774,0.0602127140869049,0,1,0,1,false_negative,"(0.1, 0.2]",Q4_high
0.1935720883663609,0.1465355906256108,0.1718968209211521,0.1763524067509284,0.1457005901590584,0.1501798155706567,0.1640395520656279,0.0002743303214768,0.0563326937950276,0,1,0,1,false_negative,"(0.1, 0.2]",Q2
0.157871809665311,0.1206123488229376,0.130786931196417,0.1346426593646774,0.1143131405201985,0.1640188677503957,0.1370409595533229,0.0002847213671563,0.0479029418036776,0,1,0,1,false_negative,"(0.1, 0.2]",Q2
0.1565793025725536,0.1550819862042228,0.1777759936534819,0.1873039398811006,0.1549147991489099,0.1613940374897443,0.1655083431583355,0.0001347329508719,0.0557595370094016,0,1,0,1,false_negative,"(0.1, 0.2]",Q1_low
0.2864897177210694,0.1644375547706845,0.1613356726968546,0.2016329151120741,0.1717366736361347,0.165207255783724,0.1918066316200902,0.0016927597649317,0.0737179524372389,0,1,0,1,false_negative,"(0.1, 0.2]",Q4_high
0.1429794352836229,0.1677838787267687,0.1482365814003515,0.148742079268268,0.168058248999342,0.1667233921970402,0.1570872693125655,9.637750955363228e-05,0.0527257232789915,0,1,0,1,false_negative,"(0.1, 0.2]",Q1_low
0.1141554659040464,0.1510223054134477,0.1288833016205406,0.1598457192146919,0.1537295950875936,0.1247010084664377,0.1387228992844597,0.0002456628170085,0.0480866296532421,0,1,0,1,false_negative,"(0.1, 0.2]",Q1_low
0.2078701622754405,0.1613250011065533,0.1841127579088388,0.1963633831916136,0.1936173999763225,0.1766037108977318,0.1866487358927501,0.0001917015491391,0.0630102752465438,0,1,0,1,false_negative,"(0.1, 0.2]",Q1_low
0.1583271214217902,0.1753545652665715,0.1689302999052172,0.2169591725099319,0.1676759946912059,0.1514958397842998,0.1731238322631694,0.000380070083217,0.0599696246372825,0,1,0,1,false_negative,"(0.1, 0.2]",Q2
0.2547323946119135,0.1853494134882984,0.17630993205632,0.1524036145626722,0.1795495353314124,0.1752454126880006,0.1872650504564362,0.0008706924842645,0.0675415122241755,0,1,0,1,false_negative,"(0.1, 0.2]",Q3
0.1517633807272838,0.1458808502667968,0.1662175827758895,0.1493163009094416,0.1294830017111021,0.1609405366434406,0.1506002755056591,0.00011743355977,0.0507893750250576,0,1,0,1,false_negative,"(0.1, 0.2]",Q1_low
0.1434181815107749,0.152922347998645,0.1445875625478015,0.1472092473783565,0.1499442981117451,0.1366453612276485,0.1457878331291619,2.297694468187072e-05,0.0484152710270026,0,1,0,1,false_negative,"(0.1, 0.2]",Q1_low
0.2014329854890452,0.150351442206533,0.200871396075516,0.189944202602844,0.1598512013097378,0.149023426591305,0.1752457757124968,0.0004432597833004,0.061072956485853,0,1,0,1,false_negative,"(0.1, 0.2]",Q2
0.2099364319731112,0.1412362373806253,0.1536389169037852,0.1832330899269076,0.1463858974739712,0.1577642893517317,0.1653658105016887,0.0004919366467431,0.0583406231991765,0,1,0,1,false_negative,"(0.1, 0.2]",Q2
0.2390218182061225,0.1689546126644353,0.1821559488006199,0.1798364894199098,0.2193670762480357,0.1846018675103619,0.1956563021415809,0.0005300679361572,0.0680307301141291,0,1,0,1,false_negative,"(0.1, 0.2]",Q3
0.1235979630196924,0.124397076546819,0.0930143828891715,0.1079946493669389,0.1053159736622222,0.1017142663662042,0.1093390519751747,0.0001103836288587,0.0374369881302769,0,1,0,1,false_negative,"(0.1, 0.2]",Q1_low
0.128803640761569,0.1130330094548239,0.121232197036218,0.1678136776804663,0.0996098451545219,0.1068108197369881,0.1228838649707645,0.0004219317083425,0.0448272119078799,0,1,0,1,false_negative,"(0.1, 0.2]",Q2
0.2103877554283204,0.1712648013653329,0.1926941095780999,0.1805582304065988,0.1746272293664248,0.190275912817202,0.1866346731603298,0.0001473598764525,0.0627114895762995,0,1,0,1,false_negative,"(0.1, 0.2]",Q1_low
0.2317607171918057,0.1600814835363599,0.1775305254262013,0.1660514222350055,0.1612404957032648,0.1851984395072418,0.1803105139333132,0.0005221349328588,0.0631845739685246,0,1,0,1,false_negative,"(0.1, 0.2]",Q2
0.1505700590178172,0.1332709619116353,0.1167011202778953,0.1393012047624984,0.1529664321957332,0.1124027293259876,0.1342020845819278,0.0002040535693849,0.0462863549838502,0,1,0,1,false_negative,"(0.1, 0.2]",Q1_low
0.1717721700222901,0.1437116555131887,0.1763831172782862,0.1901739373549673,0.1652646574408468,0.1210097365618194,0.1613858790285664,0.000445600068181,0.0567706484408243,0,1,0,1,false_negative,"(0.1, 0.2]",Q2
0.1476575406977935,0.1508478291069206,0.1668746433421095,0.170864005192381,0.0920740777342068,0.1817450811428728,0.151677196202714,0.0007246501364091,0.0559138715160161,0,1,0,1,false_negative,"(0.1, 0.2]",Q3
0.1648615156712202,0.2249645412011565,0.1636078746846703,0.1556966527877631,0.22184747703453,0.2159376333843629,0.1911526157939505,0.0007723968463449,0.0681183044600859,0,1,0,1,false_negative,"(0.1, 0.2]",Q3
0.1940660088710483,0.1539721250745892,0.1979228996339192,0.1976647585178893,0.1559049233780057,0.159341238727196,0.1764786590337746,0.0003487907121457,0.0608127753700241,0,1,0,1,false_negative,"(0.1, 0.2]",Q2
0.1729173135783106,0.210095752474267,0.1787251897823734,0.1659601336052623,0.2145408075621363,0.1989466609034816,0.1901976429843052,0.0002975362236053,0.0648431258832585,0,1,0,1,false_negative,"(0.1, 0.2]",Q2
0.159426930037789,0.1415823352736767,0.1554075340065139,0.1591996286425612,0.1327256220377816,0.1309204816392992,0.1465437552729369,0.0001234795813932,0.0495270028136694,0,1,0,1,false_negative,"(0.1, 0.2]",Q1_low
0.1917118500311519,0.205924288968196,0.1988817378348965,0.1864736377100387,0.1942335811299796,0.1831441274753384,0.1933948705249335,4.908703280168738e-05,0.064278084547267,0,1,0,1,false_negative,"(0.1, 0.2]",Q1_low
0.1800556263158497,0.1786481897839635,0.1372201642724722,0.1417802784287292,0.1909465354321282,0.1735005478647571,0.1670252236829833,0.0003492417914531,0.0578283722668205,0,1,0,1,false_negative,"(0.1, 0.2]",Q2
0.1842157269807257,0.1862552341434271,0.1777918221994982,0.174566971657601,0.2039890867757631,0.1854193821122617,0.1853730373115461,7.470328020560681e-05,0.0618126822362133,0,1,0,1,false_negative,"(0.1, 0.2]",Q1_low
0.2417048779115822,0.1715394650072492,0.1710108647337818,0.1864679442184378,0.1309451180812418,0.1977922785335146,0.1832434247476346,0.00095164846523,0.0668375310868452,0,1,0,1,false_negative,"(0.1, 0.2]",Q3
0.1979865392449525,0.1579131514547724,0.1922958578217632,0.1547838202602393,0.1487404047652598,0.1889777937100316,0.1734495945428365,0.0003426720738758,0.059811119678923,0,1,0,1,false_negative,"(0.1, 0.2]",Q2
0.1311506404156467,0.1165668433895615,0.1444087743899388,0.1428789649170916,0.0948303664504763,0.1052743362655957,0.1225183209713851,0.0002953803758905,0.0435011550680947,0,1,0,1,false_negative,"(0.1, 0.2]",Q2
0.1247447376980157,0.1205428709658851,0.1230358615538017,0.1441636365733141,0.1118772036544349,0.1288008374426928,0.1255275246480241,8.228834575525385e-05,0.0423459890623544,0,1,0,1,false_negative,"(0.1, 0.2]",Q1_low
0.1925524672630935,0.1596982163504509,0.2061000337558647,0.1978027130156673,0.1688159628604084,0.2117826186221812,0.189458668644611,0.0003094706092244,0.0646833981717123,0,1,0,1,false_negative,"(0.1, 0.2]",Q2
0.1811470125160487,0.1441961487180315,0.1329693293688042,0.1399003393750516,0.1324960754289401,0.1492741209368066,0.1466638377239471,0.0002337146240966,0.0504945055189596,0,1,0,1,false_negative,"(0.1, 0.2]",Q1_low
0.1057079801685006,0.1112406190729671,0.1339181562464741,0.1285090332841124,0.0890401265831461,0.1048508521315172,0.1122111279144529,0.0001958740826798,0.0392907567587163,0,1,0,1,false_negative,"(0.1, 0.2]",Q1_low
0.2009221624699272,0.1836905960535639,0.1619875270706879,0.1871824680094794,0.1951661795244967,0.194523270820509,0.1872453673247773,0.0001361943885792,0.0628360694509073,0,1,0,1,false_negative,"(0.1, 0.2]",Q1_low
0.1630952399516864,0.1578815714857347,0.1456031995319954,0.1461081209280253,0.1486806777493079,0.1503911300400003,0.1519599899477916,3.5275326554286586e-05,0.0505506013002458,0,1,0,1,false_negative,"(0.1, 0.2]",Q1_low
0.1403049394705454,0.1323671767266054,0.1112471186994783,0.1138752029470521,0.1245836793893746,0.1071029394579569,0.1215801761151688,0.0001216751778757,0.0414726909601713,0,1,0,1,false_negative,"(0.1, 0.2]",Q1_low
0.1388434047204529,0.1295982689205898,0.1228263080029448,0.1335586969672541,0.122816964219426,0.1171236188736123,0.1274612102840467,4.588826435560944e-05,0.0426124235115156,0,1,0,1,false_negative,"(0.1, 0.2]",Q1_low
0.1520787156643957,0.1979713668355833,0.1442801162705445,0.1605700187183666,0.2491703141504109,0.218866598442841,0.1871561883470237,0.0012491258650534,0.0698078948355459,0,1,0,1,false_negative,"(0.1, 0.2]",Q4_high
0.1610791154544206,0.0976224593201374,0.1287109660210307,0.1469262657533319,0.0664374424202129,0.0842141950136975,0.1141650739971385,0.0009906351448696,0.0476206926167905,0,1,0,1,false_negative,"(0.1, 0.2]",Q3
0.1316155863167558,0.1167270040016748,0.1026725926367388,0.1288486186159906,0.100586226895254,0.100003232485167,0.1134088768252635,0.0001486113306583,0.0391546310910793,0,1,0,1,false_negative,"(0.1, 0.2]",Q1_low
0.1917151588750363,0.1697207890788595,0.1592743326251723,0.1565639888031896,0.1815197503908971,0.1738756984999984,0.1721116197121922,0.0001268806403286,0.05784631702485,0,1,0,1,false_negative,"(0.1, 0.2]",Q1_low
0.0995279817560238,0.1052070111580859,0.0988478030364489,0.1216940312006122,0.0920201186772198,0.0856298036075866,0.1004877915726629,0.0001097211029387,0.0346127417342458,0,1,0,1,false_negative,"(0.1, 0.2]",Q1_low
0.1681172906758869,0.1551630882415238,0.1425193334064061,0.1534968324397281,0.1900814068341786,0.1503270138636918,0.1599508275769025,0.0002050848866432,0.0545028195666375,0,1,0,1,false_negative,"(0.1, 0.2]",Q1_low
0.1297601149374191,0.1253507229366947,0.1160864893835504,0.1158477552832064,0.1080801790952114,0.1111776257889505,0.1177171479041721,4.9299245149082725e-05,0.039465336052796,0,1,0,1,false_negative,"(0.1, 0.2]",Q1_low
0.2143272953767069,0.1713590565402518,0.1643673703464439,0.2076795143119273,0.1727622954587452,0.1844490228974815,0.1858240924885928,0.0003046030837226,0.0634896816581951,0,1,0,1,false_negative,"(0.1, 0.2]",Q2
0.1986443980014959,0.137723434530093,0.2040049592222132,0.2593480415860123,0.1435236993747417,0.1219725071265963,0.1775361733068587,0.0019526513028856,0.0712780082402735,0,1,0,1,false_negative,"(0.1, 0.2]",Q4_high
0.1445192195148254,0.1775408156010555,0.1557561590798533,0.1353728471509983,0.1612942708991082,0.1303211573482348,0.1508007449323459,0.0002209418135848,0.0517041888583123,0,1,0,1,false_negative,"(0.1, 0.2]",Q1_low
0.2380407941458671,0.1406683897828219,0.1649316684458179,0.2165440630788553,0.1520234927891963,0.1780556184589625,0.1817106711169202,0.0010353056729669,0.0669050436526336,0,1,0,1,false_negative,"(0.1, 0.2]",Q3
0.2085336824242925,0.1669930363809726,0.1873992937022899,0.2352294286248042,0.1767781124555252,0.1666332659097979,0.190261136582947,0.0005208137235051,0.0662824565953265,0,1,0,1,false_negative,"(0.1, 0.2]",Q2
0.1440002087755174,0.1339417910311461,0.1145173027460221,0.1287996138843952,0.1424729450250196,0.1290847731840824,0.1321361057743638,8.310467340318346e-05,0.0444971606202594,0,1,0,1,false_negative,"(0.1, 0.2]",Q1_low
0.1257334589198896,0.0990162034498152,0.0909975900783682,0.1116206793131531,0.0669481558640697,0.0806952892047063,0.095835229471667,0.0003200409591548,0.0357474545354139,0,1,0,1,false_negative,"(-0.001, 0.1]",Q2
0.1718627542482733,0.1142927579067106,0.115963720623745,0.120011531555197,0.094200256193375,0.1031282192414445,0.1199098732947909,0.0005269778006032,0.0449438342180083,0,1,0,1,false_negative,"(0.1, 0.2]",Q2
0.1494651729982315,0.1589271104732554,0.1274799556936969,0.1196803727720785,0.1714761932783929,0.1531752857142533,0.1467006818216514,0.0002732011209382,0.0508346450057446,0,1,0,1,false_negative,"(0.1, 0.2]",Q2
0.1833041309146039,0.1509442813101899,0.2368101099014207,0.3070676569792103,0.1514933132341937,0.1571027121566027,0.1977870340827035,0.0028096250855816,0.0813415191229997,0,1,0,1,false_negative,"(0.1, 0.2]",Q4_high
0.1646323648906595,0.1778127655033333,0.1468359653535388,0.1727405522855385,0.1822666467228521,0.1817556268045264,0.1710073202600748,0.0001309301654516,0.057516746760683,0,1,0,1,false_negative,"(0.1, 0.2]",Q1_low
0.1171323819593645,0.119344458415171,0.1267989034845121,0.1376893211456731,0.1389932481554411,0.1266327002105087,0.1277651688951118,5.867703413455301e-05,0.0428384593479533,0,1,0,1,false_negative,"(0.1, 0.2]",Q1_low
0.0994266749076573,0.1172923513937593,0.1278694891713052,0.1270514002249762,0.1067351994622888,0.1204003935691459,0.1164625847881888,9.189708304444772e-05,0.0395168467534075,0,1,0,1,false_negative,"(0.1, 0.2]",Q1_low
0.1852165727090731,0.1308445708057614,0.1315975015253612,0.1707979099316561,0.1139291483523486,0.1254194071444443,0.1429675184114408,0.0005695599383686,0.0521169967761437,0,1,0,1,false_negative,"(0.1, 0.2]",Q3
0.1201395521270231,0.1530372118582424,0.164455538989015,0.1789217356462927,0.1305764508996617,0.1167172999356126,0.1439746315759746,0.0004590689140944,0.0515213663615008,0,1,0,1,false_negative,"(0.1, 0.2]",Q2
0.19281211658601,0.1779325826103785,0.1407486252478922,0.167685480870152,0.1799520412821273,0.1761196331990079,0.1725417466325947,0.0002202926620286,0.0586567309601104,0,1,0,1,false_negative,"(0.1, 0.2]",Q1_low
0.1749473949849099,0.1713065225917125,0.2168510654153087,0.2471647092676912,0.1783933082136206,0.1901019012363487,0.1964608169515986,0.0006355833512778,0.0689231141465234,0,1,0,1,false_negative,"(0.1, 0.2]",Q3
0.1371054471859203,0.1627193348662968,0.164876306992302,0.1737116685815432,0.1583033745028161,0.1576161746019692,0.1590553844551413,0.0001066501323264,0.0534475953051878,0,1,0,1,false_negative,"(0.1, 0.2]",Q1_low
0.2002040429236562,0.1802858395102056,0.2226194830079383,0.1760057477544863,0.1733221558335629,0.1747389964437765,0.187862710912271,0.0002774282659059,0.0639645471566755,0,1,0,1,false_negative,"(0.1, 0.2]",Q2
0.2013831829664105,0.1630363568919343,0.2161929364726066,0.2519957907995667,0.1674653268072334,0.175506850239953,0.1959300740296174,0.0008418615885598,0.0699955493443916,0,1,0,1,false_negative,"(0.1, 0.2]",Q3
0.2578892111601195,0.1745421780489175,0.1700822098013791,0.1819125080726449,0.1999192411681577,0.2154307447808302,0.1999626821720082,0.0007799427217975,0.0708644324446441,0,1,0,1,false_negative,"(0.1, 0.2]",Q3
0.132483769321847,0.1157050490535332,0.118205155307442,0.128759839556125,0.1013507298846254,0.105838993422225,0.1170572560909663,0.0001072311842114,0.0398720815146065,0,1,0,1,false_negative,"(0.1, 0.2]",Q1_low
0.2700429957686474,0.1414612274066718,0.1421207779759205,0.1742945459809295,0.1465902025390929,0.1849727721400059,0.176580420301878,0.0017330210891386,0.0697148737797369,0,1,0,1,false_negative,"(0.1, 0.2]",Q4_high
0.2186845061432975,0.1734507592842409,0.2043043779978747,0.1903806030610607,0.1612949464183672,0.1852111699378325,0.1888877271404456,0.0003058469197933,0.0644773829461397,0,1,0,1,false_negative,"(0.1, 0.2]",Q2
0.208081816612939,0.1646501360252724,0.1759835645866056,0.1719414915329166,0.174628665014848,0.1708566816062003,0.1776903925631303,0.0001693891217382,0.0599585452439347,0,1,0,1,false_negative,"(0.1, 0.2]",Q1_low
0.2061761615721928,0.1941576831043409,0.1494122415751643,0.1203751714495334,0.226940892012344,0.1859104295421473,0.1804954298759538,0.0010876100551972,0.0668739864153215,0,1,0,1,false_negative,"(0.1, 0.2]",Q4_high
0.194537889224808,0.1546850854325867,0.1723169994991231,0.1867143178731357,0.1542854460160782,0.1822508394100386,0.1741317629092951,0.0002022847155988,0.059040265360633,0,1,0,1,false_negative,"(0.1, 0.2]",Q1_low
0.2317919306690564,0.1693747998185338,0.1423252891859905,0.1803830558293603,0.1747882750721052,0.1864500113692208,0.1808522269907112,0.0006113195009053,0.0639386162145893,0,1,0,1,false_negative,"(0.1, 0.2]",Q3
0.1548315585651608,0.1712861519376589,0.1547133814355291,0.1452514051893126,0.1536465977571677,0.1267439241787715,0.1510788365106001,0.0001526241068886,0.0512344490308208,0,1,0,1,false_negative,"(0.1, 0.2]",Q1_low
0.1873015243490285,0.1197151364536528,0.1507907895667028,0.170990225652614,0.1096206244134219,0.1434664342652188,0.1469807891167731,0.0006240398925281,0.0537483023403405,0,1,0,1,false_negative,"(0.1, 0.2]",Q3
0.1543280254675537,0.1486009403767318,0.1527963938968972,0.2180216396308718,0.1398061116724389,0.1516364245434117,0.1608649225979842,0.0005791094907622,0.0575910860977513,0,1,0,1,false_negative,"(0.1, 0.2]",Q3
0.1237861046189538,0.098764545585001,0.0913527863220565,0.1144957595007161,0.0830447483877439,0.0790256012750857,0.0984115909482595,0.000223496309666,0.0353558046071033,0,1,0,1,false_negative,"(-0.001, 0.1]",Q1_low
0.1790127658621043,0.1913879577456756,0.210000794408833,0.2209804920226013,0.2018002118597777,0.1724109595540229,0.1959321969088359,0.000245705998058,0.0663574547156896,0,1,0,1,false_negative,"(0.1, 0.2]",Q1_low
0.2362367718535827,0.1642902541655298,0.1535487588755966,0.1409246078141389,0.1528342063786129,0.1619460468886015,0.1682967743293437,0.0008397225248048,0.0616590310171782,0,1,0,1,false_negative,"(0.1, 0.2]",Q3
0.1667807030546463,0.1376399178773348,0.1225257132227155,0.125471638628604,0.1329219320522616,0.1345182712111372,0.1366430293411166,0.0001788189872284,0.0468326856074777,0,1,0,1,false_negative,"(0.1, 0.2]",Q1_low
0.2370149726955598,0.1863526442102344,0.1597019620807589,0.1828947510014738,0.2205099017752359,0.1963627290979224,0.1971394934768642,0.0005510958217398,0.0686237878610729,0,1,0,1,false_negative,"(0.1, 0.2]",Q3
0.1944260543888034,0.1443424324408543,0.2065625289924562,0.2189019835873565,0.1433291921614875,0.1616182972566832,0.1781967481379402,0.0007659471832249,0.0641366785360347,0,1,0,1,false_negative,"(0.1, 0.2]",Q3
0.1043445963531934,0.1293897836029365,0.1344058776021147,0.1244937351969343,0.1215862422943134,0.1065551416231361,0.1201292294454381,0.0001063089778363,0.0408487707935168,0,1,0,1,false_negative,"(0.1, 0.2]",Q1_low
0.2368519139898101,0.1676637737977274,0.1744321117126061,0.2106775919379586,0.2042257432322778,0.1853341544043349,0.1965308815124525,0.0004760226007434,0.0679751585555645,0,1,0,1,false_negative,"(0.1, 0.2]",Q2
0.1468534824103908,0.1420022544784825,0.1604323583553429,0.2102604140354452,0.1200658366166258,0.1293435327852786,0.151492979780261,0.0007319122786365,0.0559141898251315,0,1,0,1,false_negative,"(0.1, 0.2]",Q3
0.2387284664920599,0.1575023796648004,0.1833802172888187,0.1774390566148979,0.1775419689774451,0.2174805087878371,0.1920120996376432,0.000645463889496,0.0676034280236037,0,1,0,1,false_negative,"(0.1, 0.2]",Q3
0.1482986749788541,0.1988709761894907,0.1918318593538207,0.1990650031691268,0.1907423832410409,0.1711096974198988,0.183319765725372,0.0002846951718404,0.0625569476795467,0,1,0,1,false_negative,"(0.1, 0.2]",Q2
0.1527558036886001,0.1756363898183949,0.1536133895018613,0.1483109059252775,0.1772581839208097,0.1639980648177314,0.1619287896121125,0.0001094152627168,0.0544038463880245,0,1,0,1,false_negative,"(0.1, 0.2]",Q1_low
0.1812833153194324,0.1404269462788984,0.1374802098338197,0.1475852233489667,0.1371590401512681,0.141740022987053,0.1476124596532397,0.0002045401205211,0.05055286681039,0,1,0,1,false_negative,"(0.1, 0.2]",Q1_low
0.2272361080321075,0.1338343212325562,0.1685319313197655,0.2151982231123675,0.1400072729293885,0.1378612786371864,0.1704448558772286,0.0012228909555711,0.0648236077024136,0,1,0,1,false_negative,"(0.1, 0.2]",Q4_high
0.070846970485073,0.1078153192591888,0.0954331322809507,0.1195102366677133,0.0841897652974903,0.0908531031527958,0.0947747545238687,0.0002117562945973,0.0341077055389011,0,1,0,1,false_negative,"(-0.001, 0.1]",Q1_low
0.187548385259469,0.1789869909078678,0.1833062988514372,0.160256413742529,0.1937605728911435,0.170508628114255,0.1790612149611169,0.0001046995314739,0.0599532649582134,0,1,0,1,false_negative,"(0.1, 0.2]",Q1_low
0.2355337141097899,0.1791155297803857,0.1820996235855648,0.1813797633649105,0.2028223204277353,0.2116795784732926,0.1987717549569465,0.0003573241647873,0.0679600247450346,0,1,0,1,false_negative,"(0.1, 0.2]",Q2
0.1452860860409219,0.13200461388519,0.1292132564736678,0.1356236043004065,0.1282743980058343,0.124329179569022,0.1324551897125071,3.841356591988615e-05,0.0441748263166685,0,1,0,1,false_negative,"(0.1, 0.2]",Q1_low
0.2177615118711726,0.1835462155841489,0.1942841001415047,0.2226675065752098,0.1896335500043547,0.1755161988065654,0.197234847163826,0.00025624701089,0.0668433120061985,0,1,0,1,false_negative,"(0.1, 0.2]",Q1_low
0.2781794867873292,0.1470031305680114,0.1679585618225439,0.1435947394401167,0.1543696419514867,0.1666574456207171,0.1762938343650341,0.0018501241823894,0.0703363804302462,0,1,0,1,false_negative,"(0.1, 0.2]",Q4_high
0.1183773240449636,0.1176036490012788,0.1169542470111805,0.1250545936236269,0.1178521151212083,0.1019722726738509,0.1163023669126848,4.15397889487305e-05,0.0389194455826702,0,1,0,1,false_negative,"(0.1, 0.2]",Q1_low
0.1779392842926584,0.141929403207312,0.1694078482130726,0.2257426001701719,0.1499400691336032,0.1539317096464363,0.1698151524438758,0.0006598520751978,0.06088492292211,0,1,0,1,false_negative,"(0.1, 0.2]",Q3
0.1840506053523051,0.1506467564038766,0.1381152173230487,0.1454813465837909,0.1597072477367766,0.1652146924176883,0.1572026443029144,0.0001908539029915,0.0535106202717698,0,1,0,1,false_negative,"(0.1, 0.2]",Q1_low
0.223911845438032,0.1412924521786398,0.1766981510432138,0.1887052934246005,0.1292757810329482,0.1601454134567156,0.1700048227623583,0.0008401340509727,0.0621696708364263,0,1,0,1,false_negative,"(0.1, 0.2]",Q3
0.1137611583239743,0.140403753298213,0.1450317147510242,0.1745060499758127,0.1235037174986471,0.1087046108989759,0.1343185007911078,0.0004232110833256,0.0482822853299595,0,1,0,1,false_negative,"(0.1, 0.2]",Q2
0.0929466781259475,0.1820564921005639,0.1493935349182165,0.1553495979205477,0.19249390788717,0.1739075109701382,0.1576912869870973,0.0009048645908097,0.0589950067829013,0,1,0,1,false_negative,"(0.1, 0.2]",Q3
0.0861535248440236,0.1336928745229733,0.1397636385732177,0.1346039702820535,0.1241721348057354,0.1616419811977338,0.1300046873709562,0.0004411221059148,0.0471384032730601,0,1,0,1,false_negative,"(0.1, 0.2]",Q2
0.1227541473636809,0.1519083163241414,0.1518682630346151,0.1378859020029066,0.1511817166359042,0.1613292559870789,0.1461546002247212,0.0001338922618515,0.0494899448028223,0,1,0,1,false_negative,"(0.1, 0.2]",Q1_low
0.1999086750015511,0.1486266538361398,0.1609556622694276,0.1858859783735673,0.16323265084308,0.1258231633742745,0.1640721306163401,0.0004960093166782,0.0579704334593932,0,1,0,1,false_negative,"(0.1, 0.2]",Q2
0.1978564870584318,0.148565809124926,0.1701023653700645,0.1816906557669885,0.1486664704205146,0.123535687327448,0.1617362458447289,0.0005109149086651,0.0573594050474382,0,1,0,1,false_negative,"(0.1, 0.2]",Q2
0.1925443512098737,0.1560833327814749,0.15074780247766,0.1557032871914388,0.2036380396288757,0.1651484132842686,0.170644204428932,0.0003470757303102,0.0589549649624525,0,1,0,1,false_negative,"(0.1, 0.2]",Q2
0.2610662317819385,0.1451227165150641,0.1683221883094305,0.1935843365569629,0.1451253841149746,0.2026125347115611,0.185972231998322,0.0013746606504491,0.0702133845700333,0,1,0,1,false_negative,"(0.1, 0.2]",Q4_high
0.1487497445927284,0.1725437372795481,0.1715650869609792,0.2338834064886558,0.1745661223099534,0.1688724710804727,0.1783634281187229,0.0005920031844347,0.0630439993911145,0,1,0,1,false_negative,"(0.1, 0.2]",Q3
0.2023313810224629,0.1490758690667678,0.2127390602885132,0.2291167185431158,0.1593642761562637,0.1687658631691377,0.1868988613743769,0.0007436805372395,0.0666406371838167,0,1,0,1,false_negative,"(0.1, 0.2]",Q3
0.1620004504863308,0.1523273120057233,0.1236457695647575,0.1435066566274887,0.1715070859705396,0.1555626814847268,0.1514249926899278,0.0001953501014686,0.0516950854869622,0,1,0,1,false_negative,"(0.1, 0.2]",Q1_low
0.0867268617861376,0.134545261563804,0.1199401247539872,0.1283010469008425,0.1103974174486798,0.1182548283880008,0.1163609234735753,0.0002004821818675,0.0406355253734667,0,1,0,1,false_negative,"(0.1, 0.2]",Q1_low
0.1968561123218423,0.1637175491681945,0.1563979535258956,0.1662890149875118,0.1633514075555368,0.1617223287486055,0.1680557277179311,0.0001499356414488,0.0566986112333989,0,1,0,1,false_negative,"(0.1, 0.2]",Q1_low
0.1730025910300704,0.126793202933607,0.1296353440268093,0.1438449819725793,0.117660853760265,0.1108535125515594,0.1336317477124817,0.0003558611207686,0.0474778659598828,0,1,0,1,false_negative,"(0.1, 0.2]",Q2
0.1784594288306049,0.1563075675877034,0.2034960819576526,0.2018702311123875,0.1469088813809647,0.1764567531835839,0.1772498240088162,0.000379467644425,0.0612668406454337,0,1,0,1,false_negative,"(0.1, 0.2]",Q2
0.2255506933834169,0.1712112105862744,0.1689700863691476,0.1517119023391552,0.194053367221705,0.2405221638080156,0.1920032372846191,0.0008671353087785,0.0689531819925245,0,1,0,1,false_negative,"(0.1, 0.2]",Q3
0.1935965582008457,0.1833953962662301,0.1966652615707793,0.1748742810760487,0.2007125434963083,0.1751588341142292,0.1874004791207402,8.917754947778606e-05,0.0625740322344509,0,1,0,1,false_negative,"(0.1, 0.2]",Q1_low
0.1378075661601553,0.1212751186287343,0.1283351398999135,0.1785933198847363,0.0930464689625673,0.0840195574619709,0.1238461951663463,0.000821958972772,0.0487298742611246,0,1,0,1,false_negative,"(0.1, 0.2]",Q3
0.2150315494917772,0.1441284005100526,0.1647044718053792,0.1640386097679858,0.1616309178045193,0.1874776314608756,0.1728352634734316,0.0004411482466644,0.0603042311128214,0,1,0,1,false_negative,"(0.1, 0.2]",Q2
0.128254309411248,0.1405312243895142,0.1502772211538842,0.2110027452685708,0.1359694996438931,0.1436088021785844,0.1516073003409491,0.0006437352023046,0.0552804154578967,0,1,0,1,false_negative,"(0.1, 0.2]",Q3
0.1453868532376508,0.1272658983487351,0.128903904217424,0.1589092731742516,0.1168346931181796,0.1057302621215947,0.1305051473696393,0.0002631417863733,0.0456680961129741,0,1,0,1,false_negative,"(0.1, 0.2]",Q1_low
0.1549956436091085,0.1666996287869114,0.1547517080422319,0.1504049236423059,0.1743062229915152,0.1651593790032974,0.1610529176792284,5.916772310009364e-05,0.0537276559906766,0,1,0,1,false_negative,"(0.1, 0.2]",Q1_low
0.1802743777957221,0.126287335119721,0.1621201377423923,0.1568088015274973,0.1447130602464344,0.1379123504604553,0.1513526771487037,0.0002621672191878,0.0522134680317622,0,1,0,1,false_negative,"(0.1, 0.2]",Q1_low
0.1291059005247041,0.180253571046608,0.124399256207341,0.1287607507348602,0.1963154709611588,0.1402206890122841,0.1498426064144927,0.000671279269049,0.0549653630939351,0,1,0,1,false_negative,"(0.1, 0.2]",Q3
0.1788521012168105,0.1921987859208964,0.1825517904412694,0.2136432046879057,0.1810003662304811,0.1981662629815237,0.1910687519131478,0.0001263450193584,0.0640176172452778,0,1,0,1,false_negative,"(0.1, 0.2]",Q1_low
0.1720050321051726,0.1310352404772984,0.1472762570119699,0.1508838820782747,0.1114671021315718,0.1313113812390885,0.140663149173896,0.0003090102220475,0.0492442196292278,0,1,0,1,false_negative,"(0.1, 0.2]",Q2
0.1696851079396536,0.2066404435803938,0.1581693787531222,0.1573721379768,0.2345299118343981,0.2076274940751867,0.1890040790265924,0.0007221507821401,0.0671508371275995,0,1,0,1,false_negative,"(0.1, 0.2]",Q3
0.109096009004027,0.1245238216249311,0.1497424794908662,0.2016322899766936,0.117308764674267,0.1136539395195267,0.1359928840483853,0.0008858127178468,0.0526460701975982,0,1,0,1,false_negative,"(0.1, 0.2]",Q3
0.1716432959363943,0.1522058827943405,0.1555877548516833,0.1728121719935829,0.1484163497564911,0.1715458543306453,0.1620352182771895,8.893846947051332e-05,0.0542803396002049,0,1,0,1,false_negative,"(0.1, 0.2]",Q1_low
0.2069892277260996,0.1307901014850392,0.1681282603789006,0.2018211152563489,0.118957547490901,0.1363685126061128,0.160509127490567,0.0010168078330315,0.0605967510032969,0,1,0,1,false_negative,"(0.1, 0.2]",Q3
0.1981837674081081,0.1899538090499415,0.1780365039360183,0.1917641297094245,0.2022215347622366,0.1864651035182002,0.1911041413973215,5.253717286119753e-05,0.063547114659298,0,1,0,1,false_negative,"(0.1, 0.2]",Q1_low
0.1776562664972701,0.1054144942713524,0.1302128312651816,0.179262120899836,0.0971509640438096,0.0988020395414242,0.1314164527531457,0.0010489575072434,0.0526947885116596,0,1,0,1,false_negative,"(0.1, 0.2]",Q4_high
0.13766192565888,0.1725640178298575,0.1689056785506184,0.163166384205338,0.1517921162289449,0.1790261160313928,0.1621860397508386,0.0001638387195952,0.0549052199940945,0,1,0,1,false_negative,"(0.1, 0.2]",Q1_low
0.1838796254455006,0.1619694597338005,0.1550701463879253,0.1767203713629087,0.1491111174050797,0.1310047965427643,0.1596259194796632,0.0002623485040698,0.054839075727669,0,1,0,1,false_negative,"(0.1, 0.2]",Q1_low
0.2054910322742636,0.1836783448971601,0.161496707817734,0.2269871710649063,0.2001222807998497,0.2195319187341105,0.199551242598004,0.0004125230392124,0.0685445677995009,0,1,0,1,false_negative,"(0.1, 0.2]",Q2
0.2831344263397846,0.1513371026340781,0.1754640672623516,0.177043789317377,0.166304259302792,0.2230507412351513,0.1960557310152557,0.0017116865846831,0.0750251730652038,0,1,0,1,false_negative,"(0.1, 0.2]",Q4_high
0.2275473394158404,0.1885808804865685,0.201935223503569,0.1998969750348873,0.1838040408568749,0.181068759174515,0.1971388697453758,0.0002092274967514,0.0665189972619761,0,1,0,1,false_negative,"(0.1, 0.2]",Q1_low
0.1443556234332993,0.228713465182026,0.1510772461722354,0.1307887750382026,0.1858011186815308,0.19969453354918,0.1734051270094123,0.0010089095933137,0.0642920737340078,0,1,0,1,false_negative,"(0.1, 0.2]",Q3
0.1327063968727189,0.1184713602805453,0.112336295404439,0.1191775552003216,0.0984828064701382,0.1078111243909853,0.1148309231031914,9.63486020969016e-05,0.0390399794719818,0,1,0,1,false_negative,"(0.1, 0.2]",Q1_low
0.1198796141976076,0.1177331490582461,0.1250393489034808,0.1219808939322963,0.1022485963268818,0.1172148512831088,0.1173494089502702,4.502681033418858e-05,0.039299277956022,0,1,0,1,false_negative,"(0.1, 0.2]",Q1_low
0.1540974555083297,0.1606721768267004,0.1732095930001433,0.2105989653111723,0.2054818296387846,0.1800916844880257,0.180691950795526,0.000381910305352,0.0623709858441169,0,1,0,1,false_negative,"(0.1, 0.2]",Q2
0.1621935319590104,0.1444148322975077,0.1720248434445045,0.1595980649760564,0.1379974050281112,0.1517589475699659,0.154664604212526,0.0001105282696851,0.0520514048555886,0,1,0,1,false_negative,"(0.1, 0.2]",Q1_low
0.2155280120470343,0.1571520663722624,0.146896364661433,0.1682848867538495,0.2060444042451985,0.1346330408622392,0.1714231291570028,0.0007589225650315,0.0620462986813367,0,1,0,1,false_negative,"(0.1, 0.2]",Q3
0.2678505647007074,0.1415006160184592,0.2072748958237237,0.185538664656209,0.1291256911470972,0.2110482073463196,0.190389773282086,0.0018398604544459,0.0741503616857486,0,1,0,1,false_negative,"(0.1, 0.2]",Q4_high
0.1486040397260885,0.151796176652122,0.1697973667653495,0.1453029642469202,0.1449616663811462,0.1192929569375638,0.146625861784865,0.0001884530397833,0.0501031394019638,0,1,0,1,false_negative,"(0.1, 0.2]",Q1_low
0.1782192505506175,0.1363810342346967,0.1849817565650804,0.1761025039881049,0.1175136840178452,0.1484957455373785,0.1569489958156205,0.0005221083696414,0.0559748362146137,0,1,0,1,false_negative,"(0.1, 0.2]",Q2
0.2052858474395159,0.1532946045870034,0.2057639705420757,0.2655212718340608,0.1669909874702191,0.1489555973647524,0.1909687132062712,0.0013916193806682,0.0717533761009885,0,1,0,1,false_negative,"(0.1, 0.2]",Q4_high
0.0946199603302207,0.1622699022361487,0.1379292590534945,0.1321315469484724,0.1311729083661534,0.1251659571402679,0.1305482556791263,0.0003404929453662,0.0463926912470844,0,1,0,1,false_negative,"(0.1, 0.2]",Q2
0.2838946936147303,0.1521432496881917,0.2007519505409484,0.21907682549452,0.1306907569861801,0.1620977310509943,0.1914425345625942,0.0022134358197196,0.0765063282290248,0,1,0,1,false_negative,"(0.1, 0.2]",Q4_high
0.1443252763956495,0.1346104492543165,0.1324810499488747,0.1396839685174292,0.1565526841424586,0.1182022677144774,0.1376426159955343,0.0001171683839932,0.0465956963357575,0,1,0,1,false_negative,"(0.1, 0.2]",Q1_low
0.1599269861042761,0.1131518048376332,0.1221115813258547,0.1286760738456268,0.0905770215152882,0.1152862399244027,0.1216216179255136,0.0003704211940296,0.0439560426426537,0,1,0,1,false_negative,"(0.1, 0.2]",Q2
0.1317447832003865,0.1019646879995877,0.1100228523611971,0.1387531318507846,0.0806801051662188,0.0955765472354755,0.109790351302275,0.0003473676365843,0.0401748044418592,0,1,0,1,false_negative,"(0.1, 0.2]",Q2
0.162349302887281,0.2024857363824459,0.1917651047370937,0.2153514839487811,0.2282456060561019,0.1677565585036402,0.194658965419224,0.0004847899023578,0.0674390358485469,0,1,0,1,false_negative,"(0.1, 0.2]",Q2
0.1790045339049837,0.1990080789487278,0.1705127518735649,0.1680795828103998,0.2263354368341843,0.1862586404208564,0.1881998374654528,0.0003395887886896,0.0644759261513654,0,1,0,1,false_negative,"(0.1, 0.2]",Q2
0.1669805429354978,0.1578476568403311,0.1764441149506495,0.1618620478048476,0.1418808781814762,0.1367946220684178,0.1569683104635367,0.0001626974272911,0.0532134642686319,0,1,0,1,false_negative,"(0.1, 0.2]",Q1_low
0.1443347899843278,0.1688365470093827,0.1736493410171057,0.1847054933034565,0.1692389862685789,0.1421562449251208,0.1638202337513287,0.0002051918034867,0.0557449429680081,0,1,0,1,false_negative,"(0.1, 0.2]",Q1_low
0.1897817176597693,0.1493115375327404,0.1498596363044935,0.1577879451705698,0.1442244695384392,0.1448691975261245,0.1559724172886895,0.0002127705869991,0.0532891032564938,0,1,0,1,false_negative,"(0.1, 0.2]",Q1_low
0.1389584357608199,0.1431365889015618,0.1337638704652801,0.1322465412987592,0.1442329104795766,0.1110639840614037,0.1339003884945669,0.0001059867808329,0.0452841468597523,0,1,0,1,false_negative,"(0.1, 0.2]",Q1_low
0.144088866545831,0.107642972924476,0.1215018460294056,0.1464737996443144,0.0840121455514309,0.1043498205690154,0.1180115752107456,0.0004217740005556,0.0433753374395522,0,1,0,1,false_negative,"(0.1, 0.2]",Q2
0.1937542696291081,0.1500060086450852,0.177043227369628,0.2126324875756412,0.1684232359704179,0.1629249873771672,0.1774640360945079,0.0003642045777253,0.0612303423321941,0,1,0,1,false_negative,"(0.1, 0.2]",Q2
0.1734599903336036,0.1338729957201833,0.1552327055123603,0.164105272766406,0.126676058487695,0.124466997417029,0.1463023367062128,0.0003072422179791,0.0509913499878333,0,1,0,1,false_negative,"(0.1, 0.2]",Q2
0.1517058090296402,0.1362521264896371,0.152563442804583,0.1340573861835782,0.1287038907711674,0.1306887288744573,0.1389952306921772,7.892453721066687e-05,0.0466877852892856,0,1,0,1,false_negative,"(0.1, 0.2]",Q1_low
0.1093000212750246,0.1027769841894381,0.1178983885819575,0.1188959474920143,0.0924331126809828,0.1204691331748451,0.1102955978990437,8.740833748449865e-05,0.0374824505235842,0,1,0,1,false_negative,"(0.1, 0.2]",Q1_low
0.2148936156440432,0.2126023540900722,0.1810234761983878,0.2055529500202956,0.1746377143840226,0.1710210247962091,0.1932885225221717,0.0002834779687144,0.0657446999776387,0,1,0,1,false_negative,"(0.1, 0.2]",Q2
0.1214627120642579,0.1402472752290424,0.1493814988302851,0.1316396105475279,0.1227382656565667,0.1232518548701939,0.1314535361996456,9.168805686269493e-05,0.0443575805980365,0,1,0,1,false_negative,"(0.1, 0.2]",Q1_low
0.1451359368774455,0.2274372378692057,0.1833768686087869,0.1890185014314605,0.216153243732514,0.2386315008297284,0.1999588815581901,0.000844728463907,0.0712423149052724,0,1,0,1,false_negative,"(0.1, 0.2]",Q3
0.1906329224494297,0.1797262053238076,0.168401987632491,0.1618142128938519,0.1926563056027216,0.142894108747823,0.1726876237750208,0.0002563678439544,0.058960310460619,0,1,0,1,false_negative,"(0.1, 0.2]",Q1_low
0.1589701507598279,0.1545724447144554,0.1528943773557543,0.1798516312302868,0.1196816208433995,0.1675181863953507,0.1555814018831791,0.0002914352642976,0.0537827212797187,0,1,0,1,false_negative,"(0.1, 0.2]",Q2
0.1728096004793482,0.1633679948981216,0.1841475573330297,0.2030730605713731,0.1777429542807073,0.1827824486629947,0.1806539360375957,0.0001268806109757,0.060626345139933,0,1,0,1,false_negative,"(0.1, 0.2]",Q1_low
0.1900560365288257,0.178189176735933,0.1703128411507979,0.1775837752065937,0.1855325937551493,0.2065674399807229,0.1847069772263371,0.0001153695419311,0.0618692075244144,0,1,0,1,false_negative,"(0.1, 0.2]",Q1_low
0.1826005695619337,0.1447316000649598,0.1445530867276453,0.143541839578238,0.1535159542148753,0.1267268541397937,0.149278317381241,0.0002446865959037,0.0514143114660861,0,1,0,1,false_negative,"(0.1, 0.2]",Q1_low
0.1564695741419795,0.1319146428508665,0.144986053598801,0.1279768626977712,0.1169928087421352,0.1104226474460244,0.1314604315795963,0.0002103773849375,0.045477874194356,0,1,0,1,false_negative,"(0.1, 0.2]",Q1_low
0.230800709000897,0.1784349616164535,0.1719678899111867,0.1944297868061657,0.2020098329362054,0.1745256165779805,0.1920281328081481,0.0003574629523591,0.0658100302377136,0,1,0,1,false_negative,"(0.1, 0.2]",Q2
0.1420001141878189,0.1500483409089245,0.1556304480450344,0.1940800735794192,0.1433768517664421,0.1432825498085657,0.1547363963827008,0.0002847349810342,0.0534632421777548,0,1,0,1,false_negative,"(0.1, 0.2]",Q2
0.224637964680073,0.176305784071762,0.1977058168844924,0.2192523399372627,0.173533990548738,0.1730850600043639,0.1940868260211153,0.0003942044190676,0.0666958194329518,0,1,0,1,false_negative,"(0.1, 0.2]",Q2
0.2099478857798562,0.1666543738689923,0.1516738103058257,0.1730836433158373,0.1944242316595564,0.2237064741445804,0.1865817365124414,0.0005405127742698,0.0652576712287872,0,1,0,1,false_negative,"(0.1, 0.2]",Q3
0.1748993730100566,0.1406272442037626,0.1358741805474517,0.1235469222150286,0.1448580608560394,0.1535631827979893,0.1455614939383881,0.0002182950314959,0.0500151602084298,0,1,0,1,false_negative,"(0.1, 0.2]",Q1_low
0.1528383053395579,0.1440481213118157,0.125797595498652,0.139358687471626,0.1514340951936484,0.1433817041103325,0.1428097514876054,6.830502579721508e-05,0.0478361338991491,0,1,0,1,false_negative,"(0.1, 0.2]",Q1_low
0.1879455283556677,0.1221614867082952,0.1235111543508087,0.1338467586446903,0.1005544029725317,0.117288885805064,0.1308847028061763,0.0006428498044314,0.049171284010821,0,1,0,1,false_negative,"(0.1, 0.2]",Q3
0.1536395308347721,0.1111204243084858,0.1176195922025316,0.1186571103320748,0.0893544636661776,0.0980058184441265,0.1147328232980281,0.0003534812300327,0.0417158142459907,0,1,0,1,false_negative,"(0.1, 0.2]",Q2
0.1820175919113516,0.1613835063527257,0.1792363250368385,0.1907331072455312,0.1423690173406507,0.1496862602910673,0.1675709680296941,0.0002677937085955,0.0574087472438276,0,1,0,1,false_negative,"(0.1, 0.2]",Q1_low
0.0958757645104907,0.1025029689961802,0.1024313706177945,0.1530252563419987,0.0764812120914008,0.0618938887831859,0.0987017435568418,0.0006908514033413,0.0406837312870938,0,1,0,1,false_negative,"(-0.001, 0.1]",Q3
0.1995192366663687,0.170708523158553,0.1767904069951399,0.1861285765217891,0.1760874063980754,0.1712456302586957,0.1800799633331037,8.672887040379567e-05,0.060161211536824,0,1,0,1,false_negative,"(0.1, 0.2]",Q1_low
0.2016413802961346,0.1721984128656295,0.1894100667277489,0.1793697064617846,0.1627736624757323,0.189887575620445,0.1825468007412458,0.000139107774394,0.0613262281446135,0,1,0,1,false_negative,"(0.1, 0.2]",Q1_low
0.1839134533313627,0.1571905231465297,0.1650981349955388,0.1749785700722155,0.179032529764545,0.1604997532320584,0.1701188274237084,8.260541202984882e-05,0.0568732308304104,0,1,0,1,false_negative,"(0.1, 0.2]",Q1_low
0.2019156170495719,0.1515461467748009,0.1500128547124714,0.187230998001324,0.1527451372179321,0.1525706067617336,0.1660035600863056,0.0003658899179654,0.0576276707431035,0,1,0,1,false_negative,"(0.1, 0.2]",Q2
0.2094637554870742,0.1605042248946285,0.1758747259702567,0.1888611318709931,0.1526762184853312,0.1879743502706193,0.1792257344964838,0.000307188293471,0.0614010214265323,0,1,0,1,false_negative,"(0.1, 0.2]",Q2
0.1286055868783076,0.155964114570002,0.1529569642902545,0.1280631247443854,0.0940900212901993,0.1256566829733211,0.1308894157910783,0.0003586425627962,0.0466623447682933,0,1,0,1,false_negative,"(0.1, 0.2]",Q2
0.131167579841349,0.1278448321081385,0.1553927651229495,0.1812728267087525,0.1084372819662641,0.1299143126831053,0.1390049330717598,0.0004654469291686,0.0500651688704982,0,1,0,1,false_negative,"(0.1, 0.2]",Q2
0.1073296095909011,0.1422092562451289,0.1282223264809706,0.1284928841965721,0.1197091617946602,0.1091946299867106,0.1225263113824906,0.0001245818147992,0.0418053273812258,0,1,0,1,false_negative,"(0.1, 0.2]",Q1_low
0.1734210620799863,0.1362494037479439,0.168676104999602,0.1799078170679109,0.128463166875538,0.1644811619226954,0.1585331194489461,0.0003167934189211,0.0549100503403999,0,1,0,1,false_negative,"(0.1, 0.2]",Q2
0.1885135513644999,0.1359787696730934,0.1573413788893317,0.1624730845804301,0.137752757685787,0.1342524520491788,0.1527186657070535,0.0003204279389913,0.0531096337640346,0,1,0,1,false_negative,"(0.1, 0.2]",Q2
0.209332628815796,0.1923033213199924,0.1776136810318171,0.172126160246054,0.2153916216312729,0.173052886276075,0.1899700498868346,0.0002548406573922,0.0644949248372451,0,1,0,1,false_negative,"(0.1, 0.2]",Q1_low
0.1538764545125424,0.1390639260031988,0.1692732392604586,0.1769918480889692,0.1249766222150227,0.1203054927378108,0.1474145971363337,0.0003860670826299,0.0519827911992795,0,1,0,1,false_negative,"(0.1, 0.2]",Q2
0.0842884260406861,0.1008851531179027,0.0832161982878681,0.1127208314700338,0.0711687411923235,0.0663451232261949,0.0864374122225015,0.0002216260138976,0.0317320789283201,0,1,0,1,false_negative,"(-0.001, 0.1]",Q1_low
0.1802566128519854,0.1586266277300818,0.1911718476144338,0.2417423684277073,0.1584716469494272,0.1538022026061861,0.1806785510299703,0.0007915498735547,0.0650531183455107,0,1,0,1,false_negative,"(0.1, 0.2]",Q3
0.1804554354135348,0.1352176709046861,0.1468333108064275,0.1486849685610622,0.1536419200043005,0.1515558066590151,0.1527315187248377,0.0001612464251796,0.0518371270991533,0,1,0,1,false_negative,"(0.1, 0.2]",Q1_low
0.1984617150959597,0.1822460067018192,0.2012007989751683,0.1712966884160137,0.1924217281014394,0.1878869092322364,0.1889189744204394,8.718785972733645e-05,0.0630580864975281,0,1,0,1,false_negative,"(0.1, 0.2]",Q1_low
0.1332996314889001,0.1165088453964906,0.0954447889392151,0.1389912083139893,0.1084356430267652,0.0937309261684379,0.114401840555633,0.0002554935712651,0.0406035250355458,0,1,0,1,false_negative,"(0.1, 0.2]",Q1_low
0.206608370374472,0.1675206260539695,0.1684785741120093,0.1465979601514785,0.17230778598449,0.205663212087123,0.1778627547939237,0.0004003633396097,0.0616023855162758,0,1,0,1,false_negative,"(0.1, 0.2]",Q2
0.0965788385998773,0.1067169660965011,0.1030762996611381,0.1249224660992314,0.0919859853858784,0.0955145519092007,0.1031325179586378,0.000101840368169,0.0353576159340891,0,1,0,1,false_negative,"(0.1, 0.2]",Q1_low
0.1011947423119265,0.1266526471058137,0.1067707674733925,0.1337637732295438,0.116868255176197,0.1039623086429571,0.1148687489899717,0.0001244837750177,0.0393571023210537,0,1,0,1,false_negative,"(0.1, 0.2]",Q1_low
0.098851546426278,0.1358868659903293,0.125191047290778,0.1519830231756959,0.1238788323636925,0.1305557529439268,0.1277245113651167,0.0002168530212466,0.0443620033334012,0,1,0,1,false_negative,"(0.1, 0.2]",Q1_low
0.1895671827579529,0.1908585315743217,0.2007030484271009,0.2204413491595147,0.1956314236976002,0.1769046361047822,0.1956843619535454,0.0001502121507157,0.0656752315629112,0,1,0,1,false_negative,"(0.1, 0.2]",Q1_low
0.173837182614949,0.1444712918876002,0.1504525024083905,0.1450040953403579,0.1308002911876896,0.1711144054482711,0.152613294814543,0.000199630398199,0.0521099765527308,0,1,0,1,false_negative,"(0.1, 0.2]",Q1_low
0.1688735461992554,0.1516741555474728,0.1416315105733144,0.1257454300270829,0.1783247647677326,0.149010226203654,0.152543272219752,0.0002545416960858,0.0525293574305681,0,1,0,1,false_negative,"(0.1, 0.2]",Q1_low
0.1931801474018811,0.2107601254298134,0.2055874698263643,0.1677263976090087,0.2130953315007282,0.2004350415915947,0.1984640855598984,0.0001989455269106,0.0668842761993027,0,1,0,1,false_negative,"(0.1, 0.2]",Q1_low
0.2320139939230278,0.1865637835385175,0.1615191392701001,0.1664741911455143,0.1966957772898084,0.1931956915808753,0.1894104294579739,0.0004563666709655,0.0656079738008373,0,1,0,1,false_negative,"(0.1, 0.2]",Q2
0.1999787508484787,0.1769377324504087,0.1936823890558001,0.1881091184661229,0.1713646957873386,0.192258810504508,0.1870552495187762,8.395445425432243e-05,0.0624261195440475,0,1,0,1,false_negative,"(0.1, 0.2]",Q1_low
0.1476184694068174,0.1205861576171179,0.13543021190131,0.1417190238038317,0.1109945801615268,0.0995494379533798,0.1259829801406639,0.0002510682333923,0.0441445453830682,0,1,0,1,false_negative,"(0.1, 0.2]",Q1_low
0.1915663767100976,0.1750982967817539,0.1675906971639791,0.1794180815552237,0.1684038669244164,0.1701050976339504,0.1753637361282368,5.9363847085814186e-05,0.0584227235359646,0,1,0,1,false_negative,"(0.1, 0.2]",Q1_low
0.2047002164256885,0.1886112265766207,0.1658339315188301,0.1723925429106556,0.1820516836022151,0.1533231017672129,0.1778187838002038,0.0002328749849248,0.060440865240336,0,1,0,1,false_negative,"(0.1, 0.2]",Q1_low
0.15937016734944,0.1339473280460633,0.1302188156900754,0.1511666195476451,0.1193213979524053,0.1419674278151738,0.1393319594001338,0.0001515715521351,0.0474483715227345,0,1,0,1,false_negative,"(0.1, 0.2]",Q1_low
0.2132837769156993,0.1521246800039291,0.1559630339129724,0.1519880258143593,0.1411294287339889,0.1802638768283568,0.1657921370348843,0.0005067286326309,0.0585784286024717,0,1,0,1,false_negative,"(0.1, 0.2]",Q2
0.2139323575261953,0.1870425567696254,0.168666576373839,0.1730624536418618,0.2128371796875092,0.1710004992669138,0.1877569372109907,0.0003108327810861,0.064148135471059,0,1,0,1,false_negative,"(0.1, 0.2]",Q2
0.1843414949048659,0.1448027533833419,0.1677527823802996,0.1790769607036454,0.1448909281827976,0.164385342900997,0.1642083770759912,0.0001983933430157,0.0558184768016936,0,1,0,1,false_negative,"(0.1, 0.2]",Q1_low
0.146768916965039,0.238378483176977,0.1502850551552669,0.1677401304766269,0.2786256675039048,0.2109419701377836,0.1987900372359331,0.0020159527623154,0.0774529733262263,0,1,0,1,false_negative,"(0.1, 0.2]",Q4_high
0.2355958713442266,0.1642791314869205,0.19548072570906,0.2178396778131316,0.1476427611756766,0.1959571802233075,0.1927992246253872,0.0007611774716795,0.0685538359722126,0,1,0,1,false_negative,"(0.1, 0.2]",Q3
0.1578904854223126,0.1879526077993154,0.1832815364538761,0.1630908782970584,0.1988102670252784,0.1896601032825225,0.1801143130467272,0.0001851181171555,0.0608517949710528,0,1,0,1,false_negative,"(0.1, 0.2]",Q1_low
0.1860049759627874,0.1868278822276071,0.1596586431033348,0.2093285204988343,0.1815779164348568,0.1758582833137125,0.1832093702568555,0.0001877794171124,0.0618710814861319,0,1,0,1,false_negative,"(0.1, 0.2]",Q1_low
0.1593426215527194,0.1615789912059725,0.1613858846130956,0.1440062114392774,0.1573443559643687,0.1468257214557027,0.1550806310385227,4.229431755274923e-05,0.0516337284926523,0,1,0,1,false_negative,"(0.1, 0.2]",Q1_low
0.1585821874981392,0.1464089320254677,0.1483013114098255,0.1453703744136829,0.1318143827130493,0.139938051900027,0.1450692066600319,5.6707403621707255e-05,0.0484729288474099,0,1,0,1,false_negative,"(0.1, 0.2]",Q1_low
0.135145724774801,0.1809705221769509,0.1690744798184129,0.1619071366612761,0.1913742795519872,0.1887159442967991,0.1711980145467045,0.0003142941210139,0.0588973142589151,0,1,0,1,false_negative,"(0.1, 0.2]",Q2
0.1941728901788735,0.1866951608457595,0.2459523664228556,0.237083281522358,0.1512887494332621,0.1838978564231119,0.1998483841377034,0.0009042415339203,0.0715551501721335,0,1,0,1,false_negative,"(0.1, 0.2]",Q3
0.1226557743466176,0.1220213376117021,0.1241414405199845,0.146371281887941,0.1109561151246695,0.1091194955765396,0.1225442408445757,0.00012643903463,0.0418299035789471,0,1,0,1,false_negative,"(0.1, 0.2]",Q1_low
0.2020956821945944,0.1366049593453004,0.1706852221330874,0.1642982189789524,0.1541370070983195,0.1842788546930409,0.1686833240738825,0.0003747799734609,0.0585344504109326,0,1,0,1,false_negative,"(0.1, 0.2]",Q2
0.2035367126015293,0.1561062963036672,0.1696578260969339,0.1967539703252782,0.1519019310388488,0.1485006898308987,0.171076237699526,0.0004023498311456,0.0594819592587894,0,1,0,1,false_negative,"(0.1, 0.2]",Q2
0.2472713520215883,0.1463834018171347,0.167763788873033,0.1713379032411094,0.1465521220650565,0.1710084965100411,0.1750528440879938,0.0009904326889799,0.06465633814846,0,1,0,1,false_negative,"(0.1, 0.2]",Q3
0.2242723302190146,0.1945599891262193,0.170582589107348,0.1987778124790535,0.1996383802361101,0.1861417160529454,0.1956621362034485,0.000223556852491,0.0661311258777002,0,1,0,1,false_negative,"(0.1, 0.2]",Q1_low
0.1642267644807328,0.1688615723416195,0.1350867401377122,0.1478970137540289,0.1579421037582855,0.1527231861665504,0.1544562301064882,0.000105190349156,0.0519405254642158,0,1,0,1,false_negative,"(0.1, 0.2]",Q1_low
0.1067149068302203,0.1192587295222403,0.1276340301687664,0.1438966515271705,0.0954551326912055,0.1124540766306382,0.1175689212283735,0.0002043288800027,0.0410532333607551,0,1,0,1,false_negative,"(0.1, 0.2]",Q1_low
0.2263186356324924,0.1316494570025699,0.1322206565373357,0.17123510373475,0.141820862418086,0.1416360597264265,0.1574801291752768,0.0009613501501864,0.0593351847719508,0,1,0,1,false_negative,"(0.1, 0.2]",Q3
0.2821454304089227,0.1504787387171435,0.1565987699027959,0.1606280065584175,0.1799979821031409,0.2091819846236345,0.1898384853856759,0.0017855569976655,0.0736904970760745,0,1,0,1,false_negative,"(0.1, 0.2]",Q4_high
0.1369085241418013,0.1484002410792069,0.1523119028296124,0.1617640376598513,0.1472727228469399,0.1163195590515979,0.143829497934835,0.0001758632877482,0.0491017615749952,0,1,0,1,false_negative,"(0.1, 0.2]",Q1_low
0.2039683230607708,0.1424112621450912,0.1794767150076851,0.2150015660322387,0.139564039277433,0.1458277359161301,0.1710416069065582,0.0007905815552911,0.0621452995668728,0,1,0,1,false_negative,"(0.1, 0.2]",Q3
0.1563587865062516,0.1247665644542775,0.1495577859684818,0.1737790224136858,0.1113919009156959,0.1190455000044649,0.1391499267104763,0.0004264599625744,0.0497793819470696,0,1,0,1,false_negative,"(0.1, 0.2]",Q2
0.1668733747153672,0.1615981409454076,0.1119167845312233,0.1280654816866481,0.1651837936443639,0.1442050718395726,0.1463071078937638,0.0003618551587034,0.0514423230513275,0,1,0,1,false_negative,"(0.1, 0.2]",Q2
0.153813790664591,0.1862153027076934,0.170703936920017,0.1916084428208425,0.1842287023708517,0.1567498252571247,0.1738866667901867,0.0001828193960468,0.0588229696280648,0,1,0,1,false_negative,"(0.1, 0.2]",Q1_low
0.2041679308358196,0.1882755112878131,0.1887812601303068,0.1870615536853103,0.2078987694051528,0.2181273511606513,0.1990520627508423,0.0001190998154805,0.0665781795925149,0,1,0,1,false_negative,"(0.1, 0.2]",Q1_low
0.2396019494903221,0.1454110274041126,0.1596190771433364,0.1796667995152345,0.1629099928864671,0.1891559874245257,0.1793941389773331,0.0007911400701034,0.0646622308684212,0,1,0,1,false_negative,"(0.1, 0.2]",Q3
0.0948358013487909,0.1025674853892288,0.0963555054487868,0.1061582553737974,0.0884721298940842,0.0802668293473272,0.0947760011336692,6.328802956708604e-05,0.0321951121631201,0,1,0,1,false_negative,"(-0.001, 0.1]",Q1_low
0.1761927516270947,0.1711208683234246,0.1836710551911826,0.1969296527771974,0.1920433299360578,0.1954126968341375,0.1858950591148491,8.107237096007363e-05,0.0620266974351281,0,1,0,1,false_negative,"(0.1, 0.2]",Q1_low
0.1974767772565837,0.2087893471119055,0.171965086140639,0.196528270159352,0.2124919146144296,0.2017370393559484,0.1981647391064763,0.0001457835314327,0.066455392126205,0,1,0,1,false_negative,"(0.1, 0.2]",Q1_low
0.2299668596915968,0.1746144926834651,0.1907632399074289,0.1531320158920523,0.1973851117508965,0.1703559225704148,0.1860362737493091,0.0005057224850321,0.0648642280711203,0,1,0,1,false_negative,"(0.1, 0.2]",Q2
0.1617261995671564,0.1900385514634423,0.1566925544089304,0.161602053590252,0.2138317650691712,0.1888209996165445,0.1787853539525828,0.0003614245602325,0.061629622726168,0,1,0,1,false_negative,"(0.1, 0.2]",Q2
0.091792844055653,0.1106591344691021,0.1147668270425748,0.1311646387221431,0.0843456341039808,0.1024607467383234,0.1058649708552962,0.0002021422273182,0.0373899213954865,0,1,0,1,false_negative,"(0.1, 0.2]",Q1_low
0.181581741744898,0.1335793642994396,0.1484998220515756,0.1561433550257715,0.1287721339182489,0.1205329093421171,0.1448515543970084,0.0003524182586806,0.0509128275982549,0,1,0,1,false_negative,"(0.1, 0.2]",Q2
0.1311500161645165,0.103915610136278,0.1283838934317918,0.1266693792692299,0.0772042510406614,0.0922373973347856,0.1099267578962105,0.0003558882490739,0.0403055071986814,0,1,0,1,false_negative,"(0.1, 0.2]",Q2
0.1877837857866991,0.154545206401282,0.120295088810247,0.1927374612135006,0.1523325812754657,0.1288299708745689,0.1560873490602939,0.0006269174094941,0.0564970955551925,0,1,0,1,false_negative,"(0.1, 0.2]",Q3
0.1792900606356558,0.1797539235966491,0.146765132769521,0.1396032348997634,0.1648004740094399,0.1784617487654544,0.1647790957794139,0.0002257651219047,0.0562065717409928,0,1,0,1,false_negative,"(0.1, 0.2]",Q1_low
0.2082167248645697,0.1478229450013216,0.1460957694119497,0.1487936639807293,0.1517092294894456,0.1505668361425257,0.1588675281484236,0.0004202956173402,0.055800318246232,0,1,0,1,false_negative,"(0.1, 0.2]",Q2
0.2006204899728529,0.1653963909517422,0.1970144126488173,0.1774432539507812,0.1581575984866097,0.1747453262132935,0.1788962453706828,0.0002045556638408,0.0605921505032688,0,1,0,1,false_negative,"(0.1, 0.2]",Q1_low
0.1296333947933154,0.1076916075567349,0.1272598676811706,0.1517188224508486,0.1043787696290497,0.1078700106303071,0.121425412123571,0.0002402938397538,0.0426206532388594,0,1,0,1,false_negative,"(0.1, 0.2]",Q1_low
0.1714367352037336,0.1530893935220057,0.1835857957215739,0.1880884413340796,0.1548483623733938,0.1485751588871522,0.1666039811736565,0.0002027423787213,0.0566208854901146,0,1,0,1,false_negative,"(0.1, 0.2]",Q1_low
0.1361625041237827,0.1868900944725446,0.1859567456178935,0.2112924520276546,0.2037244476669406,0.1572034695532568,0.1802049522436788,0.0005808827148249,0.063539244333343,0,1,0,1,false_negative,"(0.1, 0.2]",Q3
0.1650333032178748,0.1972918446565084,0.1813261312912569,0.1757892504573764,0.1757576629092725,0.1789230162835056,0.1790202014692991,7.941374672251792e-05,0.0597633102841815,0,1,0,1,false_negative,"(0.1, 0.2]",Q1_low
0.0779780315871391,0.1080136319042438,0.1124806856646187,0.1230909727556444,0.0940495500761572,0.1008834748871271,0.1027493911458217,0.0001755684855243,0.0361164693334695,0,1,0,1,false_negative,"(0.1, 0.2]",Q1_low
0.1624554188500849,0.1625912314474625,0.1668229727625485,0.2210359729002103,0.1713576462733295,0.1501910991694327,0.1724090569005114,0.00044085557325,0.0601689480723003,0,1,0,1,false_negative,"(0.1, 0.2]",Q2
0.1363041459590476,0.2096507202008103,0.1751943554042085,0.190951183517009,0.2064850629358755,0.1989105818387108,0.1862493416426103,0.0005366083639426,0.0651290310045212,0,1,0,1,false_negative,"(0.1, 0.2]",Q3
0.1024317119878734,0.1381780730030215,0.1241552742795503,0.1457079209883584,0.1117375519668869,0.1290954644463383,0.1252176661120048,0.0001864145529597,0.0432776125783254,0,1,0,1,false_negative,"(0.1, 0.2]",Q1_low
0.2117685993408891,0.190307744727246,0.1938126326573873,0.2080336505102606,0.1884205137157993,0.1724369111719627,0.1941300086872575,0.0001460471968786,0.0651425221430033,0,1,0,1,false_negative,"(0.1, 0.2]",Q1_low
0.1259712296079926,0.1184936616094806,0.1343414576179157,0.1426381905227821,0.1177146013876847,0.106480896357374,0.1242733395172049,0.0001192157630673,0.042311310516493,0,1,0,1,false_negative,"(0.1, 0.2]",Q1_low
0.2065502747317239,0.1486779166565633,0.2375188606867723,0.2265010606225777,0.1506573167400834,0.1833650486569108,0.1922117463491053,0.0010191877267168,0.0699281633629483,0,1,0,1,false_negative,"(0.1, 0.2]",Q3
0.141533239542084,0.1188739442671384,0.1505399204442081,0.1808567264373014,0.1033047514798384,0.0977456791447669,0.1321423768858895,0.0007129340744767,0.0501311089224305,0,1,0,1,false_negative,"(0.1, 0.2]",Q3
0.1426732549543726,0.1390167982675642,0.1427901136174101,0.171159057569019,0.1356612312718355,0.145660159557149,0.1461601025395584,0.0001157093886838,0.0493366115263847,0,1,0,1,false_negative,"(0.1, 0.2]",Q1_low
0.2047197900429606,0.1797715467198526,0.1968942955637704,0.1968278878754765,0.1696887947689327,0.2121234702033951,0.193337630862398,0.0001786570218158,0.0650933845342254,0,1,0,1,false_negative,"(0.1, 0.2]",Q1_low
0.2302803766123714,0.1556679748387162,0.1495023695192542,0.2006719985836928,0.1761745527198149,0.1695727661982181,0.180311673078678,0.0006571970174454,0.0640718771623417,0,1,0,1,false_negative,"(0.1, 0.2]",Q3
0.1753631295518272,0.1559789280401254,0.1459750315675648,0.1329494475114018,0.1586465027756655,0.1269660774684933,0.149313186152513,0.0002269215642986,0.0512796572151782,0,1,0,1,false_negative,"(0.1, 0.2]",Q1_low
0.1621036146398523,0.1654190447659035,0.1483547060790475,0.1505025348205708,0.1856037374377706,0.1638688978842286,0.1626420892712289,0.0001268916976265,0.0547700107785665,0,1,0,1,false_negative,"(0.1, 0.2]",Q1_low
0.1508704537506764,0.1355431436094659,0.1402007684482158,0.143895470484431,0.1298777165339239,0.1318146356141994,0.1387003647401521,4.465311910577156e-05,0.0462801285694476,0,1,0,1,false_negative,"(0.1, 0.2]",Q1_low
0.1539258006855569,0.1654873183489499,0.1444733177503003,0.1627519482165124,0.1445498703087779,0.2033658275673534,0.1624256804795751,0.0003428079419981,0.0563323352611149,0,1,0,1,false_negative,"(0.1, 0.2]",Q2
0.236077144563139,0.1822936298532604,0.1892087144267418,0.164353207530849,0.1889979411312134,0.1751734526915577,0.1893506816994602,0.0004370252043255,0.0654661170371219,0,1,0,1,false_negative,"(0.1, 0.2]",Q2
0.1666592370109618,0.1487808754452851,0.1520408546581043,0.2058107312656513,0.1351575583990771,0.1537417519135112,0.1603651681154318,0.0004268139677573,0.0563143412693818,0,1,0,1,false_negative,"(0.1, 0.2]",Q2
0.2500205595197372,0.1717453228618915,0.1528275254538211,0.13449945865649,0.1819008660870764,0.1406336012374236,0.1719378889694066,0.0012775717033463,0.0656004266626821,0,1,0,1,false_negative,"(0.1, 0.2]",Q4_high
0.1384884863636365,0.1224928075386538,0.1306019049107183,0.1267396324969407,0.1200670176226857,0.1198731600431132,0.1263771681626247,3.741031263756026e-05,0.0421728434545815,0,1,0,1,false_negative,"(0.1, 0.2]",Q1_low
0.2240257288311769,0.1638372790162789,0.1743356583135762,0.1801728716512009,0.1742363214398524,0.1499733366615608,0.1777635326522743,0.0004480603978089,0.0618941661203657,0,1,0,1,false_negative,"(0.1, 0.2]",Q2
0.2069292843175268,0.2070284902070169,0.1860951652009218,0.1709377239307453,0.1773809613857058,0.2214689952892116,0.1949734367218547,0.0002794736590123,0.0662606948533238,0,1,0,1,false_negative,"(0.1, 0.2]",Q2
0.1945291764637731,0.1845341360347156,0.2049420572098018,0.2035936790567077,0.2002171052502074,0.1667654525542502,0.192430267761576,0.0001524626455185,0.0646303417196087,0,1,0,1,false_negative,"(0.1, 0.2]",Q1_low
0.1326359401415119,0.1165004591674242,0.1098658744660954,0.1588756577973216,0.0969308231194935,0.1009941285735192,0.1193004805442276,0.0003823435920885,0.0433737219246383,0,1,0,1,false_negative,"(0.1, 0.2]",Q2
0.1823865517330571,0.1577848195291211,0.1711816749894253,0.2130568163808609,0.1552740550939174,0.1631236993275322,0.1738012695089857,0.0003336231650633,0.0598592186326913,0,1,0,1,false_negative,"(0.1, 0.2]",Q2
0.111879060294187,0.1138009032695678,0.1058118158860227,0.1110676831309302,0.0995944274112398,0.0994131451337966,0.106927839187624,2.862671017283803e-05,0.0357060891095127,0,1,0,1,false_negative,"(0.1, 0.2]",Q1_low
0.1323846654612737,0.133903692520952,0.1629164195961137,0.1576981344465932,0.1399799368895038,0.1263834298856602,0.1422110464666827,0.0001556605086215,0.0484082762230318,0,1,0,1,false_negative,"(0.1, 0.2]",Q1_low
0.1284328936351343,0.1147816169918708,0.1145012829899775,0.1282588678945895,0.0993502864032239,0.0961192511032489,0.1135740331696741,0.0001351046493156,0.0390601687081539,0,1,0,1,false_negative,"(0.1, 0.2]",Q1_low
0.1960936201110447,0.1792251221342718,0.2235310886258068,0.2174772399746384,0.1785377639382072,0.2041302854404683,0.1998325200374062,0.0002547914200834,0.0676719116220197,0,1,0,1,false_negative,"(0.1, 0.2]",Q1_low
0.2424314499096294,0.1981640668546463,0.1434623727080781,0.1616255914399959,0.2053810178568281,0.1989014270231941,0.191660987632062,0.0008694035108861,0.0688631564919127,0,1,0,1,false_negative,"(0.1, 0.2]",Q3
0.1826745325918538,0.169011635276312,0.2067136542572793,0.2204668588052055,0.1686377093488661,0.1604303527431728,0.1846557905037815,0.0004087282429329,0.0638011609987568,0,1,0,1,false_negative,"(0.1, 0.2]",Q2
0.2152565640176128,0.1693407940058925,0.1660487465624048,0.2063234005380444,0.1709081278390404,0.1861569431610948,0.1856724293540149,0.000310244889563,0.063478304588749,0,1,0,1,false_negative,"(0.1, 0.2]",Q2
0.1089682250414443,0.1598852348680217,0.1376976343362755,0.1218544211804501,0.1429937490472505,0.1593229526389072,0.1384537028520583,0.0002944213377151,0.0484289918966358,0,1,0,1,false_negative,"(0.1, 0.2]",Q2
0.2240450210710404,0.1238465171220905,0.1471826630537261,0.1672119762287622,0.1222149697993007,0.1420159675089723,0.1544195191306487,0.0010270598724598,0.058925280912392,0,1,0,1,false_negative,"(0.1, 0.2]",Q3
0.1217144519589033,0.1135012576303514,0.1093978429519691,0.111630348345668,0.0895845234856704,0.0896769687732955,0.1059175655243096,0.0001260467815127,0.03652942688566,0,1,0,1,false_negative,"(0.1, 0.2]",Q1_low
0.2092553285416418,0.1780709004677736,0.1849376143384691,0.1693352374838664,0.213133604360883,0.1916527333492356,0.1910642364236449,0.0002138329763696,0.0645830112806155,0,1,0,1,false_negative,"(0.1, 0.2]",Q1_low
0.1265913500363218,0.1232063508162477,0.1281354365819588,0.1604316029249798,0.0884237253839074,0.110646719582417,0.1229058642209721,0.0003983581594709,0.0446102356913881,0,1,0,1,false_negative,"(0.1, 0.2]",Q2
0.1652639119571852,0.1340843839803723,0.1480173663384487,0.1350147142702988,0.116198872268584,0.1474580184674049,0.1410062112137157,0.0001969188502559,0.0483829536945896,0,1,0,1,false_negative,"(0.1, 0.2]",Q1_low
0.1981988769984631,0.2136877789743883,0.136966852238314,0.1492182290265604,0.2197197822172275,0.2088463832040484,0.1877729837765003,0.0009018134384818,0.0678863241795948,0,1,0,1,false_negative,"(0.1, 0.2]",Q3
0.2357980440686693,0.1798636622342954,0.2284010134438485,0.1747774152976307,0.1923405242994179,0.1683565975589264,0.1965895428171314,0.0005885647969058,0.0686788623232392,0,1,0,1,false_negative,"(0.1, 0.2]",Q3
0.1967309865714907,0.1382262530175838,0.1670101677347096,0.2345668677539273,0.1391907231994196,0.1298601650660346,0.1675975272238609,0.0012039603973965,0.0638882711045762,0,1,0,1,false_negative,"(0.1, 0.2]",Q4_high
0.1346293648342054,0.1692146577803186,0.1715827576024273,0.1602577597320139,0.1705097119368921,0.2175209333261238,0.1706191975353302,0.0005150447769169,0.0601288287511378,0,1,0,1,false_negative,"(0.1, 0.2]",Q2
0.137328448025582,0.2167036552112276,0.1897979249699134,0.2296813361743657,0.1800574976714509,0.180957758070139,0.1890877700204465,0.0007482356249132,0.0673381922311532,0,1,0,1,false_negative,"(0.1, 0.2]",Q3
0.2166753139285087,0.1389032480576551,0.1725780248698161,0.1747904176709316,0.1498121384328724,0.1528171044070819,0.167596041227811,0.00054904496776,0.0594347608347669,0,1,0,1,false_negative,"(0.1, 0.2]",Q3
0.07220878977431,0.0841690377350282,0.0880856225909814,0.1038731721500169,0.0511675563721942,0.0584887420775625,0.0763321534500155,0.0002752449866679,0.0295556394069996,0,1,0,1,false_negative,"(-0.001, 0.1]",Q2
0.1748123330731544,0.1599918929518207,0.1796217320894126,0.2731702797358092,0.1657587184544663,0.1819773438120399,0.1892220500194505,0.0012577895853855,0.0704616650191422,0,1,0,1,false_negative,"(0.1, 0.2]",Q4_high
0.1608723037407021,0.1010262208787803,0.1009536937804349,0.1194363008159006,0.0807695059511668,0.0952786096268762,0.1097227724656435,0.0005585827735901,0.0423339361319072,0,1,0,1,false_negative,"(0.1, 0.2]",Q3
0.1558452789027675,0.1901728808213656,0.1563688545067755,0.2084043417283278,0.2087626985763367,0.221561815301115,0.1901859783061147,0.0005691897311476,0.0665625071021893,0,1,0,1,false_negative,"(0.1, 0.2]",Q3
0.249674801652258,0.1997173474770895,0.1585469872692338,0.1776620565570491,0.1835466234887336,0.1840620999622244,0.1922016527344314,0.0006921209613066,0.0679487489712954,0,1,0,1,false_negative,"(0.1, 0.2]",Q3
0.1859739469713641,0.1726281641943482,0.1523107144824219,0.1743747865514304,0.195962246941181,0.1795646089356683,0.176802411346069,0.0001545724311385,0.0595670930937549,0,1,0,1,false_negative,"(0.1, 0.2]",Q1_low
0.1873564575621782,0.1618079395272745,0.1496356001526308,0.195670203640764,0.1802691232361545,0.1801762199151228,0.1758192573390208,0.0002068360597045,0.0596160733486239,0,1,0,1,false_negative,"(0.1, 0.2]",Q1_low
0.1636904209866804,0.1213559626333416,0.1552438644751242,0.1637825882804908,0.1128161516272873,0.1206664434171416,0.1395925719033443,0.00040265358884,0.049712522708354,0,1,0,1,false_negative,"(0.1, 0.2]",Q2
0.2202876693556738,0.1710360562871099,0.1694665252237073,0.2301221869597944,0.159317453705699,0.1751240408418195,0.1875589887289673,0.0006336213058279,0.0661521026723515,0,1,0,1,false_negative,"(0.1, 0.2]",Q3
0.2580486420755145,0.1672246900164167,0.1414420906308057,0.1483551570247078,0.1869891809445927,0.1860307710412569,0.1813484219555491,0.0012596024194099,0.0681865107559309,0,1,0,1,false_negative,"(0.1, 0.2]",Q4_high
0.1563900145841365,0.160000518579886,0.1743385737774787,0.1992909108312383,0.1582122431311585,0.137718484792959,0.1643251242828095,0.000307117737295,0.0566667807486607,0,1,0,1,false_negative,"(0.1, 0.2]",Q2
0.2219212778813035,0.1636731026207687,0.1816263340469028,0.2131176624691518,0.1639390440279141,0.1680377133266032,0.185385855728774,0.000478627372099,0.0644856954253442,0,1,0,1,false_negative,"(0.1, 0.2]",Q2
0.076440282849898,0.0967702629685376,0.1133162991441542,0.1182128077926303,0.0691054468724249,0.0709161641822913,0.0907935439683227,0.0003380445124168,0.0345067643658603,0,1,0,1,false_negative,"(-0.001, 0.1]",Q2
0.0697331169614822,0.1106920472480218,0.1060773317286503,0.1119411901534924,0.0972019501521837,0.0813036786488788,0.0961582191487849,0.0002112508429722,0.0345214589730031,0,1,0,1,false_negative,"(-0.001, 0.1]",Q1_low
0.1680462080569325,0.1499375960441014,0.1735203007736888,0.1849601503602725,0.149932210983677,0.1425126236512856,0.1614848483116596,0.0001951058766674,0.054918490197491,0,1,0,1,false_negative,"(0.1, 0.2]",Q1_low
0.2145544600225892,0.1867432959064512,0.1616469853405952,0.1601190827400682,0.2155157417915749,0.1752500305365329,0.185638266056302,0.0004378223750712,0.0643006224918917,0,1,0,1,false_negative,"(0.1, 0.2]",Q2
0.2229279798694639,0.1661273601359816,0.2027637914676154,0.1861121403663655,0.1919033637505468,0.1936622192391024,0.1939161424715126,0.000251028889957,0.0657410701359287,0,1,0,1,false_negative,"(0.1, 0.2]",Q1_low
0.1691313291727553,0.1518815027400156,0.2084637034482372,0.1982079892859076,0.1381520853460126,0.1260150558620779,0.1653086109758344,0.0007744416953202,0.0603206516464994,0,1,0,1,false_negative,"(0.1, 0.2]",Q3
0.2329641317682317,0.1960602454794724,0.2042087688874951,0.1541855238432178,0.1974867752000932,0.2009116981353628,0.1976361905523122,0.000456065361677,0.0682023268304126,0,1,0,1,false_negative,"(0.1, 0.2]",Q2
0.263865663384356,0.1635357521986159,0.2160729281024433,0.2031170573360828,0.1520669531902168,0.1743726895982899,0.1955051739683341,0.0012156620914331,0.0720585675529166,0,1,0,1,false_negative,"(0.1, 0.2]",Q4_high
0.1759949512112965,0.1795376714514709,0.1780749324714292,0.150889621848056,0.2037741435894137,0.1648319096707206,0.1755172050403978,0.0002202974754819,0.0596132980183202,0,1,0,1,false_negative,"(0.1, 0.2]",Q1_low
0.1478569978406361,0.1345559035440274,0.142764375637393,0.1805417379953934,0.1306463577734008,0.1263701062312316,0.1437892465036804,0.0002756798837569,0.0499391942951293,0,1,0,1,false_negative,"(0.1, 0.2]",Q2
0.1661954022382548,0.145743713043283,0.1799360648007587,0.1914879494013151,0.1298663743172274,0.1341419321030897,0.1578952393173215,0.0004543796186983,0.0557559734419772,0,1,0,1,false_negative,"(0.1, 0.2]",Q2
0.1595472798310673,0.1130993322548351,0.1325675566819945,0.1504646174194564,0.0972602014337187,0.1115782906711739,0.127419546382041,0.0004221955097996,0.0461893586312014,0,1,0,1,false_negative,"(0.1, 0.2]",Q2
0.142004226510395,0.1246622892597787,0.1322031258095338,0.1318454061597883,0.0925856960091888,0.1097965090444247,0.1221828754655182,0.0002317454958956,0.0427716126793357,0,1,0,1,false_negative,"(0.1, 0.2]",Q1_low
0.1737907641847973,0.1517157072795305,0.1236256907220872,0.1494238969605061,0.1415216601323786,0.1291373839866834,0.1448691838776639,0.0002305799351296,0.0498990788711914,0,1,0,1,false_negative,"(0.1, 0.2]",Q1_low
0.1618835819427266,0.1241620425844573,0.1412624455260592,0.1625584037639552,0.1253536602705763,0.1252556178675907,0.1400792919925609,0.0002388688216343,0.0484548858604398,0,1,0,1,false_negative,"(0.1, 0.2]",Q1_low
0.1981897130974815,0.1863049013795115,0.1813752135880736,0.2138825141788033,0.2099041254807637,0.1946197039685354,0.1973793619488615,0.000116610365409,0.066015899197517,0,1,0,1,false_negative,"(0.1, 0.2]",Q1_low
0.1193132556873758,0.1689569221978776,0.1513652377341355,0.1424062014482566,0.1493570106906087,0.1411897795756761,0.1454314012223217,0.0001876245252383,0.0497143804802077,0,1,0,1,false_negative,"(0.1, 0.2]",Q1_low
0.1097690649527374,0.1011017623613368,0.125355128209892,0.2471414762789979,0.082593572938969,0.0728716029314302,0.1231387679455606,0.002888094745252,0.0640989075289617,0,1,0,1,false_negative,"(0.1, 0.2]",Q4_high
0.1631028442860282,0.1435055818254311,0.166468831595483,0.1586547991448179,0.12768430800785,0.127229008362016,0.147774228870271,0.0002209676835288,0.0507410620955666,0,1,0,1,false_negative,"(0.1, 0.2]",Q1_low
0.1748526438444389,0.2142624038279205,0.1692821404992025,0.1507743536016887,0.2363235919159435,0.1907911514414798,0.189381047521779,0.0007043128787498,0.0671558230650557,0,1,0,1,false_negative,"(0.1, 0.2]",Q3
0.1729825611048956,0.1439927561304534,0.1270859690083126,0.1354741746793981,0.146683373163143,0.1459683610784596,0.1453645325274437,0.0001712380407449,0.0495537870066816,0,1,0,1,false_negative,"(0.1, 0.2]",Q1_low
0.2735084970157617,0.1668118422982899,0.138727682820809,0.1397317409210132,0.1490288480808872,0.1723124583255277,0.1733535115770481,0.0018565655814798,0.0695797754787984,0,1,0,1,false_negative,"(0.1, 0.2]",Q4_high
0.1378383484685784,0.1426069003870655,0.1584971808670157,0.1495027627472058,0.1364744873956959,0.1440298023306808,0.1448249136993737,4.755809421959991e-05,0.0483132086216541,0,1,0,1,false_negative,"(0.1, 0.2]",Q1_low
0.2164135006093117,0.1792613969295499,0.2072686205004304,0.2018518040330061,0.1841357054414561,0.1636541806655798,0.1920975346965557,0.0002791079084884,0.065334500464855,0,1,0,1,false_negative,"(0.1, 0.2]",Q2
0.1745157080218539,0.1572807438327326,0.1322097232941523,0.131172892437211,0.1959124332525555,0.1458850888472631,0.1561627649476281,0.000460284155027,0.0552662236299646,0,1,0,1,false_negative,"(0.1, 0.2]",Q2
0.1748468401076334,0.1928342448265454,0.1847958622249677,0.2118897435302885,0.2011407159963772,0.1916286292368467,0.1928560059871098,0.0001173889264537,0.0645429848805466,0,1,0,1,false_negative,"(0.1, 0.2]",Q1_low
0.1379712661106066,0.1334939972917347,0.1500740823359427,0.2159746771496444,0.112587001158429,0.1166281744882678,0.1444548664224375,0.0010141031799323,0.0560156989704333,0,1,0,1,false_negative,"(0.1, 0.2]",Q3
0.0614576039612006,0.0930734952118581,0.0978724927407909,0.0982955920078067,0.0634117049961015,0.0709835587400644,0.0808490746096371,0.0002172905127962,0.0300204776369051,0,1,0,1,false_negative,"(-0.001, 0.1]",Q1_low
0.1473236067524856,0.1520919372495859,0.146599503343905,0.1536090561000439,0.1556631310174893,0.1390574845748014,0.1490574531730518,2.608675361984877e-05,0.0495185090775113,0,1,0,1,false_negative,"(0.1, 0.2]",Q1_low
0.1632534733592932,0.1571424253788977,0.1452154117183945,0.1226659581486018,0.1362117362260279,0.1612067274496975,0.1476159553801521,0.0001826165529818,0.0503709137224602,0,1,0,1,false_negative,"(0.1, 0.2]",Q1_low
0.1412452745578941,0.20727264713614,0.1796543874189527,0.1971292756238749,0.1877289678436391,0.1662106501374312,0.179873533786322,0.0003984349583859,0.0622233295482758,0,1,0,1,false_negative,"(0.1, 0.2]",Q2
0.1718141214817348,0.1462672465856503,0.1758283571221769,0.2342787231246006,0.1417492734535328,0.1455905017091232,0.1692547039128031,0.0008746932820456,0.0621798826559199,0,1,0,1,false_negative,"(0.1, 0.2]",Q3
0.1770609806268445,0.1601803995720619,0.1857584178618931,0.1650117022734274,0.1562060255676393,0.1338896442057113,0.1630178616845963,0.0002316032630277,0.055686811758627,0,1,0,1,false_negative,"(0.1, 0.2]",Q1_low
0.180644482272772,0.1225500526526231,0.1290109243680172,0.1559580446478432,0.1180793139099327,0.113955564864622,0.1366997304526351,0.0004893388542206,0.0495725275625443,0,1,0,1,false_negative,"(0.1, 0.2]",Q2
0.1639923879011472,0.1338585585160463,0.1276369942062067,0.1649274940626931,0.1228306654109396,0.1143131548919481,0.1379265424981635,0.0003309115084239,0.0485828783086169,0,1,0,1,false_negative,"(0.1, 0.2]",Q2
0.1418397856650563,0.1674730925870661,0.1389924296045779,0.1479516252040747,0.1738724794454545,0.1382984915745129,0.1514046506801237,0.0001703204029956,0.0514843272796981,0,1,0,1,false_negative,"(0.1, 0.2]",Q1_low
0.1688134586523358,0.1323667618424196,0.1232298194691795,0.143060440213755,0.1408879893461085,0.1201988934766284,0.1380928938334045,0.0002214481420947,0.0476741617513466,0,1,0,1,false_negative,"(0.1, 0.2]",Q1_low
0.1469392182764998,0.1344791880056282,0.1406301322288608,0.1320102245525536,0.1213684688101116,0.1709667932124048,0.1410656708476765,0.0002060182862712,0.0484811683912598,0,1,0,1,false_negative,"(0.1, 0.2]",Q1_low
0.2293599562667597,0.2023000524638168,0.1616184587203755,0.1262505550763721,0.2339053105219952,0.2137086412767707,0.1945238290543484,0.0012767124069653,0.0721226203504477,0,1,0,1,false_negative,"(0.1, 0.2]",Q4_high
0.2212073998085468,0.1710918926660518,0.1924947209662917,0.172666798635726,0.1881990829498035,0.1599510637377774,0.1842684931273662,0.0003353089535033,0.0631957790172901,0,1,0,1,false_negative,"(0.1, 0.2]",Q2
0.1846977310273601,0.1301940373907692,0.1297098946467366,0.1318064271690368,0.1049929548001101,0.131059556936228,0.1354101003283735,0.0004922980896336,0.0492107055403734,0,1,0,1,false_negative,"(0.1, 0.2]",Q2
0.1824219191149273,0.1732569804389133,0.1415502181629873,0.1954124021479668,0.1860099796434866,0.1904928087511224,0.1781907180432339,0.0002705485359847,0.060819896137793,0,1,0,1,false_negative,"(0.1, 0.2]",Q2
0.2331238655388197,0.1856127198335229,0.203633531484347,0.1635160832545301,0.1924533762918196,0.1824057211501042,0.1934575495921906,0.0003940216092242,0.0664948178170162,0,1,0,1,false_negative,"(0.1, 0.2]",Q2
0.222015035202738,0.142929705078881,0.2355958057038912,0.2205953115184012,0.1748301495188295,0.189286868719063,0.1975421459569673,0.000877850693388,0.0706993584273371,0,1,0,1,false_negative,"(0.1, 0.2]",Q3
0.1630173287313654,0.1232732816643625,0.1539039645844163,0.1458308616074662,0.1055920359993305,0.1104919133281047,0.1336848976525076,0.0004074645380298,0.0479514945955745,0,1,0,1,false_negative,"(0.1, 0.2]",Q2
0.1237718081055564,0.1133428926610749,0.1277139551136706,0.1497424720796993,0.0920819681614968,0.0963883138385047,0.1171735683266671,0.0003273798989307,0.0421871752933339,0,1,0,1,false_negative,"(0.1, 0.2]",Q2
0.190506305544159,0.1367225173205243,0.135657037856747,0.1623001269687031,0.1412212132493665,0.1433539686638336,0.1516268616005556,0.0003256318255656,0.0528085896705688,0,1,0,1,false_negative,"(0.1, 0.2]",Q2
0.1290923562943741,0.206674871133048,0.2187602950097474,0.1739181596401482,0.1726785798217836,0.2120288617632782,0.1855255206103966,0.0008198213000301,0.0666993441105549,0,1,0,1,false_negative,"(0.1, 0.2]",Q3
0.1430204714548977,0.1666944184726182,0.1747586174173055,0.1864735583085423,0.1661033368029066,0.1643368943962428,0.1668978828087522,0.0001460514793658,0.056294717726002,0,1,0,1,false_negative,"(0.1, 0.2]",Q1_low
0.171720968589407,0.1638397008664155,0.1798845910096381,0.1618658493033243,0.1723944118979387,0.1649741956018128,0.1691132862114227,3.300784505910383e-05,0.0561757041358905,0,1,0,1,false_negative,"(0.1, 0.2]",Q1_low
0.2188325159232626,0.1467454335252688,0.182458187545506,0.1773493655535895,0.1466905823314681,0.1494219347405358,0.1702496699366051,0.0005858601136697,0.0605068210141087,0,1,0,1,false_negative,"(0.1, 0.2]",Q3
0.1482520128858746,0.1255242454069014,0.103319509359047,0.1192767367401932,0.1160406717257097,0.1042249583542287,0.1194396890786591,0.0001957285609318,0.0415509202387298,0,1,0,1,false_negative,"(0.1, 0.2]",Q1_low
0.133304243544631,0.1133027591484205,0.1128802185482171,0.1387994809760599,0.0887420545830283,0.0874640659027699,0.1124154704505212,0.0003309233332224,0.0407876219309182,0,1,0,1,false_negative,"(0.1, 0.2]",Q2
0.2098810979324971,0.1298886958121791,0.1877330712249425,0.183720100384413,0.1163631561843043,0.1704220513357531,0.1663346954790149,0.0009283720091466,0.0616826043420751,0,1,0,1,false_negative,"(0.1, 0.2]",Q3
0.1842740630676264,0.1620798078473525,0.1857296842470249,0.1945579154735737,0.1582236053671191,0.227711529111204,0.1854294341856501,0.0004511274180397,0.0643212097154432,0,1,0,1,false_negative,"(0.1, 0.2]",Q2
0.2302850022174699,0.145600639628189,0.1454291775509933,0.1623833320145077,0.1428404342173338,0.1799572825719707,0.1677493113667441,0.0008139635885305,0.0613206013152569,0,1,0,1,false_negative,"(0.1, 0.2]",Q3
0.1756399628038876,0.1584566180110919,0.1599904404182003,0.1689912368572713,0.1524101082344374,0.1433923084140483,0.1598134457898228,9.443513686669522e-05,0.0535985517837598,0,1,0,1,false_negative,"(0.1, 0.2]",Q1_low
0.1799270148138225,0.1573079975773136,0.1236697697814746,0.1702413161720671,0.1367518010617525,0.134546095958889,0.1504073325608865,0.0003521953363318,0.0526395093250641,0,1,0,1,false_negative,"(0.1, 0.2]",Q2
0.2037202600486554,0.1514681275308027,0.1991373041768875,0.1850167657223,0.1296927316153636,0.1566495228508848,0.1709474519908157,0.0006217853022156,0.0609682045791193,0,1,0,1,false_negative,"(0.1, 0.2]",Q3
0.1890219289676449,0.1360228984281093,0.15827122215106,0.1806265698297593,0.1687184692692941,0.1510257752380332,0.1639478106473168,0.0002726649970886,0.056291111776517,0,1,0,1,false_negative,"(0.1, 0.2]",Q2
0.1508687048630894,0.1221643963627664,0.1132849858392961,0.1133018973867455,0.1185473304993461,0.1108117236519102,0.1214965064338589,0.0001600878610319,0.0418372227960544,0,1,0,1,false_negative,"(0.1, 0.2]",Q1_low
0.2872940051565296,0.1724975753351519,0.1775416593375136,0.1587243476559051,0.1843964496071106,0.1824800095408993,0.1938223411055183,0.0015580176106439,0.0735280534067879,0,1,0,1,false_negative,"(0.1, 0.2]",Q4_high
0.1750592490368022,0.1089107079253596,0.1200957876037209,0.1616427309394356,0.0970589097065588,0.0809828132418638,0.1239583664089568,0.000977606002454,0.0500961276180227,0,1,0,1,false_negative,"(0.1, 0.2]",Q3
0.1274514402969668,0.1331339442928044,0.122607629746546,0.160856351730159,0.1345276869600001,0.1264517256478555,0.1341714631123887,0.0001359659880782,0.0456502835351797,0,1,0,1,false_negative,"(0.1, 0.2]",Q1_low
0.1864603378611302,0.12952460685052,0.1391921719029479,0.1394839392858334,0.1330867531574172,0.1308383576339099,0.1430976944486265,0.0003347671668671,0.0502207214434063,0,1,0,1,false_negative,"(0.1, 0.2]",Q2
0.1821528210540889,0.1307359702537796,0.1197137277672017,0.1383499766812293,0.1299523641368487,0.125988000856406,0.1378154767915924,0.0003636566063661,0.0488325887059112,0,1,0,1,false_negative,"(0.1, 0.2]",Q2
0.1514542650554767,0.1716817643888592,0.1738170246550574,0.1689049066363465,0.1470610420690452,0.165244727319783,0.1630272883540947,8.851966940346476e-05,0.0546008810983705,0,1,0,1,false_negative,"(0.1, 0.2]",Q1_low
0.1782868787586247,0.1431495327218729,0.1336096001429771,0.1749393334064027,0.1304975226410386,0.1371472123712085,0.1496050133403541,0.000326042379466,0.0521787569694452,0,1,0,1,false_negative,"(0.1, 0.2]",Q2
0.2100980783378719,0.1959371612398433,0.1883939276497549,0.1838527019883921,0.180616753560654,0.171606828663231,0.1884175752399578,0.0001272687192198,0.0631589914649957,0,1,0,1,false_negative,"(0.1, 0.2]",Q1_low
0.2397399078037559,0.1513099474642321,0.1676475344423057,0.210904194289834,0.1518860608929485,0.1685827844785984,0.1816784048952791,0.0009147817790551,0.0661386082077136,0,1,0,1,false_negative,"(0.1, 0.2]",Q3
0.2037016693531748,0.1705367998352503,0.1408647455559734,0.1687401257993438,0.1583334146855408,0.159919365911703,0.1670160201901644,0.0003101206556088,0.0575411205263617,0,1,0,1,false_negative,"(0.1, 0.2]",Q2
0.1353289938438479,0.1400051781470296,0.1872209696227834,0.2205391504337112,0.1377021870976256,0.1489062723616553,0.1616171252511088,0.0008598562938293,0.0598242542150371,0,1,0,1,false_negative,"(0.1, 0.2]",Q3
0.2148137211846703,0.1514307204358146,0.197715836421549,0.214387471262109,0.1601766735648296,0.18201497933059,0.1867565670332605,0.0005210950259523,0.0651880547303608,0,1,0,1,false_negative,"(0.1, 0.2]",Q2
0.263675182756381,0.1751838089823065,0.1781032646719899,0.1683904609484928,0.2054888434457823,0.1820706460928361,0.1954853678162981,0.0009111857034478,0.0702718144296744,0,1,0,1,false_negative,"(0.1, 0.2]",Q3
0.1849966503582383,0.1311941653173746,0.1431912273940178,0.1255051214141841,0.125878731925213,0.1298243538642018,0.1400983750455383,0.00037506037512,0.0496332823132802,0,1,0,1,false_negative,"(0.1, 0.2]",Q2
0.1798930733299548,0.1361040162455182,0.1234339112164866,0.1469871778867052,0.1213235022568807,0.1259500434058874,0.1389486207235722,0.0003527817713536,0.0490881581347355,0,1,0,1,false_negative,"(0.1, 0.2]",Q2
0.1908954931015114,0.18368157185717,0.1655682860907032,0.2323464786762173,0.1844803969360059,0.1708722976529099,0.1879740873857529,0.0004003666323502,0.0647962957603168,0,1,0,1,false_negative,"(0.1, 0.2]",Q2
0.1736333712443735,0.1529732825400306,0.1888090241179383,0.2003087756831218,0.1594713435667804,0.1518777177780666,0.1711789191550519,0.0002866346261021,0.0586942221180015,0,1,0,1,false_negative,"(0.1, 0.2]",Q2
0.1653937781442107,0.192569462383401,0.1568904746263757,0.1395172058083378,0.2118143417993631,0.1942862293059376,0.1767452486779376,0.0005281325921378,0.0621166655841664,0,1,0,1,false_negative,"(0.1, 0.2]",Q3
0.1494292811336563,0.1459541871565585,0.1535866211997599,0.1474188731952087,0.1332237423844894,0.1292866058070189,0.1431498851461153,6.645192375840926e-05,0.0479308404385533,0,1,0,1,false_negative,"(0.1, 0.2]",Q1_low
0.202770335949137,0.1326207444403125,0.1695734543305871,0.2848804132754005,0.1296387578290328,0.1320600354254598,0.1752572902083216,0.0026530615913491,0.0746990824984207,0,1,0,1,false_negative,"(0.1, 0.2]",Q4_high
0.1901749987349209,0.1535886692721535,0.1476705097614857,0.1376292257890618,0.1120508016478866,0.148809974255153,0.1483206965767769,0.0004585727295375,0.0528444838852675,0,1,0,1,false_negative,"(0.1, 0.2]",Q2
0.2161713272191003,0.1826338715696105,0.1884131760745098,0.2003799590946833,0.1966453181257931,0.1800389724880015,0.1940471040952831,0.000127795398597,0.064998729593263,0,1,0,1,false_negative,"(0.1, 0.2]",Q1_low
0.171624695877683,0.1833110125714216,0.2269462207899835,0.2276498075761841,0.1820682915332437,0.1680272080176169,0.1932712060610221,0.0005209194925334,0.0672263204578749,0,1,0,1,false_negative,"(0.1, 0.2]",Q2
0.0977021929128795,0.1235518959599862,0.1141519797303664,0.1153134916573049,0.1084798737096507,0.1275765433202342,0.114462662881737,8.17307959409179e-05,0.0387616732309442,0,1,0,1,false_negative,"(0.1, 0.2]",Q1_low
0.2203008308502879,0.15765882821552,0.1483746660555017,0.1736625854515307,0.1992293567869255,0.1631653559910543,0.17706527055847,0.0005378724391663,0.0622814068112316,0,1,0,1,false_negative,"(0.1, 0.2]",Q3
0.1653378508890003,0.1277290636579294,0.1286992851858305,0.1441891505891678,0.1057190520943074,0.1106744810991344,0.130391480585895,0.0003455807543549,0.0463910138599132,0,1,0,1,false_negative,"(0.1, 0.2]",Q2
0.2285238648724185,0.2073134679905736,0.1639502327899716,0.1591222851084493,0.2001573665412247,0.1970291399784341,0.192682726213512,0.0005036095387798,0.0669341822675492,0,1,0,1,false_negative,"(0.1, 0.2]",Q2
0.175006303667654,0.1462368042427395,0.1673040956499088,0.1637745200501468,0.1594862565394555,0.1636173607946562,0.1625708901574268,6.512912804902025e-05,0.0542713218100881,0,1,0,1,false_negative,"(0.1, 0.2]",Q1_low
0.206155687289099,0.1649059608212639,0.1814402154058741,0.1667796825186049,0.1757733461166036,0.1720686573472029,0.1778539249164414,0.0001631339972512,0.0599679112224409,0,1,0,1,false_negative,"(0.1, 0.2]",Q1_low
0.1577108631702313,0.1699598135751058,0.2216430608496479,0.2073383452563666,0.1835667266127521,0.1690146230260517,0.1848722387483592,0.0004385869122586,0.0640643317535295,0,1,0,1,false_negative,"(0.1, 0.2]",Q2
0.1590106081860029,0.1256154272440015,0.1438940777434554,0.1675119958335965,0.1182486785428592,0.1083897706159174,0.1371117596943055,0.0003946668439514,0.0488847956301734,0,1,0,1,false_negative,"(0.1, 0.2]",Q2
0.2063819059709725,0.1222557675940901,0.1532027049063579,0.1546982835042526,0.1127057923158248,0.1597735876169021,0.1515030069847333,0.0007791171001478,0.0562714395922046,0,1,0,1,false_negative,"(0.1, 0.2]",Q3
0.148125680200955,0.156799308048683,0.1874708884803202,0.2115057935008701,0.1499118089642148,0.1331168269443982,0.1644883843565736,0.0006089062006896,0.0589085799622939,0,1,0,1,false_negative,"(0.1, 0.2]",Q3
0.1016048260252325,0.1176380109741886,0.1071904708218621,0.1154538840479489,0.0958667084731531,0.0970805242475577,0.1058057374316572,6.108117360961337e-05,0.0357277185835947,0,1,0,1,false_negative,"(0.1, 0.2]",Q1_low
0.1494131359148656,0.117667485839144,0.1264807444757914,0.1521081183801184,0.0967336295182966,0.1047279328899069,0.1245218411696871,0.0003707688921932,0.0448360693241892,0,1,0,1,false_negative,"(0.1, 0.2]",Q2
0.1711041270719268,0.171055956487989,0.1878460961070743,0.2052225588278776,0.190572489569337,0.1824063739322746,0.1847012669994132,0.0001202611243202,0.0619003303039146,0,1,0,1,false_negative,"(0.1, 0.2]",Q1_low
0.2145145219696555,0.1944194646706439,0.1789562926210349,0.1796907142900977,0.1913257319943784,0.1944812240333216,0.1922313249298553,0.0001201006240569,0.0643565134229213,0,1,0,1,false_negative,"(0.1, 0.2]",Q1_low
0.2021250961846915,0.1324336342089094,0.1444423917578451,0.1910497448066219,0.1374093476980303,0.1317164947540121,0.1565294515683517,0.0007112257257428,0.0572527124323012,0,1,0,1,false_negative,"(0.1, 0.2]",Q3
0.2186691749681586,0.2093649685334225,0.1592068700797491,0.1274767388616103,0.2280002257799795,0.1811940547685515,0.1873186721652453,0.0010761033357605,0.0688142708573263,0,1,0,1,false_negative,"(0.1, 0.2]",Q4_high
0.1080879241069308,0.1185259278991209,0.1467284951394404,0.1358854430393343,0.0785919113510138,0.129406596213746,0.1195377162915977,0.0004160945448777,0.0437733901556739,0,1,0,1,false_negative,"(0.1, 0.2]",Q2
0.168772136043863,0.1617650367319055,0.2079607757665963,0.2069152761913236,0.149179141313615,0.1670489618092333,0.1769402213094228,0.0004323281621291,0.0615294176952056,0,1,0,1,false_negative,"(0.1, 0.2]",Q2
0.2102935426847361,0.1432677691364833,0.1686772651367449,0.1771672757240892,0.1537949105331257,0.1414882622681043,0.1657815042472139,0.0004800072989249,0.0583834981760169,0,1,0,1,false_negative,"(0.1, 0.2]",Q2
0.1187113186796023,0.1382516440565946,0.168114230950006,0.1447133690442713,0.1308381294208042,0.1247092869617071,0.1375563298521642,0.0002215438807864,0.0475053222986429,0,1,0,1,false_negative,"(0.1, 0.2]",Q1_low
0.1984953391011363,0.1522963096954535,0.1865831046103737,0.2245196844387012,0.1168938751695823,0.1732814790039913,0.1753449653365397,0.0010046310032809,0.0648340672182362,0,1,0,1,false_negative,"(0.1, 0.2]",Q3
0.2058133660636098,0.1959131132262151,0.1823158476624938,0.1958964905850848,0.2219542569993859,0.1685507055467423,0.1950739633472553,0.0002436454858976,0.0660676874164825,0,1,0,1,false_negative,"(0.1, 0.2]",Q1_low
0.1742997902438405,0.1734359166436967,0.1480890658208737,0.1733793551652921,0.1573697119221301,0.1432313435702818,0.1616341972276858,0.0001397097150127,0.0545417028691666,0,1,0,1,false_negative,"(0.1, 0.2]",Q1_low
0.1607099235811532,0.2000688298627006,0.1808365913291603,0.1673808946804985,0.2101784574658191,0.1965786802123497,0.1859588961886136,0.0002724782791856,0.0633214645932065,0,1,0,1,false_negative,"(0.1, 0.2]",Q2
0.1224604362334561,0.1732508481343154,0.1257155542017724,0.1223270469897712,0.1780399545082315,0.1441638087876547,0.1443262748092002,0.0004688156255566,0.0517080831100459,0,1,0,1,false_negative,"(0.1, 0.2]",Q2
0.1901266031142205,0.179185755549237,0.2237840269835055,0.225038578015513,0.1790298429019364,0.1809076585132542,0.1963454108462778,0.0003496365610828,0.0671379238238593,0,1,0,1,false_negative,"(0.1, 0.2]",Q2
0.1299255908546793,0.1161131683212908,0.0913752880407931,0.1175739857506409,0.0992726852817433,0.0865851150498495,0.1068076388831661,0.0002058328935483,0.0377231397239407,0,1,0,1,false_negative,"(0.1, 0.2]",Q1_low
0.1523209671169227,0.1396165433875519,0.1052110667680896,0.13456265688258,0.1201223543815395,0.1033615925339317,0.1258658635117692,0.0002758055223765,0.0443450863811208,0,1,0,1,false_negative,"(0.1, 0.2]",Q2
0.2740544187466295,0.1908167765358213,0.1646453797541413,0.1748171355823241,0.1950244219194105,0.1796877931573638,0.1965076542826151,0.0011166682306425,0.0717827541667083,0,1,0,1,false_negative,"(0.1, 0.2]",Q4_high
0.1327722143464035,0.1183509413408179,0.1270815192610343,0.113216718674511,0.1038749466348206,0.0972624522379602,0.1154264654159246,0.0001305028267239,0.0395996115870576,0,1,0,1,false_negative,"(0.1, 0.2]",Q1_low
0.2100090017600006,0.1521269998734931,0.1429322751854578,0.146642529368445,0.1644841729329419,0.1811005319937027,0.1662159185190068,0.0004665897198773,0.0584218099651506,0,1,0,1,false_negative,"(0.1, 0.2]",Q2
0.1941805872640176,0.1612453263245896,0.2036335865956455,0.1894744269335109,0.1703422531315276,0.1619753889590751,0.1801419282013944,0.0002313108338545,0.0611770251997788,0,1,0,1,false_negative,"(0.1, 0.2]",Q1_low
0.2187855044022294,0.1964641371954269,0.2102410171234362,0.193097247757129,0.1976855672449003,0.1763570235455931,0.1987717495447858,0.0001533170373121,0.0667002068741593,0,1,0,1,false_negative,"(0.1, 0.2]",Q1_low
0.2071642943788057,0.1520984397402181,0.1790181026893968,0.2041549060058543,0.1565319794718847,0.1862786041668684,0.1808743877421713,0.0003837715849655,0.0624411280732359,0,1,0,1,false_negative,"(0.1, 0.2]",Q2
0.1218871584063266,0.1481867449312711,0.1365885456024991,0.1460399256258623,0.1479057223652828,0.1385204345869724,0.1398547552530357,7.253993279265837e-05,0.046910105233846,0,1,0,1,false_negative,"(0.1, 0.2]",Q1_low
0.1648224718450747,0.1319382421177914,0.1348444724250829,0.1462724937986247,0.1169409698572468,0.1141843684316506,0.1348338364125785,0.0002550144169722,0.0469476141996521,0,1,0,1,false_negative,"(0.1, 0.2]",Q1_low
0.1990693405913685,0.1761885122345443,0.2016773181640535,0.167784247145901,0.1935539315161278,0.1902207571305733,0.1880823511304281,0.0001276463524638,0.0630521848693573,0,1,0,1,false_negative,"(0.1, 0.2]",Q1_low
0.1902819466632061,0.1635046222382989,0.1889775896906739,0.1941625480454863,0.1747253812449114,0.1776050274430708,0.1815428525542746,9.689513300223264e-05,0.0607099373686801,0,1,0,1,false_negative,"(0.1, 0.2]",Q1_low
0.1069495010775038,0.1521334441079332,0.1609874418294741,0.1633319618169335,0.129789834880887,0.1286949598428891,0.1403145239259368,0.000350838136376,0.0494936500055262,0,1,0,1,false_negative,"(0.1, 0.2]",Q2
0.1833087032294259,0.1477321176995372,0.1796907820531888,0.2104594575999809,0.1450833931275189,0.1419089295286226,0.1680305638730458,0.0005415046565999,0.059515275805627,0,1,0,1,false_negative,"(0.1, 0.2]",Q3
0.2517245968540741,0.1888080024570451,0.1842168042063236,0.1610517987731643,0.1982443642223512,0.2064352769747627,0.1984134739146202,0.0006565941476562,0.0696558231520017,0,1,0,1,false_negative,"(0.1, 0.2]",Q3
0.2131800218169766,0.1455199665429001,0.1469069285085819,0.1791649016931032,0.149714167362712,0.1422226594616547,0.1627847742309881,0.000564544350273,0.0580708490355151,0,1,0,1,false_negative,"(0.1, 0.2]",Q3
0.1341552291903213,0.1614244650167401,0.1472092775709439,0.1935380684458571,0.1708296709907934,0.1364066669905353,0.1572605630341985,0.000369612277293,0.0549149456737207,0,1,0,1,false_negative,"(0.1, 0.2]",Q2
0.1822619352569259,0.1431973380876077,0.1574365840042316,0.1232723133915314,0.0990694045857928,0.1567208216352653,0.1436597328268924,0.000607811679207,0.0526314454253437,0,1,0,1,false_negative,"(0.1, 0.2]",Q3
0.2119870886639853,0.1585319556910894,0.1932081765016401,0.1801359769424187,0.16815277259645,0.1759183263324618,0.1813223827880075,0.0002578642662179,0.0617367037786401,0,1,0,1,false_negative,"(0.1, 0.2]",Q1_low
0.1940118640706174,0.1723147902329213,0.2084392019239599,0.1855103893009342,0.1636885102032808,0.1844907084406351,0.1847425773620581,0.0001779751859562,0.0623015922058413,0,1,0,1,false_negative,"(0.1, 0.2]",Q1_low
0.1495455748120875,0.1401306515136139,0.1328389383882398,0.1755878761885797,0.1453316244847072,0.1694205116270962,0.1521425295023874,0.00020260848444,0.0519835088515492,0,1,0,1,false_negative,"(0.1, 0.2]",Q1_low
0.1631977006472528,0.1262789943938844,0.1203065863344412,0.1218707970038974,0.1032443613723645,0.1070959719128223,0.1236657352774438,0.0003251000949095,0.0441403994596988,0,1,0,1,false_negative,"(0.1, 0.2]",Q2
0.101618446052409,0.1084054392178659,0.1319590839771986,0.1634460066698479,0.0730285899953217,0.100380072550459,0.113139606410517,0.0006873936371608,0.0445485242433001,0,1,0,1,false_negative,"(0.1, 0.2]",Q3
0.1340812075658723,0.1242674978128563,0.108618655932111,0.1126949826381052,0.1120618372292863,0.1334530516828972,0.1208628721435214,9.12745647551179e-05,0.0409290214690281,0,1,0,1,false_negative,"(0.1, 0.2]",Q1_low
0.1993235476825612,0.119555779454874,0.1250341480425432,0.1524184385806688,0.1104765707579949,0.1252438842843539,0.1386753948004993,0.0007706131652215,0.052481907423762,0,1,0,1,false_negative,"(0.1, 0.2]",Q3
0.2114558777256667,0.148253915643944,0.1885074914004713,0.1806946386110753,0.1428476702789027,0.1461313167828015,0.1696484850738103,0.0005649437410189,0.0601770249379542,0,1,0,1,false_negative,"(0.1, 0.2]",Q3
0.1691193088365921,0.1876929931378007,0.1999890921158985,0.2444497483481796,0.1806703707534444,0.1709210731103347,0.192140431050375,0.0005613487661792,0.0671231778486412,0,1,0,1,false_negative,"(0.1, 0.2]",Q3
0.0768330052913188,0.1040995686439126,0.1073669380712389,0.1154130362070452,0.0766501927253959,0.0702297431071445,0.091765414007676,0.0002671401178573,0.0339032136828787,0,1,0,1,false_negative,"(-0.001, 0.1]",Q1_low
0.1792264597539168,0.1830499960917483,0.1712530384424124,0.1519793328567329,0.1976595391487678,0.16544691109997,0.1747692128989247,0.0001758646973734,0.0590588006389751,0,1,0,1,false_negative,"(0.1, 0.2]",Q1_low
0.1531810986236334,0.1553571542550058,0.1394437388980645,0.1310264146684673,0.1567561007204401,0.1326182134710027,0.1447304534394356,9.877325044443202e-05,0.0487274887808659,0,1,0,1,false_negative,"(0.1, 0.2]",Q1_low
0.1914386747542103,0.1896653885390317,0.1739175879951037,0.1830105487165294,0.209781826651232,0.1868066885404379,0.1891034525327575,0.0001009104677983,0.063209066861713,0,1,0,1,false_negative,"(0.1, 0.2]",Q1_low
0.142853099239478,0.1481349915365967,0.1335553695168512,0.1421751278976981,0.1414029984353282,0.1343909347881874,0.1404187535690233,2.1851513693852407e-05,0.0466373501595676,0,1,0,1,false_negative,"(0.1, 0.2]",Q1_low
0.1841113496552084,0.122256394446374,0.1433895940265747,0.1528717658076449,0.1113317690883531,0.1470865908219814,0.1435079106410228,0.0004622961456868,0.0514056962649357,0,1,0,1,false_negative,"(0.1, 0.2]",Q2
0.173795631487053,0.1926863108400593,0.1778357490740771,0.1632886116090841,0.2062371566410243,0.1861411709261513,0.1833307717629082,0.0001632756115896,0.0617449081622101,0,1,0,1,false_negative,"(0.1, 0.2]",Q1_low
0.1489155799619824,0.1366247413614245,0.1668062960120241,0.180456773773031,0.1332981411078496,0.144122231089896,0.1517039605510346,0.0002408885047471,0.0521531985508996,0,1,0,1,false_negative,"(0.1, 0.2]",Q1_low
0.1847386058665003,0.1918723412810104,0.1401183665829715,0.1642906342866005,0.1711387791379043,0.1930190764097265,0.1741963005941189,0.0002923793933063,0.0596960089076687,0,1,0,1,false_negative,"(0.1, 0.2]",Q2
0.217583248910766,0.1637036375338593,0.168181873306194,0.1717878724885398,0.1676596950574441,0.1816042976580303,0.1784201041591389,0.0002892942367106,0.0610218423191058,0,1,0,1,false_negative,"(0.1, 0.2]",Q2
0.1898399581759971,0.1814061136451216,0.2197338731335652,0.2448472389397272,0.2019638441292686,0.157810681371218,0.1992669515658163,0.0006614615398708,0.0699498515580861,0,1,0,1,false_negative,"(0.1, 0.2]",Q3
0.191354244838776,0.210521152563828,0.1543057259255237,0.1797478082896569,0.2403340883814518,0.164944592141219,0.1902012686900759,0.0007090273114069,0.0674370883024704,0,1,0,1,false_negative,"(0.1, 0.2]",Q3
0.1363490566737799,0.1596388652708534,0.1560490359137463,0.1488501528964311,0.1460592285595576,0.1388890276668397,0.1476392278302013,6.038755365151406e-05,0.0493454502851587,0,1,0,1,false_negative,"(0.1, 0.2]",Q1_low
0.1301791897822928,0.1187410298152412,0.1270734273373167,0.1468267118465697,0.1061220084877639,0.0992295450725489,0.1213619853902889,0.0002125410249188,0.0423236437477847,0,1,0,1,false_negative,"(0.1, 0.2]",Q1_low
0.1389093418941989,0.1096659384476368,0.1090228989718257,0.1377057843040294,0.1007742946924881,0.1047483558299527,0.1168044356900219,0.0002056168843927,0.0408276746969175,0,1,0,1,false_negative,"(0.1, 0.2]",Q1_low
0.2519346091291563,0.1575690229610847,0.2037693124701841,0.1962951412351711,0.1539514311955921,0.1523165810080488,0.1859726829998729,0.0011055872193149,0.0685957116459823,0,1,0,1,false_negative,"(0.1, 0.2]",Q4_high
0.2267198638187478,0.1606560282063714,0.2067234044249311,0.2510520964845525,0.1661108087218102,0.1763938838030618,0.1979426809099125,0.0009419643711259,0.0711967982295182,0,1,0,1,false_negative,"(0.1, 0.2]",Q3
0.1304141652325937,0.1299994447926478,0.1292459019606406,0.1380685174638503,0.1156750773848492,0.1252443595543537,0.1281079110648225,3.888295597316705e-05,0.042754600859826,0,1,0,1,false_negative,"(0.1, 0.2]",Q1_low
0.2076325053206291,0.1682284361992321,0.2369546542108671,0.1866105556732367,0.1813296653786532,0.1737308370150359,0.192414442299609,0.0004722881851554,0.066654504730009,0,1,0,1,false_negative,"(0.1, 0.2]",Q2
0.1868169584889213,0.1530808334146457,0.186955413641322,0.1965144788702449,0.1378690079472759,0.1800125371641374,0.1735415382544245,0.0003738526462543,0.0600579251070467,0,1,0,1,false_negative,"(0.1, 0.2]",Q2
0.1815690509710001,0.1224541393127514,0.1236042022194248,0.1226362081891566,0.1114204468106934,0.1251024438366393,0.1311310818899443,0.0004532783523259,0.0475855161282305,0,1,0,1,false_negative,"(0.1, 0.2]",Q2
0.1880710982654231,0.1366902876473741,0.1625573964221006,0.1527733469817536,0.1296244620490822,0.142277274699424,0.1519989776775263,0.000320394883822,0.0528835484877768,0,1,0,1,false_negative,"(0.1, 0.2]",Q2
0.1494691288966706,0.139535820467766,0.1416619209156309,0.1306697743815555,0.1395847003434077,0.123600547135039,0.1374203153566783,5.841154954881444e-05,0.0459872766196951,0,1,0,1,false_negative,"(0.1, 0.2]",Q1_low
0.1023933266407679,0.1178837838382976,0.1167134504255936,0.122974146372589,0.1028621800951059,0.0961531113828322,0.109829999792531,8.2275116409291e-05,0.0372741842675709,0,1,0,1,false_negative,"(0.1, 0.2]",Q1_low
0.1730528868630711,0.1261290266159348,0.1396359832809651,0.1542091061337811,0.1047750369963008,0.1153624952302462,0.1355274225200498,0.0004592442002719,0.0489613311670537,0,1,0,1,false_negative,"(0.1, 0.2]",Q2
0.226384249762976,0.1670237568523991,0.1751660411877147,0.1923923246953488,0.1826566167255991,0.2019100312827322,0.1909221700844617,0.0003240232383667,0.0652445970484214,0,1,0,1,false_negative,"(0.1, 0.2]",Q2
0.2213429396385512,0.148449146359169,0.1478480077636071,0.1529990884456673,0.1568781407765747,0.2264363233166439,0.1756589410500355,0.0010064826561756,0.0649383598724311,0,1,0,1,false_negative,"(0.1, 0.2]",Q3
0.1398155991929556,0.1957949761944844,0.1561117435671986,0.1376399432882843,0.1654733622009209,0.1701163751031175,0.1608253332578269,0.0003331418171474,0.0557561860853627,0,1,0,1,false_negative,"(0.1, 0.2]",Q2
0.1882042625035656,0.2121911212793451,0.113340511371217,0.1219164667257261,0.1890940240801995,0.1748748378033008,0.1666035372938924,0.0011361342510886,0.0631565203914388,0,1,0,1,false_negative,"(0.1, 0.2]",Q4_high
0.1481594030635788,0.1592902361051361,0.1334479304159407,0.1240906857172206,0.1621082116402597,0.1551409868791687,0.1470395756368841,0.0001650591026928,0.0500387623187115,0,1,0,1,false_negative,"(0.1, 0.2]",Q1_low
0.1468875741082392,0.143566215662392,0.1423354164455198,0.1331784511222363,0.1175628297206613,0.1309264028979722,0.1357428149928368,8.416561424508248e-05,0.0456782494835292,0,1,0,1,false_negative,"(0.1, 0.2]",Q1_low
0.0725150920745156,0.1237300721869644,0.1207096972829539,0.1304741726362162,0.1176744077013207,0.0884899985831022,0.1089322400775122,0.0003774655132114,0.0402389430280199,0,1,0,1,false_negative,"(0.1, 0.2]",Q2
0.1149338193157261,0.1594675744999676,0.131858033344806,0.1814851935858882,0.1561533071615481,0.1336711057662798,0.1462615056123693,0.0004086226140222,0.0518100965573063,0,1,0,1,false_negative,"(0.1, 0.2]",Q2
0.2109403833776978,0.1567379278849593,0.2165855456156222,0.1912897261328084,0.1305008770528731,0.2061957596454276,0.1853750366182314,0.0008467751815489,0.0668223116098599,0,1,0,1,false_negative,"(0.1, 0.2]",Q3
0.1714569097317312,0.171633643333845,0.1706699114285915,0.179192077489096,0.1741577909355043,0.1668415421489077,0.1723253125112793,1.2079294029449907e-05,0.0570799046373433,0,1,0,1,false_negative,"(0.1, 0.2]",Q1_low
0.2003177651742926,0.1378149118182292,0.1576887123987284,0.1941395854212412,0.1355220703428532,0.1674692320797398,0.1654920462058474,0.0005375052440558,0.0587061402445653,0,1,0,1,false_negative,"(0.1, 0.2]",Q3
0.2202443421584617,0.161921859917161,0.2272376514669618,0.2024187816637344,0.1818292190392388,0.2040698291465628,0.1996202805653534,0.0004219134246687,0.0686234150638989,0,1,0,1,false_negative,"(0.1, 0.2]",Q2
0.1824454991276706,0.1563553254226396,0.1549203405334344,0.1531288625883421,0.1325927993587747,0.1509914122789273,0.1550723732182981,0.0001823885455727,0.0527597902667563,0,1,0,1,false_negative,"(0.1, 0.2]",Q1_low
0.1636968163688269,0.1224639933021723,0.1096602904491995,0.1218323247578139,0.1087661454711428,0.1244855957343196,0.1251508610139125,0.0002875545532766,0.0442363983483679,0,1,0,1,false_negative,"(0.1, 0.2]",Q2
0.2406157595939504,0.1936530454824322,0.1591986335330442,0.1868534123253732,0.2264002870765079,0.1871253573846839,0.1989744158993319,0.0006262755251154,0.0696492689902227,0,1,0,1,false_negative,"(0.1, 0.2]",Q3
0.1799749925756501,0.1779481769723539,0.1564856766599127,0.1568211850182246,0.1659592530888105,0.1878289536186061,0.1708363729889263,0.000121284885401,0.0573908533007738,0,1,0,1,false_negative,"(0.1, 0.2]",Q1_low
0.136453696805739,0.1247961750158261,0.1093315795006188,0.1323286927245629,0.1085902302059131,0.1167143774408848,0.1213691252822574,9.846720453283616e-05,0.0411666147784049,0,1,0,1,false_negative,"(0.1, 0.2]",Q1_low
0.2019378652158668,0.1445184854292988,0.1587917456951806,0.1656716702397054,0.1433632783900495,0.1277178159624515,0.1570001434887588,0.000471002090239,0.0556054350145526,0,1,0,1,false_negative,"(0.1, 0.2]",Q2
0.166536797542519,0.1613572314775709,0.1726007631524889,0.1593616310989042,0.1561040379285496,0.1533119266159651,0.1615453979693329,3.561969471790065e-05,0.0537052956904056,0,1,0,1,false_negative,"(0.1, 0.2]",Q1_low
0.1555558944047817,0.1215274559817957,0.1291080145736586,0.1710941430636059,0.1140090760005387,0.1163907260382558,0.1346142183437728,0.0003896554136685,0.0480777911666801,0,1,0,1,false_negative,"(0.1, 0.2]",Q2
0.1735683824299243,0.2036374586847759,0.1904615841397724,0.2084954476387754,0.2154701606920402,0.1961098680898764,0.1979571502791941,0.0001577764441407,0.0664628217147862,0,1,0,1,false_negative,"(0.1, 0.2]",Q1_low
0.1778320364258897,0.1862802121197663,0.1665529446360786,0.1900078131177335,0.1935281772777045,0.2022107666161058,0.1860686583655464,0.0001114969713819,0.0622876757866544,0,1,0,1,false_negative,"(0.1, 0.2]",Q1_low
0.1818019820195236,0.2012740258475792,0.2045353251418526,0.1701649993618121,0.1941362710825377,0.2031783021478298,0.1925151509335225,0.0001359763665105,0.0645516876442562,0,1,0,1,false_negative,"(0.1, 0.2]",Q1_low
0.1469339521162798,0.1585155919552288,0.1710813310305066,0.2100904715381349,0.1480314906540779,0.1697371031104315,0.1673983234007766,0.0003877745098507,0.058224113968889,0,1,0,1,false_negative,"(0.1, 0.2]",Q2
0.1628511506915695,0.1493572334993385,0.1452331261031126,0.1381417204053002,0.1397613575558035,0.1383303464286131,0.1456124891139562,6.491660107029586e-05,0.0487217868217554,0,1,0,1,false_negative,"(0.1, 0.2]",Q1_low
0.2120551679541118,0.1234549553539624,0.1523596570777949,0.1819221747447602,0.1278043750215344,0.1538369627438796,0.1585722154826739,0.0008066496098038,0.0585504849701474,0,1,0,1,false_negative,"(0.1, 0.2]",Q3
0.1346485458054123,0.1784051154370501,0.1461667590677471,0.2265458103976661,0.1857619965093794,0.1574237429452847,0.1714919950270899,0.0007827242580783,0.0622274236593334,0,1,0,1,false_negative,"(0.1, 0.2]",Q3
0.2343255345202983,0.1631252226266656,0.1881628351354363,0.2377605478503019,0.1715493113410532,0.1458196731635215,0.1901238541062128,0.0010376698467723,0.0694154844671538,0,1,0,1,false_negative,"(0.1, 0.2]",Q3
0.2769498095859031,0.1670846016357342,0.1593849627103328,0.1868820967431519,0.1835142031911141,0.1802998816151937,0.1923525925802383,0.0013050480577169,0.0716520281801156,0,1,0,1,false_negative,"(0.1, 0.2]",Q4_high
0.1420285810133853,0.1646748223731048,0.1778725776982226,0.1588465125105602,0.137479919734958,0.1544417787391307,0.1558906986782269,0.0001574735894556,0.0528246484230739,0,1,0,1,false_negative,"(0.1, 0.2]",Q1_low
0.1126043914445665,0.1519447307972093,0.1698613265219702,0.1888541427090472,0.1489834742900863,0.1512332556322727,0.1539135535658587,0.000459569864124,0.0545683041283573,0,1,0,1,false_negative,"(0.1, 0.2]",Q2
0.1839235601029402,0.138267230398431,0.1712172054447911,0.1335053211410001,0.1241446094520319,0.1441613869149407,0.1492032189090225,0.0003870702160903,0.0525445725794479,0,1,0,1,false_negative,"(0.1, 0.2]",Q2
0.166121605841929,0.181144836485969,0.2215452581900459,0.2095475992623756,0.1776033155127642,0.1945494568477199,0.1917520120234673,0.0003116802352472,0.065431249417343,0,1,0,1,false_negative,"(0.1, 0.2]",Q2
0.1178556102635609,0.1241380683472251,0.1081559534768362,0.1195042442888904,0.0961706493181389,0.0893570832214384,0.1091969348193483,0.000138405461084,0.0377092175405306,0,1,0,1,false_negative,"(0.1, 0.2]",Q1_low
0.1564599153376256,0.1645383393308269,0.2118391498692777,0.2367217662842637,0.1521263798495985,0.1322037427158885,0.1756482155645802,0.0011388687879127,0.0657826958760393,0,1,0,1,false_negative,"(0.1, 0.2]",Q4_high
0.2442185895553885,0.1820122700468437,0.1830362632124959,0.1480117523330318,0.2187341267697608,0.1619312330169699,0.1896573724890818,0.000918252459267,0.0685541899848166,0,1,0,1,false_negative,"(0.1, 0.2]",Q3
0.1750845385539038,0.1802449055566035,0.1483807348118014,0.159086819198174,0.1946742186491553,0.1905340393332905,0.1746675426838214,0.0002310069819595,0.0594155290495728,0,1,0,1,false_negative,"(0.1, 0.2]",Q1_low
0.1406121314657487,0.1185737370938692,0.1348502910727751,0.1552550710442205,0.0980294457398708,0.1187308281810675,0.1276752507662586,0.0002887435106244,0.0450279240115403,0,1,0,1,false_negative,"(0.1, 0.2]",Q2
0.0968811360084725,0.1040035262273915,0.0859495419293671,0.1093678375393893,0.0771608517714447,0.0708527110593184,0.0907026007558973,0.000166209805026,0.0322794477198534,0,1,0,1,false_negative,"(-0.001, 0.1]",Q1_low
0.2257319245360216,0.1393806230690421,0.1754503685038796,0.1702883587251464,0.1379297634073969,0.1614145062629494,0.1683659240840727,0.0007370818395616,0.0609780421905474,0,1,0,1,false_negative,"(0.1, 0.2]",Q3
0.0855293940647466,0.0973036493378906,0.0911885837039765,0.1108150756116154,0.065797608703447,0.0740777775124468,0.0874520148223538,0.0001869041796627,0.0315666533924357,0,1,0,1,false_negative,"(-0.001, 0.1]",Q1_low
0.1610696207444004,0.118927758173754,0.1459523672088654,0.1534481373531849,0.1140832766942378,0.1243213865749865,0.1363004244582382,0.0002770893826084,0.0476040700764114,0,1,0,1,false_negative,"(0.1, 0.2]",Q2
0.1857084313637297,0.166235770988762,0.1751339792949758,0.2315572114896557,0.1881423791333254,0.160399523699392,0.1845295493283068,0.000461605787065,0.064106476241698,0,1,0,1,false_negative,"(0.1, 0.2]",Q2
0.140094542093236,0.1995158159325959,0.1615967637536335,0.1482210321940722,0.1804104466713653,0.1614390327186584,0.1652129388939269,0.0003363756367676,0.0571630075200839,0,1,0,1,false_negative,"(0.1, 0.2]",Q2
0.131321532704495,0.1195353236491734,0.1138293621086082,0.1258912627370779,0.1021909010577316,0.1060243186641345,0.1164654501535368,9.124317053547102e-05,0.0395107402143794,0,1,0,1,false_negative,"(0.1, 0.2]",Q1_low
0.1997121046235919,0.153920538021798,0.1959564438670383,0.1433614746579698,0.1617745757938515,0.1414024401521894,0.1660212628527398,0.00047360031517,0.0584117680848507,0,1,0,1,false_negative,"(0.1, 0.2]",Q2
0.1068704986560691,0.1572360560056821,0.1991572659875713,0.2283719775517635,0.1641391267683094,0.145584183841438,0.1668931848018056,0.0012826077484384,0.0642035430944282,0,1,0,1,false_negative,"(0.1, 0.2]",Q4_high
0.1820925107993026,0.1789106496906349,0.1792111879890488,0.2084070910576674,0.197780411168136,0.1773066584374187,0.1872847515237014,0.000116877401971,0.0627205890030729,0,1,0,1,false_negative,"(0.1, 0.2]",Q1_low
0.1754302740340334,0.1766135442642258,0.1611051394418654,0.1625725764370418,0.1906520532241838,0.2129058112988703,0.1798798997833701,0.0002698933480234,0.0613560699385216,0,1,0,1,false_negative,"(0.1, 0.2]",Q2
0.1619849807765469,0.1775627023616213,0.1806421180504413,0.1704509902688817,0.1603708598180619,0.1744623131167743,0.1709123273987212,4.89330857551081e-05,0.0568853492528122,0,1,0,1,false_negative,"(0.1, 0.2]",Q1_low
0.259458912184932,0.1585213334608101,0.1705213869596095,0.1570007824661336,0.1101906912385795,0.182058913533453,0.1729586699739196,0.0017105652425317,0.068587654592548,0,1,0,1,false_negative,"(0.1, 0.2]",Q4_high
0.1854222350963867,0.1451853009671973,0.1172165474178126,0.1421976289110426,0.1194252988304622,0.1463165531495784,0.1426272607287466,0.000433683464279,0.0509011554244,0,1,0,1,false_negative,"(0.1, 0.2]",Q2
0.1314456359138523,0.1298182751947138,0.1387569600099376,0.1693567354703381,0.1178426864173947,0.1114116476719702,0.1331053234463678,0.000294746968025,0.0467667708523123,0,1,0,1,false_negative,"(0.1, 0.2]",Q2
0.1988553066798934,0.1717729428292313,0.212373290334054,0.1828378061299117,0.184164590767544,0.1747624026446866,0.1874610565642202,0.000170008883194,0.0631300806431973,0,1,0,1,false_negative,"(0.1, 0.2]",Q1_low
0.1746036166968004,0.138440116019434,0.1565715301083751,0.1627910962217905,0.144180601598939,0.133321307381533,0.1516513780044787,0.0001773497017224,0.0516209520277841,0,1,0,1,false_negative,"(0.1, 0.2]",Q1_low
0.156227172266364,0.1564660220803292,0.186975528622466,0.2060342767669618,0.1500574634463976,0.1383956577877108,0.1656926868283716,0.0004635312209361,0.0582374537738128,0,1,0,1,false_negative,"(0.1, 0.2]",Q2
0.2330405190678356,0.1414877966761172,0.11945350344635,0.1856622016091135,0.1284647238990347,0.1442701314495592,0.1587298126913351,0.0013160583171984,0.0621430929672398,0,1,0,1,false_negative,"(0.1, 0.2]",Q4_high
0.1651003128481595,0.1343220513901356,0.1593332991693668,0.1926087511595886,0.1345398959369706,0.1425889752977071,0.1547488809669881,0.0003621515073766,0.0540727692624916,0,1,0,1,false_negative,"(0.1, 0.2]",Q2
0.1496242346439787,0.1166504499886899,0.1121628407450591,0.1117983493201408,0.1030136267023852,0.1044888236543416,0.1162897208424326,0.0002091484776358,0.0407038100396058,0,1,0,1,false_negative,"(0.1, 0.2]",Q1_low
0.1715611555844526,0.1513104113684466,0.1780227495441268,0.2046581387862364,0.1261526078080315,0.1692383577399512,0.1668239034718742,0.0004971339129117,0.0588286254495975,0,1,0,1,false_negative,"(0.1, 0.2]",Q2
0.2052693161246766,0.165226338702901,0.1714828286806166,0.1698392819082081,0.2025034106081412,0.2070520583785378,0.1868955390671802,0.0002836440574724,0.0636950820722566,0,1,0,1,false_negative,"(0.1, 0.2]",Q2
0.2056458647221388,0.1842453377261553,0.1901271056759279,0.2050357090937837,0.1885063417963309,0.1609675171921289,0.1890879793677442,0.0001920176153731,0.0638020347717953,0,1,0,1,false_negative,"(0.1, 0.2]",Q1_low
0.1493769788519317,0.115706051761804,0.1333329345796273,0.1401618881090648,0.1044780635972143,0.1047582999136186,0.1246357028022101,0.000258573606137,0.0437977977851535,0,1,0,1,false_negative,"(0.1, 0.2]",Q1_low
0.1974587455744003,0.1794296951732601,0.1905470449030031,0.1824031310859677,0.1956210431144124,0.1575136795498541,0.1838288899001496,0.0001548339211419,0.0618495921902488,0,1,0,1,false_negative,"(0.1, 0.2]",Q1_low
0.1167859359840609,0.1192381885042817,0.1072725687239004,0.133860104021662,0.1093363955304643,0.1058484815600028,0.115390279054062,7.878304655377984e-05,0.0390290433498405,0,1,0,1,false_negative,"(0.1, 0.2]",Q1_low
0.1793858712769646,0.17228269503079,0.1332207560674388,0.178374519607005,0.1706653093929448,0.2195229511414992,0.1755753504194404,0.0005403726816692,0.061836676792973,0,1,0,1,false_negative,"(0.1, 0.2]",Q3
0.1577389265887704,0.1820258081580689,0.1967738597705094,0.2387437472234371,0.1703788002427994,0.1853399088493736,0.1885001751388264,0.0005599162492154,0.0659789379670377,0,1,0,1,false_negative,"(0.1, 0.2]",Q3
0.1434831444423002,0.1497274044365052,0.1449203433824058,0.1610137312991867,0.1389153602279385,0.123276917395514,0.1435561501973084,0.0001110717263241,0.0484534974287494,0,1,0,1,false_negative,"(0.1, 0.2]",Q1_low
0.1333246628212223,0.130155213062531,0.1319868541374337,0.1712561556985851,0.1273459489103776,0.1160354975296266,0.1350173886932961,0.0002525859467132,0.0469833210816646,0,1,0,1,false_negative,"(0.1, 0.2]",Q1_low
0.1849826764314698,0.1985401548044823,0.189568978458388,0.1904078186185094,0.1474965046036055,0.1824972347789725,0.1822488946159046,0.0002286886677559,0.0618372426475567,0,1,0,1,false_negative,"(0.1, 0.2]",Q1_low
0.1608228535964999,0.1599837015362,0.1558153527029521,0.1477603964011668,0.1330825578610169,0.1592431882640883,0.1527846750603207,8.296464204808897e-05,0.051215034796214,0,1,0,1,false_negative,"(0.1, 0.2]",Q1_low
0.1718790724725288,0.1283324401924315,0.1557832665224467,0.1710727998901926,0.1107923287392781,0.1222766347140309,0.1433560904218181,0.0004952376126748,0.0516293686358724,0,1,0,1,false_negative,"(0.1, 0.2]",Q2
0.2041170807150366,0.1509149384821724,0.166276244535129,0.190843881780126,0.1439634032261604,0.1798402906699894,0.1726593065681023,0.0003869789650822,0.0598716212576105,0,1,0,1,false_negative,"(0.1, 0.2]",Q2
0.1636771877531755,0.1395003682868129,0.1396234436587842,0.1591027351043081,0.1426437315383801,0.1297550061845155,0.1457170787543294,0.0001202506303883,0.0492320858631618,0,1,0,1,false_negative,"(0.1, 0.2]",Q1_low
0.1395165014132349,0.1513082497821775,0.1516974859842469,0.143499018939108,0.1508015798060735,0.1578420879074177,0.1491108206387098,3.0593786692281166e-05,0.0495743838720082,0,1,0,1,false_negative,"(0.1, 0.2]",Q1_low
0.1215302607791854,0.1224015728309907,0.1609809941320357,0.1691547383331502,0.0874324917073912,0.0877411400547211,0.1248735329729124,0.0008660725900421,0.0493939863268775,0,1,0,1,false_negative,"(0.1, 0.2]",Q3
0.1820134391378745,0.1370976965561292,0.1240744808829301,0.1352479547444879,0.1321627354326846,0.1473074232225428,0.1429839549961082,0.0003015933931813,0.0499056960999747,0,1,0,1,false_negative,"(0.1, 0.2]",Q2
0.1667847256095811,0.115698112878442,0.1397924997445571,0.158125822894869,0.0944736997983302,0.1231716971742568,0.1330077596833394,0.0005284398562562,0.0488057410850779,0,1,0,1,false_negative,"(0.1, 0.2]",Q3
0.2512347966002251,0.1427047423803204,0.1692586644966947,0.1700064713396768,0.133489681007805,0.1588992511852235,0.1709322678349909,0.0012565268806678,0.0651793804622325,0,1,0,1,false_negative,"(0.1, 0.2]",Q4_high
0.1298618527124882,0.1287911737147899,0.1068378123770873,0.1247317740672307,0.1267963161492342,0.1164845940261388,0.1222505871744949,5.690441137598488e-05,0.0410231870005304,0,1,0,1,false_negative,"(0.1, 0.2]",Q1_low
0.1224515515050161,0.1086350496520969,0.0977834491527914,0.1264491954418122,0.091320036844756,0.0864535172990943,0.1055154666492611,0.0001942051434916,0.0371911164022447,0,1,0,1,false_negative,"(0.1, 0.2]",Q1_low
0.1812163637776102,0.1651708268931407,0.141192315348357,0.1675785777951805,0.1768088135332625,0.1537625835634159,0.1642882468184945,0.0001570203710853,0.0555324450837489,0,1,0,1,false_negative,"(0.1, 0.2]",Q1_low
0.1456613370399373,0.1171011264399377,0.1190234322716589,0.1393927578503111,0.0956356205274739,0.1067906130776304,0.1206008145344915,0.0002585550642114,0.042546830723761,0,1,0,1,false_negative,"(0.1, 0.2]",Q1_low
0.2039934571927758,0.1808494168457873,0.1785157152481475,0.1859628860478963,0.1953719465582487,0.1711130615628985,0.1859677472426256,0.0001022509973067,0.0621927365522407,0,1,0,1,false_negative,"(0.1, 0.2]",Q1_low
0.196657269012375,0.113823787944198,0.1295840136103465,0.1895441699818757,0.0947358608912948,0.1062469975386266,0.1384320164964528,0.0013759591131426,0.0570833067753543,0,1,0,1,false_negative,"(0.1, 0.2]",Q4_high
0.1426148628618,0.1276845226383131,0.1235566995697732,0.1265610078298518,0.1186794600603613,0.1315056591331999,0.1284337020155499,4.764869795839941e-05,0.0429478568096939,0,1,0,1,false_negative,"(0.1, 0.2]",Q1_low
0.2301083761092872,0.1931108494637129,0.1768591234586852,0.1621057592900187,0.2140414961073556,0.2221328054438561,0.199726401645486,0.0005160034152181,0.0692244617387943,0,1,0,1,false_negative,"(0.1, 0.2]",Q2
0.159467052236909,0.1255254265934665,0.1180403353228504,0.1401345633304741,0.1097748661443416,0.0981772245684723,0.1251865780327523,0.0003452575453183,0.0447967475181568,0,1,0,1,false_negative,"(0.1, 0.2]",Q2
0.1444215887896182,0.1712750345391802,0.1221109482454169,0.1398873366351617,0.1666885202558336,0.159788651738545,0.1506953467006259,0.0002478906147656,0.0518897469589703,0,1,0,1,false_negative,"(0.1, 0.2]",Q1_low
0.1741959213146834,0.138176992936327,0.1383694376095918,0.1374739879889919,0.1331768268894276,0.1537262173803788,0.1458532306865668,0.0001730181053931,0.0497255097173927,0,1,0,1,false_negative,"(0.1, 0.2]",Q1_low
0.1958821632498077,0.1692678701425824,0.2172586531254686,0.1801840828714421,0.1445078772223502,0.1914557959419594,0.1830927404256017,0.0004413140885548,0.0635221902369284,0,1,0,1,false_negative,"(0.1, 0.2]",Q2
0.1755009811659044,0.1418814082688141,0.1979604070809847,0.2182897995251485,0.146835816064596,0.159315863597196,0.1732973792837739,0.0006457284320381,0.0618492294802123,0,1,0,1,false_negative,"(0.1, 0.2]",Q3
0.1550157310540593,0.1482572350452518,0.1336818208340562,0.1548106775448774,0.1644724613032376,0.1603531399482481,0.1527651776216217,8.405468238768529e-05,0.0512176329694558,0,1,0,1,false_negative,"(0.1, 0.2]",Q1_low
0.203943253523948,0.1302004742513579,0.1597331889215497,0.1287259974804348,0.1157299096245519,0.1348724085967267,0.1455342053997615,0.0007332624511345,0.0541747590002736,0,1,0,1,false_negative,"(0.1, 0.2]",Q3
0.2307087832234738,0.1879655828690299,0.1825855824371453,0.1431193390834992,0.191441653714138,0.202949115713273,0.1897950095067599,0.0005833742395623,0.0665296289561672,0,1,0,1,false_negative,"(0.1, 0.2]",Q3
0.1377097279148678,0.1179895442805539,0.137128742283833,0.1610219273587265,0.0955610097995659,0.0855269987444926,0.1224896583970066,0.0005774757707779,0.0461615209536715,0,1,0,1,false_negative,"(0.1, 0.2]",Q3
0.2150804910518055,0.1544564881322235,0.1905398660715116,0.1852108871369448,0.1618448785416132,0.1612574834678936,0.1780650157336654,0.0003828256212848,0.0615471058892438,0,1,0,1,false_negative,"(0.1, 0.2]",Q2
0.1147875014451501,0.1234048216749773,0.1245968421078004,0.1082904690918722,0.0917879492502221,0.1237147428855006,0.1144303877425871,0.0001172289516144,0.0391386376391266,0,1,0,1,false_negative,"(0.1, 0.2]",Q1_low
0.1745848225803722,0.1608187663706449,0.1692674952385485,0.166366203680622,0.1544349631333415,0.1392692428789045,0.1607902489804056,0.0001138270586864,0.0540677675493632,0,1,0,1,false_negative,"(0.1, 0.2]",Q1_low
0.180342356136757,0.1625461523598393,0.1414383968542999,0.1782135744025414,0.1622439482950847,0.1870374394186166,0.1686369779111898,0.0001978622655036,0.0572388685445572,0,1,0,1,false_negative,"(0.1, 0.2]",Q1_low
0.1085154523323195,0.1322037535679329,0.1204195804144915,0.1497489237168316,0.1114125013841586,0.1261641735816459,0.12474406416623,0.0001632437494077,0.042899649560947,0,1,0,1,false_negative,"(0.1, 0.2]",Q1_low
0.1734439613875821,0.1402254044135994,0.1366278416255523,0.169057698347488,0.1214662892279886,0.1377755315220986,0.1464327877540515,0.0002963475415796,0.0509421357452307,0,1,0,1,false_negative,"(0.1, 0.2]",Q2
0.1924480600262977,0.1791813580363272,0.1471158315559882,0.2138172377822395,0.203601031252021,0.2058119097657586,0.190329238069772,0.0004233861265514,0.0656885705553631,0,1,0,1,false_negative,"(0.1, 0.2]",Q2
0.1324963377537074,0.14120130951971,0.140790547480975,0.2262514723188841,0.1351489597368618,0.1567164850015043,0.1554341853019404,0.0009101969344279,0.0583784352836875,0,1,0,1,false_negative,"(0.1, 0.2]",Q3
0.185450101016363,0.13570383770248,0.1464636650766304,0.1494155033062882,0.1339086187630863,0.1586591783340497,0.1516001506998162,0.0002560697493632,0.0522426911508173,0,1,0,1,false_negative,"(0.1, 0.2]",Q1_low
0.1563230979243615,0.1216637734435972,0.1448901705554368,0.1646445012716544,0.1027079616637024,0.1134958410398603,0.1339542243164354,0.00044396915499,0.0483537082200595,0,1,0,1,false_negative,"(0.1, 0.2]",Q2
0.1775374364365723,0.1575384782470999,0.1518777336685464,0.1414776068750106,0.1889412132510716,0.151575243312286,0.1614912852984311,0.0002311282545979,0.0551952571000923,0,1,0,1,false_negative,"(0.1, 0.2]",Q1_low
0.0927316998475222,0.1064035716738212,0.0978397647855406,0.1231711868596219,0.082796430344808,0.090918682923007,0.0989768894057202,0.0001439367187083,0.0345588546914674,0,1,0,1,false_negative,"(-0.001, 0.1]",Q1_low
0.1558394073067455,0.1657404660648674,0.1422959544118585,0.1331572590478125,0.1614308243761657,0.1550594403754217,0.1522538919304785,0.0001072389572379,0.0512417081222114,0,1,0,1,false_negative,"(0.1, 0.2]",Q1_low
0.1824431628678307,0.1797630806524241,0.1826628690932703,0.1551354614605384,0.2017714252983158,0.1669337693381206,0.1781182947850833,0.0001792625400426,0.0601657601724838,0,1,0,1,false_negative,"(0.1, 0.2]",Q1_low
0.1987911434986179,0.1681876458303991,0.1805368882389797,0.1605503441715634,0.1702906266461311,0.1967668634253744,0.1791872519685109,0.0001775217756733,0.0604995614606645,0,1,0,1,false_negative,"(0.1, 0.2]",Q1_low
0.241631648938447,0.2051268345594826,0.15572346063369,0.1535368458614396,0.2101408428121536,0.2032931500538372,0.194908797143175,0.0008338392439623,0.0696364019666347,0,1,0,1,false_negative,"(0.1, 0.2]",Q3
0.189106835962468,0.1552284806121925,0.1611097268342619,0.1378103405309603,0.1836206393356589,0.1669816834346577,0.1656429511183666,0.0002541727000391,0.0566937782340824,0,1,0,1,false_negative,"(0.1, 0.2]",Q1_low
0.1602202955383181,0.1322145164267195,0.1196761676013207,0.1771366145875123,0.1198784543428814,0.1148870145099652,0.1373355105011195,0.000464943146662,0.0495561048315112,0,1,0,1,false_negative,"(0.1, 0.2]",Q2
0.2195974030812855,0.2085671794208891,0.1352293077611439,0.1657289875386652,0.236856914692189,0.1723799079492298,0.1897266167405671,0.0010450352661335,0.0693414501328087,0,1,0,1,false_negative,"(0.1, 0.2]",Q4_high
0.1673763989205809,0.2017775331210196,0.16017441607,0.172249061179688,0.2572261920360306,0.2262670266632448,0.1975117713317606,0.0010501852521998,0.0716971122323658,0,1,0,1,false_negative,"(0.1, 0.2]",Q4_high
0.1450458971341525,0.1453669053992604,0.158805555503704,0.1454551828484921,0.155906802211954,0.141881194799026,0.1487435896494315,3.364796855752377e-05,0.0494796065191136,0,1,0,1,false_negative,"(0.1, 0.2]",Q1_low
0.1989785164057233,0.1655288687772889,0.1515788868999564,0.1491836511994884,0.1281308285882753,0.1480228578299171,0.1569039349501082,0.0004056262838055,0.0550790789741506,0,1,0,1,false_negative,"(0.1, 0.2]",Q2
0.1943361946820967,0.1891946691691894,0.2187379250502373,0.195394941376946,0.2011679206833274,0.2006915026449254,0.1999205256011204,7.470779752892414e-05,0.0665854822902395,0,1,0,1,false_negative,"(0.1, 0.2]",Q1_low
0.1542649536810377,0.1171681732705784,0.129756212127019,0.128854286473754,0.105812240087786,0.1005701469836595,0.1227376687706391,0.0002699330135989,0.043320151357317,0,1,0,1,false_negative,"(0.1, 0.2]",Q2
0.160170947741924,0.1431033806310898,0.1266467038396478,0.1662603740144683,0.1360943328545492,0.1372959874034452,0.1449286210808541,0.0001658905644708,0.049368450299173,0,1,0,1,false_negative,"(0.1, 0.2]",Q1_low
0.2211858164636913,0.214462991488166,0.154896391913252,0.1579012996074748,0.2398551886353337,0.18307852039642,0.1952300347507229,0.0008861300144941,0.0700457611548228,0,1,0,1,false_negative,"(0.1, 0.2]",Q3
0.1907221304009436,0.1619276593347793,0.1643047300936179,0.1856105174343995,0.1503922497342037,0.1515350144524377,0.1674153835750636,0.0002080045479169,0.0569205048580973,0,1,0,1,false_negative,"(0.1, 0.2]",Q1_low
0.1568247852256324,0.1209946636958474,0.1170658621787731,0.1509224886309873,0.1045571242932711,0.130290746304561,0.1301092783881787,0.0002932943490127,0.0458240199583407,0,1,0,1,false_negative,"(0.1, 0.2]",Q2
0.1375101028293886,0.1138870866539683,0.1082164773316747,0.1091013789686624,0.0979823665628876,0.1019610345151804,0.1114430744769603,0.0001389224812891,0.0384260569780862,0,1,0,1,false_negative,"(0.1, 0.2]",Q1_low
0.1004555783029902,0.1314523201781904,0.1094540611561449,0.1140686596302491,0.1338585847877167,0.1186302014250811,0.1179865675800621,0.0001184501344872,0.0402886963254026,0,1,0,1,false_negative,"(0.1, 0.2]",Q1_low
0.1765240258771358,0.1551353619767082,0.166203308048851,0.2221711134499008,0.163967523669735,0.1240130103597969,0.168002390563688,0.0007324302359523,0.0608367141681355,0,1,0,1,false_negative,"(0.1, 0.2]",Q3
0.1980340119012551,0.157346261182881,0.2107152859145925,0.1866431122231479,0.1590096712634831,0.1654978459587716,0.1795410314073552,0.0003536599508231,0.0618164819082209,0,1,0,1,false_negative,"(0.1, 0.2]",Q2
0.1539002274408387,0.1768131159384842,0.1485403061315481,0.1137432696925802,0.1593034162736643,0.2273538941062446,0.16327570493056,0.0010090783712195,0.0613419711857394,0,1,0,1,false_negative,"(0.1, 0.2]",Q3
0.2327683979912674,0.1596781968997083,0.1884739259808568,0.1827019371515522,0.1906135990446212,0.1774032680977935,0.1886065541942999,0.0004216488920524,0.0651329467368772,0,1,0,1,false_negative,"(0.1, 0.2]",Q2
0.2517159168414111,0.1367165752590993,0.1422660682911858,0.145229540169342,0.1345329372854288,0.1545080678363122,0.1608281842804632,0.0014516004791673,0.0636268289376834,0,1,0,1,false_negative,"(0.1, 0.2]",Q4_high
0.1748713062603674,0.146242475794469,0.211167198217379,0.2543201790679715,0.1490312407843079,0.1482401801873019,0.1806454300519661,0.0013751439890801,0.0686900774816646,0,1,0,1,false_negative,"(0.1, 0.2]",Q4_high
0.1701687294702479,0.140247553266257,0.1386892610265136,0.155828994240183,0.1320922251716161,0.142935380894106,0.1466603573448206,0.0001382108313923,0.0496898163752976,0,1,0,1,false_negative,"(0.1, 0.2]",Q1_low
0.1111377480591322,0.123335598027261,0.1380328296797008,0.1490962830192969,0.1145844260353043,0.1235076732239671,0.1266157596741104,0.0001486378445541,0.0433519840992731,0,1,0,1,false_negative,"(0.1, 0.2]",Q1_low
0.1506737057456103,0.2086302429224201,0.1652347674165926,0.2241399403490853,0.2311234040647043,0.1734465177694563,0.1922080963779782,0.0008011990916028,0.0686161596572895,0,1,0,1,false_negative,"(0.1, 0.2]",Q3
0.2398187043496389,0.1815772935302578,0.2166260896089354,0.1794435763475452,0.1933655135596139,0.1777812444451372,0.1981020703068547,0.0004485707749759,0.0683040427677784,0,1,0,1,false_negative,"(0.1, 0.2]",Q2
0.2511649008421046,0.1678525240792506,0.1493983368725291,0.1716030337807032,0.1585185508155403,0.1864611568545817,0.1808330838741182,0.000959715735069,0.0661703626448978,0,1,0,1,false_negative,"(0.1, 0.2]",Q3
0.1840954625215803,0.1995478695069453,0.1880530769209861,0.1927414553777248,0.2141481831934476,0.1946247280150694,0.1955351292559589,7.971834107085876e-05,0.0651781154188421,0,1,0,1,false_negative,"(0.1, 0.2]",Q1_low
0.16736135251602,0.1350808630574449,0.1478498119881943,0.1569425919847018,0.1438286729115024,0.1396050567432114,0.1484447248668458,0.0001012067055935,0.0499543809353283,0,1,0,1,false_negative,"(0.1, 0.2]",Q1_low
0.1978616262098183,0.1741565708572078,0.1997679545358906,0.1871334047663333,0.1862769229770589,0.2107033622932087,0.1926499736065863,0.0001166865813976,0.0644711557170304,0,1,0,1,false_negative,"(0.1, 0.2]",Q1_low
0.2301962609411776,0.1523378821583269,0.1603521061765249,0.147843573233222,0.1846932666469571,0.1669044322596012,0.1737212535693016,0.0006659882279834,0.062115343163388,0,1,0,1,false_negative,"(0.1, 0.2]",Q3
0.1737168182562745,0.1330556095949666,0.1850956157442569,0.1820577159621693,0.1362803218109937,0.1469631587709235,0.1595282066899308,0.0003945329813547,0.0558119792405407,0,1,0,1,false_negative,"(0.1, 0.2]",Q2
0.2410571445235105,0.1650814585705172,0.1882200988905845,0.2313834952440052,0.1524191508385247,0.2125719002112227,0.1984555413797274,0.0009194801804478,0.0712208666780622,0,1,0,1,false_negative,"(0.1, 0.2]",Q3
0.1315686846252366,0.1593965622797096,0.1671354767529577,0.1625441170345268,0.1433180050651469,0.1608462302398566,0.1541348459995724,0.0001340994661331,0.0520701419411611,0,1,0,1,false_negative,"(0.1, 0.2]",Q1_low
0.1599538647852035,0.1482155334595006,0.1296110711245478,0.1539150163874066,0.1473904291363411,0.1500832778596096,0.1481948654587682,7.436646428869369e-05,0.0496459806965752,0,1,0,1,false_negative,"(0.1, 0.2]",Q1_low
0.201663222609727,0.1626472594935817,0.1620705270406253,0.1782303872099035,0.1787971248078116,0.154145418335602,0.1729256565828752,0.0002092340914311,0.0587012892889507,0,1,0,1,false_negative,"(0.1, 0.2]",Q1_low
0.2090878728317292,0.1752696096114008,0.2162885481047683,0.2030754966775204,0.1741449192253272,0.1765768816665221,0.192407221352878,0.0002628832956252,0.0653306004927095,0,1,0,1,false_negative,"(0.1, 0.2]",Q1_low
0.1324946993980044,0.1136383685946726,0.0992913426153233,0.1068436536879394,0.0973702482768832,0.099824416820177,0.1082437882321667,0.0001269192192939,0.0372768941999613,0,1,0,1,false_negative,"(0.1, 0.2]",Q1_low
0.1777803001417348,0.1352129613647411,0.1894314875223214,0.2060687934972707,0.1585061075624721,0.1792036601458206,0.1743672183723935,0.0004359418635082,0.0607476037326438,0,1,0,1,false_negative,"(0.1, 0.2]",Q2
0.211276581918209,0.1644132454525997,0.2100152178970439,0.2050459429041073,0.182319343499395,0.1823906554111545,0.1925768311804182,0.0002587740782126,0.0653589839359423,0,1,0,1,false_negative,"(0.1, 0.2]",Q1_low
0.2331840603421052,0.1348284512355637,0.1636716828120266,0.2024041594222581,0.150207454509174,0.1388557335574934,0.1705252569797702,0.0010970564699968,0.0640283833808887,0,1,0,1,false_negative,"(0.1, 0.2]",Q4_high
0.1482327269153077,0.1213621628362226,0.1360430352117554,0.1632909052284869,0.1076891785108858,0.109786870119087,0.1310674798036243,0.0003501933576362,0.0466402272149279,0,1,0,1,false_negative,"(0.1, 0.2]",Q2
0.1219033154181275,0.16965152461722,0.1293417613958609,0.115644158390692,0.1802269641352017,0.175735584883588,0.1487505514734483,0.0006213308199417,0.054254951962448,0,1,0,1,false_negative,"(0.1, 0.2]",Q3
0.1374715391693916,0.1583545807491207,0.1378511073235709,0.1367123278466825,0.1579580463108778,0.1237223803946662,0.142011663632385,0.0001316974086386,0.0481346627626155,0,1,0,1,false_negative,"(0.1, 0.2]",Q1_low
0.1622643062314677,0.1849402398805033,0.1747144641383766,0.1449905441429969,0.166009778978726,0.1974845082145804,0.1717339735977752,0.0002405758355874,0.0585424719120973,0,1,0,1,false_negative,"(0.1, 0.2]",Q1_low
0.1505746217307783,0.1903263164433574,0.1328571981078493,0.1510952862471404,0.1801473708651043,0.1174908067429121,0.153748600022857,0.0005432881286023,0.0551598824370523,0,1,0,1,false_negative,"(0.1, 0.2]",Q3
0.1748853903565827,0.1248298808860331,0.1414534855783701,0.1451305363662062,0.1064878124110802,0.1105624283690365,0.1338915889945515,0.0004630456040641,0.0485014154379056,0,1,0,1,false_negative,"(0.1, 0.2]",Q2
0.1920051623276737,0.1718732724988753,0.188637035387452,0.167940099682782,0.1577826791141251,0.1970754726282692,0.1792189536065296,0.0001731040157641,0.0604793015564705,0,1,0,1,false_negative,"(0.1, 0.2]",Q1_low
0.1925865325330787,0.1084339068089315,0.1305169951411051,0.1374581020994924,0.0975875029920112,0.1005258881387975,0.127851487952236,0.0009042368013036,0.0505356453556005,0,1,0,1,false_negative,"(0.1, 0.2]",Q3
0.1857949259792595,0.1291590700227044,0.14926514191857,0.2119320933390338,0.1250098433022514,0.1376667234717961,0.1564712996722692,0.0008681566592775,0.0583768923312389,0,1,0,1,false_negative,"(0.1, 0.2]",Q3
0.184019225800535,0.1523528104220831,0.1557426256663144,0.1761018175709374,0.1754871078976937,0.1465163209544171,0.1650366513853301,0.0001688927786253,0.0558636230586108,0,1,0,1,false_negative,"(0.1, 0.2]",Q1_low
0.2211716910433957,0.14865620356313,0.1431284745025425,0.2147399380244497,0.160038691200545,0.166920080606492,0.1757758464900925,0.0008151988154253,0.0637291303225749,0,1,0,1,false_negative,"(0.1, 0.2]",Q3
0.1385244147022661,0.0976117583139803,0.0985675138158617,0.097180238017367,0.0680170653436832,0.0778129233342091,0.0962856522545612,0.0004188905008527,0.0370369157293919,0,1,0,1,false_negative,"(-0.001, 0.1]",Q2
0.1572010978092153,0.1348834579414471,0.1508859586092123,0.1416320582378269,0.1304209010517341,0.113145529931822,0.1380281672635429,0.0001761167758103,0.0472501412383941,0,1,0,1,false_negative,"(0.1, 0.2]",Q1_low
0.2375157477032302,0.1774333879084858,0.1911206628714619,0.2025792940767423,0.1808997935789199,0.2036136013570556,0.1988604145826493,0.0003388946804789,0.0678755362728236,0,1,0,1,false_negative,"(0.1, 0.2]",Q2
0.1583278090760566,0.1393322808704719,0.1841252516580678,0.2480753261260704,0.1244567045726063,0.1306380037433641,0.1641592293411062,0.0015415570311463,0.0651247295072069,0,1,0,1,false_negative,"(0.1, 0.2]",Q4_high
0.1603763863932394,0.1061656537459768,0.1332285810442186,0.1270607651921541,0.0814697130999242,0.0918838949035082,0.1166974990631702,0.0006080215393953,0.0447888402932894,0,1,0,1,false_negative,"(0.1, 0.2]",Q3
0.1779887602148673,0.1431072167397623,0.1320523572476799,0.1208724816476634,0.1341851895426184,0.1507171630922355,0.1431538614141378,0.0002815451766644,0.0497892466305845,0,1,0,1,false_negative,"(0.1, 0.2]",Q2
0.1785818026521023,0.127002605699091,0.1573994415102873,0.1960088535205093,0.1218329588607292,0.133696135590222,0.1524202996388235,0.0006487738605135,0.055561552079694,0,1,0,1,false_negative,"(0.1, 0.2]",Q3
0.2198054295249317,0.1299619473882867,0.1638970581141098,0.1720947193640572,0.1206539227875232,0.1536158805857544,0.1600048262941105,0.0008899019909646,0.0595631788321745,0,1,0,1,false_negative,"(0.1, 0.2]",Q3
0.1856273988061747,0.1271931634548969,0.1293732555024756,0.1315548354484196,0.1105219377076262,0.1333699397128275,0.1362734217720701,0.0004656732330315,0.0492417367738719,0,1,0,1,false_negative,"(0.1, 0.2]",Q2
0.2438152217361897,0.1447673681767295,0.1779488854869322,0.1471344036442937,0.1641877904640674,0.1630209964076682,0.1734791109859801,0.0009544651338846,0.0639583997467151,0,1,0,1,false_negative,"(0.1, 0.2]",Q3
0.1641903869209857,0.1886324945972791,0.1460987690602321,0.168296189316375,0.2102909907827092,0.1917939872530406,0.1782171363217703,0.0003783295875688,0.0615646186397329,0,1,0,1,false_negative,"(0.1, 0.2]",Q2
0.2416716581890699,0.1339197964594514,0.1571726892582309,0.2222493178960854,0.1435940364464306,0.1383653239440181,0.1728288036988811,0.0015690219506755,0.0676820022177392,0,1,0,1,false_negative,"(0.1, 0.2]",Q4_high
0.1542211337739572,0.1214043175191267,0.110837757200958,0.1272643023744386,0.119697572056017,0.1114493300651972,0.1241457354982824,0.0001828367955186,0.0429036825219775,0,1,0,1,false_negative,"(0.1, 0.2]",Q1_low
0.2200846821490248,0.1388258390695524,0.1451106368230455,0.1332819509733611,0.1406610228456524,0.1506184573966254,0.1547637648762103,0.0007559374041469,0.0570582721723594,0,1,0,1,false_negative,"(0.1, 0.2]",Q3
0.1572548922800642,0.108844467306495,0.1150653744147388,0.1289361779044578,0.0775688094102546,0.0806901762654497,0.1113933162635767,0.0006453995515648,0.0436602798390569,0,1,0,1,false_negative,"(0.1, 0.2]",Q3
0.2612791733705309,0.167874351449548,0.1602314733556945,0.1720982557098777,0.1793989378229717,0.174002616997425,0.1858141347843413,0.0010057246405651,0.0679383474062538,0,1,0,1,false_negative,"(0.1, 0.2]",Q3
0.2216698292644933,0.1745283912187888,0.1743715764681042,0.207946100041368,0.1585453836246259,0.2102463663087248,0.1912179411543508,0.0004570095498291,0.0661816470472566,0,1,0,1,false_negative,"(0.1, 0.2]",Q2
0.1932826921375492,0.1681741834071594,0.1527944200896725,0.2114777298299552,0.1560323857265214,0.1650009953339387,0.174460401087466,0.0003803663771825,0.0603929226135184,0,1,0,1,false_negative,"(0.1, 0.2]",Q2
0.2157515512790972,0.1558868076832928,0.146925407944156,0.1706602981584408,0.1455093240057585,0.1654375622346838,0.1666951585509049,0.0004829052315727,0.0586872384236053,0,1,0,1,false_negative,"(0.1, 0.2]",Q2
0.2192739209292144,0.1424676041091082,0.1545528235106431,0.1919111743041862,0.1474983758706006,0.1557889372186417,0.1685821393237324,0.0006572689069379,0.0604925606893119,0,1,0,1,false_negative,"(0.1, 0.2]",Q3
0.2012217884609803,0.2027612142745808,0.209848524600381,0.1733964011068846,0.2070929176010582,0.2035155131139169,0.199639393192967,0.0001251071530167,0.066807518863331,0,1,0,1,false_negative,"(0.1, 0.2]",Q1_low
0.2114361193197671,0.1215091994690392,0.1513669954166521,0.2383721908659828,0.1269136446866467,0.1205272036911165,0.1616875589082007,0.0018542380844876,0.0664577128060184,0,1,0,1,false_negative,"(0.1, 0.2]",Q4_high
0.2211406154592662,0.1673466535331942,0.2051126337864763,0.2026837132176586,0.1869389173581755,0.2072013493315296,0.1984039804477168,0.0002505250914072,0.0671847904344708,0,1,0,1,false_negative,"(0.1, 0.2]",Q1_low
0.1997998980231901,0.1847326506545195,0.1503437301860237,0.159671320729244,0.2006014896011306,0.1877399351034141,0.180481504049587,0.0003128743394872,0.0618397764555449,0,1,0,1,false_negative,"(0.1, 0.2]",Q2
0.1995401262467234,0.1430032573999534,0.1594224938830062,0.1275426451473646,0.1480415441772936,0.1739563246140794,0.1585843985780701,0.000461697762578,0.0560237943724406,0,1,0,1,false_negative,"(0.1, 0.2]",Q2
0.1757516781809239,0.1418749793987674,0.1425354454744156,0.1336230276467899,0.115532817535292,0.1372504499289466,0.1410947330275226,0.0002754006716558,0.0490906413192713,0,1,0,1,false_negative,"(0.1, 0.2]",Q2
0.1646099457835049,0.1380691501199668,0.1591126067045273,0.1643906669585721,0.1239167620996505,0.1255082514845042,0.1459345638584543,0.0002609915728153,0.0504914992404157,0,1,0,1,false_negative,"(0.1, 0.2]",Q1_low
0.2220381727847475,0.1701842994856022,0.1841853126594069,0.1862105267566649,0.1647671734825868,0.1892736474745597,0.1861098554405947,0.0002876715674975,0.0634698250051051,0,1,0,1,false_negative,"(0.1, 0.2]",Q2
0.2333290082988386,0.1742679650154706,0.1548981181792057,0.1785063178637949,0.1942245812747196,0.1544922071333973,0.1816196996275711,0.0006209172223622,0.0642377516386227,0,1,0,1,false_negative,"(0.1, 0.2]",Q3
0.183509888478036,0.1470932109605798,0.1694339705209562,0.1975308972613889,0.1458911531845675,0.1405375051871573,0.163999437598781,0.0003855347663935,0.0571424359766837,0,1,0,1,false_negative,"(0.1, 0.2]",Q2
0.1647951492294251,0.1674449205634767,0.2156813949047965,0.2545590325550054,0.1666752519414106,0.1689500862944594,0.1896843059147623,0.0009939948002748,0.0690212765401416,0,1,0,1,false_negative,"(0.1, 0.2]",Q3
0.1758798829885946,0.1562904583541299,0.1488684021697012,0.1456027054877463,0.1592281416164276,0.1730708814135212,0.1598234120050201,0.0001097689355503,0.0537218232641069,0,1,0,1,false_negative,"(0.1, 0.2]",Q1_low
0.1774310579141774,0.1432115974094771,0.1242721334008607,0.162518777365433,0.1382702069554521,0.1467656219702695,0.1487448991692783,0.0002508265474322,0.0512956677451543,0,1,0,1,false_negative,"(0.1, 0.2]",Q1_low
0.1372943620533744,0.163734050735623,0.1861934537016929,0.2502109023210818,0.1497096699404055,0.1410018817000532,0.1713573867420384,0.0012923530048415,0.0655298808478052,0,1,0,1,false_negative,"(0.1, 0.2]",Q4_high
0.0789976759365783,0.1154530114752321,0.099490827022805,0.1182057836176319,0.0980145299023439,0.095622405475632,0.1009640389050372,0.0001470188847481,0.0352184163086005,0,1,0,1,false_negative,"(0.1, 0.2]",Q1_low
0.1299362719266721,0.194443506109866,0.1477323977343903,0.1688879337358416,0.2007393029271266,0.1886196322671052,0.171726507450167,0.0005676257974952,0.0608346354934691,0,1,0,1,false_negative,"(0.1, 0.2]",Q3
0.1864836753842191,0.1549213350112602,0.1537716445451148,0.1218530218019681,0.1911619652097286,0.1601183153532304,0.1613849928842535,0.0004543907285366,0.0568353559318306,0,1,0,1,false_negative,"(0.1, 0.2]",Q2
0.21654157127257,0.1922356870551822,0.1963684317719722,0.1933606862668679,0.218240302136244,0.1810969044450983,0.1996405971579891,0.000154348218782,0.0669896033051308,0,1,0,1,false_negative,"(0.1, 0.2]",Q1_low
0.215522136359429,0.1813898950697899,0.2204229102115863,0.1829800748328546,0.1886348628484334,0.200546705071634,0.1982494307322878,0.0002007320156032,0.0668257999294372,0,1,0,1,false_negative,"(0.1, 0.2]",Q1_low
0.2013236227323198,0.1433551240658442,0.1795725999708921,0.1832144158393458,0.1536470589349915,0.1554497861536929,0.1694271012828477,0.0003477903339441,0.0585756658676363,0,1,0,1,false_negative,"(0.1, 0.2]",Q2
0.1681844970815839,0.1291165457270932,0.1500088570186125,0.122813951908741,0.1250808249541318,0.1354759864049562,0.1384467771825198,0.0002195609138284,0.0477694257599944,0,1,0,1,false_negative,"(0.1, 0.2]",Q1_low
0.2166266665120881,0.1753635461234159,0.1721193718870884,0.1962634481858286,0.2066517790396639,0.1841584084393516,0.1918638700312394,0.000224673523529,0.0649110916928484,0,1,0,1,false_negative,"(0.1, 0.2]",Q1_low
0.1990000675792402,0.1651086654950982,0.1817322351216108,0.1635346042567065,0.1672616506896614,0.1706821560859147,0.1745532298713719,0.0001325640337438,0.0586810188897818,0,1,0,1,false_negative,"(0.1, 0.2]",Q1_low
0.1782040340927798,0.1873660480876121,0.2165571291478593,0.2093406371085105,0.1992832194666654,0.2005226741127421,0.1985456236693616,0.0001405946567799,0.0665471155392528,0,1,0,1,false_negative,"(0.1, 0.2]",Q1_low
0.207544381024347,0.1817268932745617,0.2261065475507353,0.2085115172220976,0.1870446334958034,0.170641430044431,0.1969292337686627,0.000302573054927,0.0670329206668212,0,1,0,1,false_negative,"(0.1, 0.2]",Q2
0.1266768297180002,0.1107538447347171,0.1058176949529368,0.1349330190906951,0.0935290025147995,0.118598442002133,0.1150514721688803,0.0001585649691992,0.0397811000878397,0,1,0,1,false_negative,"(0.1, 0.2]",Q1_low
0.1538001423564907,0.133103711680607,0.1420783966668225,0.1510728080308749,0.1228323531456961,0.1333562920159967,0.1393739506494146,0.000100206408513,0.0470026245478796,0,1,0,1,false_negative,"(0.1, 0.2]",Q1_low
0.1624022721635991,0.1249664591891833,0.1123215898912738,0.1284900732720023,0.1204571150408526,0.1343618400681909,0.1304998916041837,0.0002140918270832,0.0452095588761334,0,1,0,1,false_negative,"(0.1, 0.2]",Q1_low
0.2421519103516016,0.1896282389628096,0.1840324345065529,0.192097683301066,0.2011114626514517,0.1848980151869298,0.1989866241600686,0.0003464157773231,0.0679619390535153,0,1,0,1,false_negative,"(0.1, 0.2]",Q2
0.2013126049532419,0.1590620664843432,0.1644020764751068,0.2027892384086928,0.1798206901850657,0.1710281345040005,0.1797358018350752,0.000247910930543,0.0611599252191428,0,1,0,1,false_negative,"(0.1, 0.2]",Q1_low
0.2050280577886586,0.1494319048082443,0.1587903532923522,0.1903734813473283,0.154328447612861,0.1761591739650415,0.1723519031357477,0.0003487272259682,0.0595063510680236,0,1,0,1,false_negative,"(0.1, 0.2]",Q2
0.1733333463956848,0.1677545918576364,0.146417207118113,0.1614855456437143,0.1658458483851922,0.1614095180074519,0.1627076762346321,5.9540364303439285e-05,0.0542729175550008,0,1,0,1,false_negative,"(0.1, 0.2]",Q1_low
0.1590734999293442,0.172691868213296,0.1839420456389549,0.1724834620889493,0.1709984149177536,0.1631454804493821,0.1703891285396133,5.34650747590703e-05,0.0567469316244544,0,1,0,1,false_negative,"(0.1, 0.2]",Q1_low
0.1797439432608906,0.1089568866034385,0.1101652809918955,0.1340826861065439,0.0851515233427423,0.0969467706259847,0.1191745151552492,0.0008183017163317,0.0474147671043412,0,1,0,1,false_negative,"(0.1, 0.2]",Q3
0.2115292552101309,0.1694360456137499,0.15620716702913,0.1469398900928648,0.157152730302071,0.1681012068767403,0.1682277158541145,0.000370974257229,0.0583638584524771,0,1,0,1,false_negative,"(0.1, 0.2]",Q2
0.1649031935967905,0.1369598238528416,0.1461702741581634,0.1434142888121224,0.1456745945146831,0.1631938790404431,0.1500526756625073,9.185152765711892e-05,0.0503986338752139,0,1,0,1,false_negative,"(0.1, 0.2]",Q1_low
0.2324358388678174,0.1698788408314229,0.2368363979894256,0.1678950189929053,0.1745486458964191,0.1788064464745197,0.1934001981754184,0.0007403731038599,0.0686118556619844,0,1,0,1,false_negative,"(0.1, 0.2]",Q3
0.1515205191776272,0.1829607490683728,0.1574832437217577,0.1549162325816544,0.2603623465288838,0.1358582877944937,0.1738502298121316,0.0014479608600042,0.0672150936986916,0,1,0,1,false_negative,"(0.1, 0.2]",Q4_high
0.1704663698269038,0.160825799412154,0.1495240137977322,0.1858807806665102,0.1507221152913152,0.1724345655103914,0.1649756074175011,0.0001402779265574,0.0556285623614811,0,1,0,1,false_negative,"(0.1, 0.2]",Q1_low
0.1938045313190803,0.1557484879788156,0.1892917866711896,0.1554260857351794,0.1549249363234491,0.1805345256682793,0.1716217256159989,0.0002395410183203,0.0584991011427001,0,1,0,1,false_negative,"(0.1, 0.2]",Q1_low
0.1663818414848356,0.1520715391481527,0.171663742937535,0.1904549280630537,0.1813578551861499,0.1655019113076623,0.1712386363545649,0.0001279601797692,0.0575703122513634,0,1,0,1,false_negative,"(0.1, 0.2]",Q1_low
0.1911902837733398,0.1965030536550388,0.2107551135860191,0.1969059135455306,0.1712267203728254,0.2214603964164422,0.1980069135581993,0.0002113859209196,0.0668135356379822,0,1,0,1,false_negative,"(0.1, 0.2]",Q1_low
0.0868975107567968,0.1634928275313527,0.1471544513585047,0.1406144329907107,0.1468395606812164,0.1178334537047298,0.1338053728372185,0.0005330351346058,0.0490822937006949,0,1,0,1,false_negative,"(0.1, 0.2]",Q3
0.1612531945455447,0.1191171801345557,0.1151372263105259,0.1441118248261829,0.1034580519615821,0.1325642642051906,0.1292736236639303,0.0003175897571847,0.0457903915223096,0,1,0,1,false_negative,"(0.1, 0.2]",Q2
0.145899108228913,0.1095583211784759,0.1161369387842526,0.1227189851285645,0.0949949375784253,0.1159545048584093,0.1175437992928401,0.0002010757474164,0.0410117066440191,0,1,0,1,false_negative,"(0.1, 0.2]",Q1_low
0.1886215709795115,0.1544178751584324,0.1811525859260281,0.2133218855375412,0.1566734472037272,0.1626319122108874,0.1761365461693546,0.0003709534276366,0.0608569271286383,0,1,0,1,false_negative,"(0.1, 0.2]",Q2
0.2535832660514451,0.1990640404117381,0.1563398441257737,0.1619963867547121,0.1987820000451446,0.2174121759981508,0.1978629522311607,0.0009285416870903,0.0710941792702914,0,1,0,1,false_negative,"(0.1, 0.2]",Q3
0.2396508290797367,0.180042057926676,0.2246479740639012,0.1716084717521296,0.1834434016778545,0.1987381730408854,0.1996884845901972,0.0005227485863413,0.06925302944872,0,1,0,1,false_negative,"(0.1, 0.2]",Q2
0.2194219086460827,0.1431470720954024,0.1694168463243253,0.1851777715852219,0.1594489614407155,0.1568781837969134,0.1722484573147769,0.0005210689604489,0.0606748420324129,0,1,0,1,false_negative,"(0.1, 0.2]",Q2
0.1836934851927545,0.1496879545119097,0.1419432830654281,0.164724523497591,0.1742639880282073,0.1949984788000509,0.1682186188493236,0.0002913094813579,0.0577860276657827,0,1,0,1,false_negative,"(0.1, 0.2]",Q2
0.0919865882543902,0.096493603192035,0.0981710108687339,0.1251993844792265,0.071309578314214,0.060910189206096,0.0906783923857826,0.0003635233084406,0.0347883633354689,0,1,0,1,false_negative,"(-0.001, 0.1]",Q2
0.2310788940209319,0.1549952510951547,0.1873917853948252,0.1940115535812029,0.1520644602370057,0.1841143679431398,0.1839427187120434,0.0005984721753779,0.064809845773502,0,1,0,1,false_negative,"(0.1, 0.2]",Q3
0.1396646799317661,0.1157277710966116,0.1240570695750856,0.133874054295606,0.0920851120368945,0.0896506691549608,0.1158432260151541,0.0003157930008177,0.0416665563015559,0,1,0,1,false_negative,"(0.1, 0.2]",Q2
0.2109301822260546,0.1588291300793638,0.1586226314559609,0.1773466447924727,0.1756481636650713,0.1808117800436396,0.1770314220437605,0.0002622338316128,0.0603914982477087,0,1,0,1,false_negative,"(0.1, 0.2]",Q1_low
0.1576282785086062,0.1465245172318934,0.168720589629168,0.1886829687643858,0.1432853810032105,0.1349863537119423,0.156638014808201,0.000274745485934,0.0539866955781032,0,1,0,1,false_negative,"(0.1, 0.2]",Q2
0.1052688088613343,0.1048447322785802,0.1257901784668839,0.1399372287641407,0.0835842486920106,0.0850599462013825,0.1074141905440554,0.000353458299193,0.0395339386390933,0,1,0,1,false_negative,"(0.1, 0.2]",Q2
0.1148050929651386,0.1238282949008321,0.098973907661996,0.1229035778462131,0.1163813648367434,0.1156707529866279,0.1154271651995919,5.693460224864047e-05,0.0388024581378456,0,1,0,1,false_negative,"(0.1, 0.2]",Q1_low
0.1231766838639529,0.1392178053993479,0.1295938249109264,0.1309832195734467,0.09716426820825,0.1155876412120772,0.1226205738613335,0.0001559747236743,0.0421525560500557,0,1,0,1,false_negative,"(0.1, 0.2]",Q1_low
0.0725741064654205,0.1436141557645231,0.1883045789554655,0.163104314987663,0.1367328895092033,0.1350061328376298,0.1398893630866509,0.0010659991767107,0.055141782942178,0,1,0,1,false_negative,"(0.1, 0.2]",Q4_high
0.1743513981829186,0.1327368784848956,0.1403685910818155,0.1528517720477732,0.1267217920631723,0.1465216980034137,0.1455920216439981,0.0002041849299825,0.0499058046363489,0,1,0,1,false_negative,"(0.1, 0.2]",Q1_low
0.1483833395511986,0.1288588418419661,0.1205176344177675,0.1211329146947672,0.1184748819832621,0.1294337052058929,0.1278002196158091,8.741495807189043e-05,0.0431329994332289,0,1,0,1,false_negative,"(0.1, 0.2]",Q1_low
0.1501991821268927,0.146834266240108,0.1229656478740569,0.1804569379764755,0.1678065019171691,0.1407397969740382,0.1515003888514567,0.000293979811415,0.0525158482601224,0,1,0,1,false_negative,"(0.1, 0.2]",Q2
0.1728726976462588,0.1283768041405742,0.1377494975658546,0.1391217011051269,0.1250956339667548,0.1290360061810375,0.1387087234342678,0.0002219848598548,0.0478737254201603,0,1,0,1,false_negative,"(0.1, 0.2]",Q1_low
0.2476627819667321,0.16103196336964,0.1522285693388457,0.1674769690999127,0.1751447379061124,0.1596301943170356,0.1771958693330464,0.0008939201145368,0.0646669553730141,0,1,0,1,false_negative,"(0.1, 0.2]",Q3
0.109641300757451,0.1114877529216814,0.0998308002905275,0.1208160037472517,0.0962952966754935,0.0824908624350169,0.1034270028045703,0.0001297266319556,0.0357851623935914,0,1,0,1,false_negative,"(0.1, 0.2]",Q1_low
0.2190142389443763,0.1469666833570375,0.1742546190411122,0.1680328390517399,0.1491814643922559,0.1768543465634622,0.172384031891664,0.0004858846633646,0.0604736967992176,0,1,0,1,false_negative,"(0.1, 0.2]",Q2
0.1249545969741433,0.188649811513221,0.154340699046336,0.1572290255545021,0.186422038907635,0.2199868201048679,0.1719304986834509,0.0007901742704235,0.0624090380104683,0,1,0,1,false_negative,"(0.1, 0.2]",Q3
0.2161283691163264,0.1806653571264515,0.2151409002731942,0.1791938712249561,0.2071312329032656,0.1881315255327199,0.1977318760294856,0.0002081347731305,0.0667042148469955,0,1,0,1,false_negative,"(0.1, 0.2]",Q1_low
0.1947940278946422,0.1306504527210163,0.1326138105796386,0.1682707820768148,0.1404527005449373,0.1400376424019424,0.151136569369832,0.0004570942473411,0.0536958167908345,0,1,0,1,false_negative,"(0.1, 0.2]",Q2
0.131435000667608,0.1349028771227111,0.1338585137729349,0.1304885047689597,0.1291213369906061,0.1123026621842042,0.1286848159178374,4.925910798175612e-05,0.0430458068837447,0,1,0,1,false_negative,"(0.1, 0.2]",Q1_low
0.1291585535274552,0.1342479587509919,0.138019186498148,0.1649834752143389,0.1284045008091278,0.128474308101375,0.1372146638169061,0.000142781312196,0.0466899112992896,0,1,0,1,false_negative,"(0.1, 0.2]",Q1_low
0.0820824350373135,0.1277709624681326,0.1202812279792582,0.1349704852539863,0.112191182147575,0.1055680078015513,0.1138107167813028,0.0002516772546853,0.0403816779442262,0,1,0,1,false_negative,"(0.1, 0.2]",Q1_low
0.1587893386177091,0.1353178892685892,0.1476853267452962,0.1347456659702602,0.1317988268811097,0.1259272481102486,0.1390440492655355,0.0001030646021866,0.0469214433683106,0,1,0,1,false_negative,"(0.1, 0.2]",Q1_low
0.1583179466448785,0.1361201488920899,0.1504227720677061,0.1501517526166757,0.1395882237804072,0.1285139458327494,0.1438524649724178,8.64775363536435e-05,0.0483353125377926,0,1,0,1,false_negative,"(0.1, 0.2]",Q1_low
0.1964580573039636,0.124253257874469,0.14705338887069,0.1238863334897926,0.1072448738635883,0.1327451146481776,0.1386068376751135,0.0006941084153097,0.0518425376592069,0,1,0,1,false_negative,"(0.1, 0.2]",Q3
0.1489719615328796,0.2434256181697221,0.1778224755579634,0.2051843672746141,0.2063825695217609,0.2026456097311673,0.1974054336313512,0.0007165301534773,0.0697015245813836,0,1,0,1,false_negative,"(0.1, 0.2]",Q3
0.2004436219593069,0.1540775155124378,0.1978902886066377,0.1755843119304186,0.1506445019901548,0.1820985057910103,0.1767897909649944,0.0003191134208642,0.0607072447023661,0,1,0,1,false_negative,"(0.1, 0.2]",Q2
0.2165672888433648,0.2379718593828392,0.1622268608081851,0.2174318179428636,0.1443270318497854,0.1338499977682782,0.1853958094325527,0.0013775176244195,0.0700647143949096,0,1,0,1,false_negative,"(0.1, 0.2]",Q4_high
0.1880627305596274,0.1663255544591345,0.1605800033945985,0.1516235971861471,0.1682244839300248,0.1601878203146677,0.1658340316407,0.0001087845535704,0.0556700572646799,0,1,0,1,false_negative,"(0.1, 0.2]",Q1_low
0.1602546951662415,0.1330170596324788,0.1567266437604332,0.1361355213654777,0.1159760455317082,0.154163261839664,0.1427122045493339,0.0002124772845982,0.0490602203023186,0,1,0,1,false_negative,"(0.1, 0.2]",Q1_low
0.2786263354841402,0.1382050312011153,0.1623653570823474,0.1509404449113236,0.1517590489714642,0.1506925544595665,0.1720981286849928,0.0019873217283061,0.0700283227622636,0,1,0,1,false_negative,"(0.1, 0.2]",Q4_high
0.1347162635287659,0.1011572423236678,0.1111966467760254,0.1109442544269171,0.0790703415293689,0.077034291447805,0.1023531733387583,0.0003405642273729,0.0378973951233937,0,1,0,1,false_negative,"(0.1, 0.2]",Q2
0.233046944754932,0.1282922238254587,0.1772035683689228,0.1754081588224573,0.1215625838246042,0.1648830572643831,0.1667327561434597,0.001157701787093,0.063336525605911,0,1,0,1,false_negative,"(0.1, 0.2]",Q4_high
0.2118715311297182,0.14141600575197,0.1969696312757028,0.1765827659601398,0.1263271421681896,0.1511083601523343,0.1673792394063424,0.0007948522737067,0.0610793839991847,0,1,0,1,false_negative,"(0.1, 0.2]",Q3
0.1554737891241253,0.1716614130033565,0.1743460697916081,0.2063797257040952,0.1604142476890722,0.1632290057713797,0.1719173751806062,0.0002388312721754,0.0585887692298321,0,1,0,1,false_negative,"(0.1, 0.2]",Q1_low
0.1882316734389004,0.1411877299652897,0.1631778989225266,0.1598279985646754,0.1497410462037889,0.1311106137274601,0.1555461601371069,0.0002831257357323,0.0537065682321635,0,1,0,1,false_negative,"(0.1, 0.2]",Q2
0.1570403665319152,0.1477779563422472,0.1274872642714329,0.1608439343936666,0.136842536569961,0.1386030154808382,0.1447658455983435,0.0001167928983256,0.0488946318365007,0,1,0,1,false_negative,"(0.1, 0.2]",Q1_low
0.2243781667159901,0.1461741893790026,0.178203115317402,0.159485611318479,0.1489102767532065,0.1544789904958913,0.1686050583299952,0.0006252143894961,0.060277042894106,0,1,0,1,false_negative,"(0.1, 0.2]",Q3
0.2808506227383789,0.180018264614701,0.2123816939948323,0.2095550665752995,0.1420237083272214,0.1619767233301174,0.1978010132634251,0.0017083864712096,0.0755020560940683,0,1,0,1,false_negative,"(0.1, 0.2]",Q4_high
0.1518431962647978,0.159415698240278,0.1881005767459428,0.2128714630392575,0.1251971724562114,0.1284000632104323,0.1609713616594866,0.000836577203199,0.0594703665346736,0,1,0,1,false_negative,"(0.1, 0.2]",Q3
0.2265601531461926,0.1796649106148512,0.1768512211455938,0.1502418889883379,0.1694508341110126,0.1897638445879756,0.1820888087656606,0.0004634084221262,0.0633523596133061,0,1,0,1,false_negative,"(0.1, 0.2]",Q2
0.2424588074395008,0.1443649704855041,0.187179754761483,0.2032806252878093,0.1886753365844377,0.1641353106801938,0.1883491342064881,0.0008104565610813,0.0674977843052402,0,1,0,1,false_negative,"(0.1, 0.2]",Q3
0.1451135573975662,0.1340198219373465,0.1493399249364665,0.1489107708033746,0.1175907412487874,0.1093980409064461,0.1340621428716646,0.0002079504182187,0.0462776669412811,0,1,0,1,false_negative,"(0.1, 0.2]",Q1_low
0.1819902794029901,0.1296525370935791,0.1564400071759317,0.1500098287542464,0.1346233380100316,0.1290055985600059,0.1469535981661308,0.0003000563218595,0.0511361514996395,0,1,0,1,false_negative,"(0.1, 0.2]",Q2
0.1949942115145349,0.2136536342027971,0.1591924733735616,0.1517645035816891,0.2145723957582496,0.2086696342285154,0.1904744754432246,0.0005637857938134,0.0666186083654746,0,1,0,1,false_negative,"(0.1, 0.2]",Q3
0.2261419407687825,0.1618483178160749,0.1968217179467974,0.197738336005175,0.173785191818583,0.1977487580363806,0.1923473770652989,0.0003564395647342,0.0659052653674124,0,1,0,1,false_negative,"(0.1, 0.2]",Q2
0.1787397312219684,0.1833868207164296,0.1556461311139799,0.183667363421077,0.1856893034902551,0.1969239161025195,0.1806755443443716,0.0001336668950885,0.0606801209102061,0,1,0,1,false_negative,"(0.1, 0.2]",Q1_low
0.1002277324484897,0.0914185949941106,0.1149052788362063,0.1403627006054923,0.0696794449212426,0.0643578752690831,0.0968252711791041,0.0005791758583425,0.0389865810485306,0,1,0,1,false_negative,"(-0.001, 0.1]",Q3
0.1029140562128057,0.0975369025468791,0.0960965038554739,0.1099419279627781,0.0755204112933577,0.0623354107850289,0.0907242021093872,0.0002328952530537,0.0331575006802241,0,1,0,1,false_negative,"(-0.001, 0.1]",Q1_low
0.2220816904423947,0.1720042860736882,0.1485659141391459,0.1425004547275545,0.2011221085439595,0.1541657874576667,0.1734067068974016,0.0007259769549476,0.0624230965532887,0,1,0,1,false_negative,"(0.1, 0.2]",Q3
0.1611176694332039,0.2284646482772074,0.1588403860371246,0.1365034211272385,0.2370420247171215,0.2025548931370146,0.187420507121485,0.0012110254870814,0.0696571093632986,0,1,0,1,false_negative,"(0.1, 0.2]",Q4_high
0.1856063885053316,0.1770150593163032,0.2036385038315876,0.2095896708768028,0.1860140524597968,0.2011585035860637,0.1938370297626477,0.0001156770991468,0.0648524352492661,0,1,0,1,false_negative,"(0.1, 0.2]",Q1_low
0.192373105028345,0.1490453829042215,0.2124977985542339,0.1920193979022464,0.1291593709206948,0.1441775584639103,0.1698787689622753,0.0007950336944092,0.0618272610802487,0,1,0,1,false_negative,"(0.1, 0.2]",Q3
0.1845229176137738,0.1723367487966237,0.1856882011637679,0.2042294904930194,0.183991813046088,0.1805758692583438,0.1852241733952695,7.873147365605958e-05,0.0617910801075873,0,1,0,1,false_negative,"(0.1, 0.2]",Q1_low
0.1858575665875595,0.1664186181486114,0.1712445001565603,0.148119384135032,0.1701553435538952,0.1715780487819373,0.1688955768939326,0.0001056849589298,0.0566442504579128,0,1,0,1,false_negative,"(0.1, 0.2]",Q1_low
0.2047726425680143,0.1707698364311455,0.1762646975828713,0.1769743652188853,0.2072963263463676,0.1854608611621121,0.186923121551566,0.0001727599219741,0.0629737592439349,0,1,0,1,false_negative,"(0.1, 0.2]",Q1_low
0.1725713434906205,0.1586319826703032,0.2000314946574213,0.2446486945663003,0.1613126233928762,0.1522820045941683,0.1815796905619483,0.0008850034813741,0.0659206654494363,0,1,0,1,false_negative,"(0.1, 0.2]",Q3
0.214059339489665,0.1602458814958753,0.1610181873987931,0.1635513067745148,0.170863750104543,0.1699808594584354,0.1732865541203044,0.0002992235183809,0.0594543986060417,0,1,0,1,false_negative,"(0.1, 0.2]",Q2
0.1528234418459327,0.1254507057671409,0.1548942646649432,0.1519165591062163,0.1316682849978354,0.1288945277644359,0.1409412973577507,0.0001324855526356,0.0477966135897354,0,1,0,1,false_negative,"(0.1, 0.2]",Q1_low
0.1887746066480257,0.1728522865911538,0.2112058301242539,0.2186026746276693,0.1950835369483435,0.1947391740549716,0.1968763514990696,0.0001897061071614,0.0663116455328662,0,1,0,1,false_negative,"(0.1, 0.2]",Q1_low
0.099586008469827,0.0968186868715453,0.0883948762217476,0.0884267287611181,0.0784429486613665,0.0824450422657635,0.0890190485418947,4.690098302876309e-05,0.0301140427007969,0,1,0,1,false_negative,"(-0.001, 0.1]",Q1_low
0.1426459916486841,0.1507888344966193,0.1507784681752666,0.1496623541281282,0.1459574042356975,0.1381733798267411,0.1463344054185228,1.871653422150519e-05,0.048558291582807,0,1,0,1,false_negative,"(0.1, 0.2]",Q1_low
0.1130174874605273,0.1104468770921655,0.1144746316222463,0.1104857162204529,0.0935845711861007,0.0887076617951619,0.1051194908961091,8.70681332579989e-05,0.035816041335048,0,1,0,1,false_negative,"(0.1, 0.2]",Q1_low
0.2421922884085998,0.1661259972398709,0.2260029826375377,0.1792139718002556,0.1694074752642934,0.1708103591680307,0.1922921790864313,0.0007810465743866,0.068519409350788,0,1,0,1,false_negative,"(0.1, 0.2]",Q3
0.1148647627008629,0.1004479388538587,0.1049606337166046,0.1177976594227287,0.0697535970276048,0.0883097459479402,0.0993557229449333,0.0002302203945993,0.0357231977520732,0,1,0,1,false_negative,"(-0.001, 0.1]",Q1_low
0.1170156857751846,0.1366061197269687,0.1560567168034639,0.1619487509746579,0.113621551630317,0.1292319412349934,0.1357467943575976,0.0002832282894408,0.0474857591040465,0,1,0,1,false_negative,"(0.1, 0.2]",Q2
0.2856918278450062,0.167072429122518,0.16262512395874,0.1628136057735447,0.1848398709377039,0.1866111059604161,0.1916089939329881,0.0015990945225519,0.0731304086013319,0,1,0,1,false_negative,"(0.1, 0.2]",Q4_high
0.1624988334051691,0.1244058967470921,0.1203398108335253,0.1422888710064076,0.1153889194508761,0.1198522835608001,0.1307957691673117,0.0002349234430832,0.0454970215141612,0,1,0,1,false_negative,"(0.1, 0.2]",Q1_low
0.2199165469780999,0.1649395810820365,0.172466769414988,0.157523007283529,0.1650656206280428,0.1469800127828901,0.1711485896949311,0.000460768880282,0.0599144419303698,0,1,0,1,false_negative,"(0.1, 0.2]",Q2
0.2421440483080957,0.1649190017807977,0.1794349846213988,0.1915921238903884,0.1514964830723092,0.1762040488587581,0.184298448421958,0.0007057165136244,0.0656058499713828,0,1,0,1,false_negative,"(0.1, 0.2]",Q3
0.1513938313854279,0.1578150046447733,0.1574655482414975,0.1660481986217371,0.1390894025469099,0.1826100214434416,0.1590703344806312,0.000152160711837,0.053808964974037,0,1,0,1,false_negative,"(0.1, 0.2]",Q1_low
0.0968768232329723,0.1202453621509558,0.1062968086823958,0.13664264497227,0.1121178673935695,0.1005730900122684,0.1121254327407386,0.0001524252256167,0.038790602421529,0,1,0,1,false_negative,"(0.1, 0.2]",Q1_low
0.1892518577683914,0.1580242637789165,0.2324293464295633,0.240399166481344,0.1704613701413468,0.1955645468040522,0.1976884252339357,0.0007744833980791,0.0701334413054164,0,1,0,1,false_negative,"(0.1, 0.2]",Q3
0.1860587944664091,0.1728160357731168,0.1587205453877347,0.1827483386149526,0.1881762957582931,0.1562010562840142,0.1741201777140867,0.0001392135085396,0.0585877530690425,0,1,0,1,false_negative,"(0.1, 0.2]",Q1_low
0.1635548106713981,0.1137995196195525,0.1093100359361331,0.1116576247720883,0.1077781389164746,0.1012347198955787,0.1178891416352042,0.0003705876190321,0.0428345619126952,0,1,0,1,false_negative,"(0.1, 0.2]",Q2
0.2265454084613181,0.1618714558514716,0.2271968042425596,0.2132223401599686,0.1765654135169736,0.1843951117815535,0.1982994223356409,0.0005497545175948,0.0689792508250154,0,1,0,1,false_negative,"(0.1, 0.2]",Q3
0.2042043035594067,0.126945596279645,0.1738961792504019,0.1505995683698001,0.1139380110246414,0.1475669707220745,0.1528584382009949,0.0007569087981273,0.0565037359691225,0,1,0,1,false_negative,"(0.1, 0.2]",Q3
0.1842401960459508,0.1956725018327442,0.21780031392955,0.1973395310416557,0.2150287323731504,0.1593385867566202,0.1949033103299452,0.0003306262546088,0.0665588057632193,0,1,0,1,false_negative,"(0.1, 0.2]",Q2
0.2048916453118247,0.1699830844143408,0.2248440239487254,0.2216588967319966,0.1685537959521574,0.1750751254089977,0.1941677619613404,0.0004881856954148,0.0673053729724024,0,1,0,1,false_negative,"(0.1, 0.2]",Q2
0.2580495960726366,0.1703025171663534,0.1386397836496618,0.1449472567090522,0.1889630267441081,0.1771871404686987,0.1796815534684185,0.0013161117867394,0.0680535032577208,0,1,0,1,false_negative,"(0.1, 0.2]",Q4_high
0.148805673518279,0.1394351493527797,0.1408723550506053,0.1587916309584412,0.124286420657445,0.15888536726098,0.1451794327997551,0.0001249085524786,0.0490982089749447,0,1,0,1,false_negative,"(0.1, 0.2]",Q1_low
0.1579137726124978,0.0978708682271312,0.0981622305516824,0.1161173305651899,0.0780019511655501,0.0820626258407318,0.1050214631604639,0.000610865284576,0.0415555852477023,0,1,0,1,false_negative,"(0.1, 0.2]",Q3
0.1759184264636945,0.1360201885785103,0.1361239423046418,0.1271056208146402,0.1298655405583754,0.1433277281143482,0.1413935744723684,0.0002270556914469,0.0487677885644849,0,1,0,1,false_negative,"(0.1, 0.2]",Q1_low
0.236373487483282,0.1580421306918181,0.1988017597623599,0.1752685690527911,0.1481053081370068,0.2126045395585367,0.1881992991142991,0.0008161381510882,0.0674873691363907,0,1,0,1,false_negative,"(0.1, 0.2]",Q3
0.2309845031864404,0.1488324450587751,0.1455376814405388,0.1642709036571341,0.1296848854970128,0.1443768883860471,0.1606145512043247,0.0009359621424128,0.0600643720583303,0,1,0,1,false_negative,"(0.1, 0.2]",Q3
0.2143307194859539,0.1835742529137151,0.2102341125594288,0.214323643493864,0.1893779440397069,0.1875302360017052,0.199895151415729,0.000150476519827,0.0670485168501138,0,1,0,1,false_negative,"(0.1, 0.2]",Q1_low
0.1840086324163199,0.1341728737936743,0.1362390496105229,0.1384802541026921,0.1216714992103059,0.1371234337916762,0.1419492904875319,0.0003297970966176,0.0498217453416245,0,1,0,1,false_negative,"(0.1, 0.2]",Q2
0.1503287091758516,0.1347570801649414,0.1555441376165041,0.1677986879112065,0.1180783879460048,0.1436597710097834,0.145027795637382,0.0002129766186462,0.0498005417415619,0,1,0,1,false_negative,"(0.1, 0.2]",Q1_low
0.1052163413019861,0.1181368397142526,0.116649374465541,0.1342608838446615,0.0934510125492307,0.0785243593566183,0.107706468538715,0.0002792742052793,0.0388151810813353,0,1,0,1,false_negative,"(0.1, 0.2]",Q2
0.1040089608843302,0.1952390447463719,0.1948908243917547,0.2190193960311352,0.1763056088984842,0.2074191714023466,0.1828138343924038,0.0012098671329195,0.068306817686151,0,1,0,1,false_negative,"(0.1, 0.2]",Q4_high
0.1732741525010964,0.1671752760009353,0.1526033512060711,0.1862693545787663,0.1570969533480676,0.1551827038391476,0.1652669652456807,0.0001196665140638,0.0555676300691364,0,1,0,1,false_negative,"(0.1, 0.2]",Q1_low
0.1205492149384584,0.1171032045109857,0.0977613285642463,0.1220649730058832,0.1013964953133377,0.108718475382294,0.1112656152858676,7.473457260228288e-05,0.0376515727888351,0,1,0,1,false_negative,"(0.1, 0.2]",Q1_low
0.1695431343890114,0.1080927324977031,0.1043158168935996,0.1119571267607445,0.0862178629562002,0.107683870983133,0.1146350907467319,0.0005753161290783,0.0438899775947614,0,1,0,1,false_negative,"(0.1, 0.2]",Q3
0.2218458023752874,0.165859265743875,0.1913963995508702,0.1967482996267395,0.1659026115231353,0.187128062661716,0.1881467402469372,0.0003161063405878,0.0643069281245886,0,1,0,1,false_negative,"(0.1, 0.2]",Q2
0.1889476425430873,0.1541388760352046,0.1988441856922807,0.1855041246251091,0.1589953438314869,0.1479032917058076,0.1723889107388294,0.000322582706818,0.0593338515676795,0,1,0,1,false_negative,"(0.1, 0.2]",Q2
0.1803117143000367,0.1781585186992708,0.2108076840978089,0.2349298540530893,0.1931035319202058,0.1736017363493442,0.1951521732366259,0.0004007143841029,0.0670746925759432,0,1,0,1,false_negative,"(0.1, 0.2]",Q2
0.1915450793485618,0.1933916524779302,0.2079409866061138,0.1850760151867244,0.2172732529702962,0.1940519070564139,0.1982131489410067,0.0001022183698255,0.0661980709680105,0,1,0,1,false_negative,"(0.1, 0.2]",Q1_low
0.1221072352947015,0.1473803959730172,0.1354846926031201,0.1329731323980892,0.156744532951266,0.1417659206263879,0.1394093183077636,0.0001036843675637,0.0470453142784859,0,1,0,1,false_negative,"(0.1, 0.2]",Q1_low
0.1792595009796909,0.1424376704201486,0.1768430425317784,0.2391621568850918,0.1436172794361085,0.1759501741002743,0.1762116373921821,0.0008822282039964,0.0642975980679573,0,1,0,1,false_negative,"(0.1, 0.2]",Q3
0.2001674306453236,0.1581886664774364,0.2056041222960061,0.2454017856427922,0.148923707136016,0.1768165224802914,0.1891837057796443,0.0008978931384121,0.0682874034921597,0,1,0,1,false_negative,"(0.1, 0.2]",Q3
0.2170785108536266,0.1595728627014951,0.1841851605336823,0.1802047050123191,0.1780097215334259,0.1635158358494173,0.1804277994139944,0.0002977474543222,0.0617203505203868,0,1,0,1,false_negative,"(0.1, 0.2]",Q2
0.1322762145698419,0.1317979754967625,0.1454435100945767,0.1426469288914319,0.1266128978002109,0.1256892263242621,0.134077792196181,4.816365412928405e-05,0.044798987488747,0,1,0,1,false_negative,"(0.1, 0.2]",Q1_low
0.1923789281906494,0.1653143805524052,0.1888988875548463,0.1877609658168747,0.1379666176036434,0.1670044176007553,0.1732206995531957,0.0003097521403027,0.0595075481036231,0,1,0,1,false_negative,"(0.1, 0.2]",Q2
0.1147381717068351,0.1185623746236775,0.1277246562090645,0.1553415904222457,0.1008913015669922,0.1061800689995916,0.1205730272547345,0.000270373516869,0.0426559668340919,0,1,0,1,false_negative,"(0.1, 0.2]",Q2
0.1974506141936147,0.1401268080564831,0.1412086987320672,0.1515600438775461,0.1575167902987511,0.1473384068404968,0.1558668936664932,0.0003265464268809,0.0541462425464113,0,1,0,1,false_negative,"(0.1, 0.2]",Q2
0.1681309381945139,0.1472733446861448,0.2219786560852438,0.1722318274764354,0.143142904923642,0.1482945619307588,0.1668420388827898,0.0006227641833302,0.0597228920250895,0,1,0,1,false_negative,"(0.1, 0.2]",Q3
0.1529288010138059,0.1582330111373816,0.1421676240566836,0.1539532252844164,0.1393820929001965,0.1759454018528319,0.1537683593742193,0.0001220050121541,0.0518535642672445,0,1,0,1,false_negative,"(0.1, 0.2]",Q1_low
0.1160964002270224,0.1143457322547188,0.1092243568718521,0.1054731849108578,0.0840083157020414,0.0828728349762345,0.1020034708237878,0.0001578470033352,0.0356736838024571,0,1,0,1,false_negative,"(0.1, 0.2]",Q1_low
0.1611695735969455,0.1662209741878114,0.150859568542854,0.1797166261967432,0.1574882632821021,0.151373105408145,0.1611380185357669,8.361755322307013e-05,0.0539461860780337,0,1,0,1,false_negative,"(0.1, 0.2]",Q1_low
0.1245742884135165,0.1088615712618075,0.1109187547856619,0.1113887631961625,0.0966318832242004,0.0972730848506421,0.1082747242886652,7.70428762847334e-05,0.036712899834614,0,1,0,1,false_negative,"(0.1, 0.2]",Q1_low
0.1538266355558375,0.1625329067993154,0.1532967654715595,0.170915199520778,0.165340622495524,0.1697473721293099,0.1626099169953874,4.1609212980887376e-05,0.0541019435293191,0,1,0,1,false_negative,"(0.1, 0.2]",Q1_low
0.1770843536249306,0.1878209486197085,0.1609164573160571,0.1622481218637586,0.2064233344565526,0.1893123254316026,0.180634256885435,0.0002187824753995,0.061250002865888,0,1,0,1,false_negative,"(0.1, 0.2]",Q1_low
0.2090692954429991,0.1655571329420617,0.2286542523194054,0.1957533663257434,0.1675095687297708,0.16171452916319,0.1880430241538617,0.0005387504367945,0.0657023345636932,0,1,0,1,false_negative,"(0.1, 0.2]",Q3
0.158224403205408,0.1521502993185854,0.141983604314952,0.1403900325495254,0.1459149068999731,0.1465431775497656,0.1475344039730349,3.157732770032661e-05,0.0490643578358064,0,1,0,1,false_negative,"(0.1, 0.2]",Q1_low
0.1831776833802909,0.1448930096093047,0.1905497651567069,0.2208517242093974,0.1390847132932198,0.1480914712060751,0.1711080611424991,0.0007486535425596,0.0618820567551639,0,1,0,1,false_negative,"(0.1, 0.2]",Q3
0.098732810933481,0.1066612118848857,0.1057142936039282,0.1184715627405958,0.0876321462973835,0.0807025829498036,0.0996524347350129,0.000134922656245,0.0346594628182,0,1,0,1,false_negative,"(-0.001, 0.1]",Q1_low
0.1991403204439471,0.1680247244313283,0.1986356320600213,0.2408478047255041,0.1720943686782497,0.1629746749157832,0.190286254209139,0.0006110028229601,0.0668549111187611,0,1,0,1,false_negative,"(0.1, 0.2]",Q3
0.2349405794162284,0.1521273567790795,0.207037430335449,0.1883481301868236,0.17810848687485,0.175563358247595,0.1893542236400043,0.0005849025765672,0.0664021296146419,0,1,0,1,false_negative,"(0.1, 0.2]",Q3
0.1909764000107979,0.1488713389035297,0.1822380611600011,0.2031255335090976,0.165927905420657,0.1642126765965498,0.1758919859334389,0.0002821832664801,0.0601656414710652,0,1,0,1,false_negative,"(0.1, 0.2]",Q2
0.1069407552353541,0.1377263098231233,0.1673939792189085,0.230410868361207,0.0951687712904793,0.1124497722494051,0.1416817426964129,0.0018249318732051,0.061124319734834,0,1,0,1,false_negative,"(0.1, 0.2]",Q4_high
0.2051457284457734,0.1623665116749958,0.168907985565499,0.1782791855789016,0.1579149726338248,0.2147720137300627,0.1812310662715096,0.0003938556833832,0.0626212068964215,0,1,0,1,false_negative,"(0.1, 0.2]",Q2
0.2009323328584579,0.1641075453820565,0.1658216060876392,0.1559899202911499,0.1747377068558775,0.1815146918146622,0.1738506338816405,0.0001816201789603,0.058802797321988,0,1,0,1,false_negative,"(0.1, 0.2]",Q1_low
0.249590060668108,0.1623201764175001,0.1770566483769102,0.2112250149263793,0.1790082065155645,0.2019388999863731,0.1968565011484725,0.0007023523975351,0.069447246702016,0,1,0,1,false_negative,"(0.1, 0.2]",Q3
0.2154783243575019,0.1377323617951668,0.1881963303433209,0.2692006369982191,0.1495877114500308,0.131913489992837,0.1820181424895127,0.0020402829364976,0.0729940123773926,0,1,0,1,false_negative,"(0.1, 0.2]",Q4_high
0.1486894893520905,0.1034992138522374,0.1536263623432932,0.184103764144997,0.0877990087004874,0.1036098300556136,0.1302212780747865,0.0010020117033374,0.0519909828416678,0,1,0,1,false_negative,"(0.1, 0.2]",Q3
0.1741753495249552,0.1262161297321218,0.1305092612909311,0.1374269715804421,0.1165806016739113,0.1204258831251251,0.1342223661545811,0.0003122817347833,0.0472710191530389,0,1,0,1,false_negative,"(0.1, 0.2]",Q2
0.1772508499234159,0.1548295637553063,0.1876573441111553,0.1762632156502048,0.1472848534462443,0.1658727562046429,0.1681930971818283,0.0001638784670494,0.056845998450317,0,1,0,1,false_negative,"(0.1, 0.2]",Q1_low
0.2178014042079461,0.1366429298886091,0.1711940566299786,0.1687542053971809,0.1452449172084849,0.1882377285879664,0.1713125403200276,0.000619391205944,0.0610633592076511,0,1,0,1,false_negative,"(0.1, 0.2]",Q3
0.1931363054555434,0.1288472547233831,0.1246329530837298,0.1484902058289919,0.1150825190430069,0.1443170873776416,0.1424177209187161,0.0005515037520912,0.0518058839456978,0,1,0,1,false_negative,"(0.1, 0.2]",Q3
0.1752066558901548,0.1554095984367341,0.2261702535104163,0.2786420076504123,0.1432225835972601,0.1853700052637594,0.1940035173914561,0.0018134894710163,0.0750119217817796,0,1,0,1,false_negative,"(0.1, 0.2]",Q4_high
0.1808157637356251,0.1370477747796407,0.1348524911164402,0.152380357840823,0.1296369460018436,0.1423257757981817,0.1461765182120924,0.0002483311669905,0.050462206738583,0,1,0,1,false_negative,"(0.1, 0.2]",Q1_low
0.0911497681948549,0.1186027158595068,0.1220540762024618,0.1251273346433964,0.1127288284842308,0.1137072963485112,0.113895003288827,0.000104805601881,0.0388318847189351,0,1,0,1,false_negative,"(0.1, 0.2]",Q1_low
0.1848960694950753,0.2182078389955253,0.1947338658339906,0.1721007954986043,0.1982508343337293,0.1891329777866321,0.1928870636572595,0.0001690486386097,0.0648855190112803,0,1,0,1,false_negative,"(0.1, 0.2]",Q1_low
0.1504957785991199,0.1566412691730966,0.1561893425316052,0.213586173530811,0.1472932403153898,0.1359560477725626,0.1600269753204309,0.00053245420223,0.0569932769050373,0,1,0,1,false_negative,"(0.1, 0.2]",Q3
0.1829107351175509,0.1874184248825867,0.1980965488891777,0.2060847081595798,0.1915863363596603,0.162868875657083,0.1881609381776064,0.0001570736611416,0.0632720189607696,0,1,0,1,false_negative,"(0.1, 0.2]",Q1_low
0.2743026471154189,0.1615767108533674,0.167835849399243,0.17371037287678,0.1734827579723138,0.2038215070194865,0.1924549742061016,0.0012998733072316,0.0716518070910651,0,1,0,1,false_negative,"(0.1, 0.2]",Q4_high
0.173547137357645,0.1563488874072719,0.1707380662729546,0.1681608001156762,0.16565263684795,0.1621420657796507,0.1660982656301914,2.7452566646139134e-05,0.0551410051018767,0,1,0,1,false_negative,"(0.1, 0.2]",Q1_low
0.2459913725697112,0.1525068380766597,0.1620559311205368,0.2799827592417004,0.1613021283325186,0.1819105440449641,0.1972915955643485,0.001998363125741,0.076941989257303,0,1,0,1,false_negative,"(0.1, 0.2]",Q4_high
0.1977486888504726,0.1363354953152026,0.1643005801489572,0.1813961124512362,0.1349146203778034,0.1634557783485789,0.1630252125820418,0.000435366873905,0.0572042325835754,0,1,0,1,false_negative,"(0.1, 0.2]",Q2
0.1841066680235749,0.1677633914406308,0.225133732287799,0.1958936847532968,0.1662267775722464,0.1632488140624109,0.1837288446899931,0.0004061629295117,0.0634915796075111,0,1,0,1,false_negative,"(0.1, 0.2]",Q2
0.204874096204379,0.1333472986911058,0.1385186753722728,0.1413665150974883,0.1310367540529486,0.1404000235254386,0.1482572271572722,0.000561196781996,0.0536373589359714,0,1,0,1,false_negative,"(0.1, 0.2]",Q3
0.2721822801770726,0.1768622895983437,0.1376987125092692,0.1473608848477004,0.2125407526227122,0.1981454310540548,0.1907983918015255,0.0017215220604145,0.0735968403364844,0,1,0,1,false_negative,"(0.1, 0.2]",Q4_high
0.1494018223188688,0.1399123997061131,0.1479538434168954,0.1421111764861998,0.1427892749465305,0.1361645909237268,0.143055517966389,1.7513700747940892e-05,0.0474670711342294,0,1,0,1,false_negative,"(0.1, 0.2]",Q1_low
0.186622961232668,0.187724635834716,0.19647542291386,0.1914255698781355,0.196389385400699,0.1729091276841922,0.1885911838240451,5.450837264566143e-05,0.0627339390302437,0,1,0,1,false_negative,"(0.1, 0.2]",Q1_low
0.0918964535544595,0.113188898166201,0.109452431347853,0.1311878280178815,0.1030384751780292,0.0890070105414434,0.1062951828009779,0.0001705636806213,0.0371627774121163,0,1,0,1,false_negative,"(0.1, 0.2]",Q1_low
0.0893205959227775,0.1033417171913419,0.1136598370720831,0.1404181199887099,0.0782655053728863,0.1020431274147683,0.1045081504937612,0.0003285792026531,0.0384004632274646,0,1,0,1,false_negative,"(0.1, 0.2]",Q2
0.2426782607456803,0.1865881634609136,0.1940947045257502,0.1700516344769328,0.1841920933088357,0.2214392291750444,0.1998406809488595,0.0005203523682835,0.0692865298870119,0,1,0,1,false_negative,"(0.1, 0.2]",Q2
0.1118069440037577,0.1251275183267665,0.1257697590068584,0.1398461527359173,0.1101897971669403,0.1289204558409493,0.1236101045135316,8.831357037254849e-05,0.0417860977564423,0,1,0,1,false_negative,"(0.1, 0.2]",Q1_low
0.2189729564322501,0.1666801121320567,0.151825771001077,0.1535757481729827,0.153229350806942,0.1511729310444484,0.1659094782649595,0.0005063928223397,0.0586122404516265,0,1,0,1,false_negative,"(0.1, 0.2]",Q2
0.2346904088600341,0.1577511770827664,0.1856521670596871,0.2043026745040233,0.1633755222994445,0.1574231544548803,0.1838658507101393,0.0006864337609007,0.0653503995501704,0,1,0,1,false_negative,"(0.1, 0.2]",Q3
0.1494119337223514,0.113677842931187,0.1036873048980682,0.1095597695123143,0.1007317579393214,0.0948680232569277,0.1119894387100283,0.0002711429719223,0.0400294519787536,0,1,0,1,false_negative,"(0.1, 0.2]",Q2
0.2102924541871003,0.1447322280131724,0.1410247823945239,0.1572457528784504,0.1177094075219641,0.1810243539982006,0.158671496498902,0.0007642869591222,0.0582750586501371,0,1,0,1,false_negative,"(0.1, 0.2]",Q3
0.1424263602625131,0.2310571045580839,0.1676669167685592,0.1668236144985027,0.2346924870796293,0.1944722208192414,0.1895231173310883,0.0010001290202916,0.069010149274826,0,1,0,1,false_negative,"(0.1, 0.2]",Q3
0.2413722656451239,0.1844862215164271,0.1710434113054394,0.1849743351463485,0.2285435879099145,0.1611814726454676,0.1952668823614535,0.0007433994831188,0.0692037377956024,0,1,0,1,false_negative,"(0.1, 0.2]",Q3
0.1738958040196006,0.1192134335596153,0.1571543050156956,0.1691561824906704,0.1114351620038416,0.1307299314495852,0.1435974697565014,0.0005070847773284,0.0517990038883482,0,1,0,1,false_negative,"(0.1, 0.2]",Q2
0.2088391672880747,0.2120454271466287,0.139190384807201,0.1622433426812415,0.2404204661244176,0.2230777721452861,0.1976360933654749,0.0010684952838168,0.0718404786883424,0,1,0,1,false_negative,"(0.1, 0.2]",Q4_high
0.2163818891856039,0.1684871487259427,0.2152757236744847,0.1973905843798722,0.1820314907056801,0.1736297077313858,0.1921994240671616,0.0003078212290937,0.0655499212799382,0,1,0,1,false_negative,"(0.1, 0.2]",Q2
0.0944434073059088,0.1205682920477051,0.1377106198248081,0.1420484525816346,0.1052637454527096,0.1067727186160662,0.1178012059714721,0.000259481814517,0.0416914597140193,0,1,0,1,false_negative,"(0.1, 0.2]",Q1_low
0.1125885286909507,0.1228295676881445,0.1254008415246789,0.1363947677385981,0.1185677284527448,0.1182439235141992,0.1223375596015527,4.760627938687377e-05,0.0409553454292041,0,1,0,1,false_negative,"(0.1, 0.2]",Q1_low
0.1937690219612509,0.181832309334956,0.1794262796609413,0.2094629036284761,0.1645998281052967,0.204533802876542,0.1889373575945772,0.0002030213974068,0.0638251696376136,0,1,0,1,false_negative,"(0.1, 0.2]",Q1_low
0.1261872051116159,0.1155330293680457,0.1444265221231455,0.150285457036605,0.1112537262293704,0.1178741199445271,0.1275933433022183,0.0001867375315025,0.0440320203307778,0,1,0,1,false_negative,"(0.1, 0.2]",Q1_low
0.1892600643207906,0.1824099502492568,0.230479844891792,0.1615504199058204,0.1867347759674832,0.2115806198760635,0.1936692792018678,0.0004145365704395,0.0666902608134464,0,1,0,1,false_negative,"(0.1, 0.2]",Q2
0.1632261184780929,0.150050840574468,0.1323288910207735,0.1377783690026745,0.1542157517536006,0.1281206994279075,0.1442867783762528,0.00013388572857,0.0488873059972477,0,1,0,1,false_negative,"(0.1, 0.2]",Q1_low
0.215793375059969,0.1701172393195973,0.1751933480599137,0.1548179494976335,0.1622214023569074,0.169880163268035,0.174670579593676,0.0003263067893798,0.0600838812649247,0,1,0,1,false_negative,"(0.1, 0.2]",Q2
0.1710404279149923,0.1673755942932471,0.1961275648340518,0.2506359838986812,0.1751484328479221,0.1695777595844493,0.1883176272288906,0.0007437504832863,0.0670747882178054,0,1,0,1,false_negative,"(0.1, 0.2]",Q3
0.1581876632593557,0.1498702667791971,0.142817895091621,0.1628538309895859,0.1488065395183969,0.1383927107237182,0.1501548177269791,5.998113763912797e-05,0.0501650655809236,0,1,0,1,false_negative,"(0.1, 0.2]",Q1_low
0.1402911284138871,0.1171118071912501,0.1385027886715281,0.1436871549282517,0.1009179796867872,0.1012413267502557,0.12362536427366,0.0002800939674073,0.0436934727897213,0,1,0,1,false_negative,"(0.1, 0.2]",Q2
0.1565651719796751,0.1962505705327269,0.2155037397474181,0.170048925894769,0.2072793834546004,0.2426420966685313,0.1980483147129535,0.0006980798102439,0.0697901179303369,0,1,0,1,false_negative,"(0.1, 0.2]",Q3
0.1764002398308977,0.205772503168218,0.180171016195356,0.2216718459378213,0.1440404097241819,0.2326272137617902,0.1934472047697108,0.0007702148639511,0.0688071341521986,0,1,0,1,false_negative,"(0.1, 0.2]",Q3
0.1927232697554194,0.1795022020031548,0.1593902502910645,0.1882678091206675,0.1676829099227932,0.1727779565644397,0.1767240662762565,0.0001135322879452,0.0592527390103175,0,1,0,1,false_negative,"(0.1, 0.2]",Q1_low
0.1959637346577924,0.1640421112384479,0.1978833002131713,0.2019966880495425,0.1631704929703225,0.1654550632244134,0.1814185650589483,0.0002565536116175,0.0617586940984933,0,1,0,1,false_negative,"(0.1, 0.2]",Q1_low
0.1147064955633134,0.1774836169675254,0.1408102934582123,0.2065540955642495,0.145140612925701,0.1440744321560429,0.1547949244391741,0.000743510754743,0.056975799231013,0,1,0,1,false_negative,"(0.1, 0.2]",Q3
0.1379114650297835,0.1424011711880433,0.1589569755990363,0.1321237140073446,0.1465897452075162,0.1547292726940545,0.1454520572876297,7.336529289812657e-05,0.048742500225193,0,1,0,1,false_negative,"(0.1, 0.2]",Q1_low
0.1158511903584598,0.1276167904027945,0.1409439812691197,0.1356990433120103,0.1342152406776592,0.1217125578023796,0.1293398006370705,6.313615655776893e-05,0.0433954952698298,0,1,0,1,false_negative,"(0.1, 0.2]",Q1_low
0.0944358401754012,0.1641824825282862,0.1464981247720739,0.1445621076762126,0.1890222787828256,0.158603089031876,0.1495506538277793,0.0007036989115879,0.0551269913137618,0,1,0,1,false_negative,"(0.1, 0.2]",Q3
